<panel name="">
	<widget class="DmglImage" name="minicard_01">
		<location>0.12109375,0.40625006,BOTTOM_LEFT</location>
		<size>0.51660156,0.35677084</size>
		<blending>true</blending>
		<texture>menus/ks_common_minicard_01.jpg</texture>
		<textureLocation>0.0,0.0</textureLocation>
		<textureSize>1.0,1.0</textureSize>
	</widget>
	<widget class="DmglImage" name="ripdown">
		<location>0.10253906,0.41145805,BOTTOM_LEFT</location>
		<size>0.5517578,0.3763021</size>
		<blending>true</blending>
		<texture>menus/ks_options_ripdown_01.png</texture>
		<textureLocation>0.0,0.0</textureLocation>
		<textureSize>1.0,1.0</textureSize>
	</widget>
	<widget class="DmglImage" name="ripup">
		<location>0.10253906,0.38151002,BOTTOM_LEFT</location>
		<size>0.5517578,0.3763021</size>
		<blending>true</blending>
		<texture>menus/ks_options_ripup_01.png</texture>
		<textureLocation>0.0,0.0</textureLocation>
		<textureSize>1.0,1.0</textureSize>
	</widget>
	<widget class="DmglImage" name="button_image_yes">
		<location>0.15527344,0.46223933,BOTTOM_LEFT</location>
		<size>0.203125,0.045572918</size>
		<blending>true</blending>
		<texture>menus/ks_common_legendbuttons_01.png</texture>
		<textureLocation>0.0,0.7265625</textureLocation>
		<textureSize>0.8125,0.2734375</textureSize>
	</widget>
	<widget class="DmglImage" name="button_image_no">
		<location>0.4013672,0.4622392,BOTTOM_LEFT</location>
		<size>0.203125,0.045572918</size>
		<blending>true</blending>
		<texture>menus/ks_common_legendbuttons_01.png</texture>
		<textureLocation>0.0,0.7265625</textureLocation>
		<textureSize>0.8125,0.2734375</textureSize>
	</widget>
	<widget class="DmglSimpleText" name="messagequestion_01">
		<label>Are you sure you want to delete your profile ?</label>
		<location>0.17675781,0.67968756,BOTTOM_LEFT</location>
		<size>0.4326172,0.16145833</size>
		<blending>true</blending>
		<font>ARMYC___.TTF</font>
		<fontScale>1.9</fontScale>
		<margins>1,1,1,1</margins>
		<maximumCharacterPerLine>19</maximumCharacterPerLine>
		<fontColor>0.3203125,0.2109375,0.72265625</fontColor>
		<backgroundColor>0.0,0.0,0.0,0.0</backgroundColor>
	</widget>
	<widget class="DmglButton" name="button_yes">
		<location>0.25683594,0.48567697,CENTER</location>
		<size>0.203125,0.045572918</size>
		<blending>true</blending>
		<mouseMotion>true</mouseMotion>
		<mouseSelection>true</mouseSelection>
		<visual type="BUTTON_ACTIVE" texture="menus/ks_common_legendbuttons_01.png" textureCoordinates="0.0,0.1953125,0.8125,0.2734375" />
		<visual type="BUTTON_INACTIVE" texture="menus/ks_common_legendbuttons_01.png" textureCoordinates="0.0,0.1953125,0.8125,0.2734375" />
		<visual type="BUTTON_PRESSED" texture="menus/ks_common_legendbuttons_01.png" textureCoordinates="0.0,0.46875,0.8046875,0.2578125" />
		<visual type="BUTTON_RELEASED" texture="menus/ks_common_legendbuttons_01.png" textureCoordinates="0.0,0.46875,0.80078125,0.2578125" />
	</widget>
	<widget class="DmglButton" name="button_no">
		<location>0.5029297,0.48567697,CENTER</location>
		<size>0.203125,0.045572918</size>
		<blending>true</blending>
		<mouseMotion>true</mouseMotion>
		<mouseSelection>true</mouseSelection>
		<visual type="BUTTON_ACTIVE" texture="menus/ks_common_legendbuttons_01.png" textureCoordinates="0.0,0.1953125,0.8125,0.2734375" />
		<visual type="BUTTON_INACTIVE" texture="menus/ks_common_legendbuttons_01.png" textureCoordinates="0.0,0.1953125,0.8125,0.2734375" />
		<visual type="BUTTON_PRESSED" texture="menus/ks_common_legendbuttons_01.png" textureCoordinates="0.0,0.46875,0.8046875,0.2578125" />
		<visual type="BUTTON_RELEASED" texture="menus/ks_common_legendbuttons_01.png" textureCoordinates="0.0,0.46875,0.8046875,0.2578125" />
	</widget>
	<widget class="DmglLabel" name="label_yes">
		<label>yes</label>
		<location>0.2548828,0.48307303,CENTER</location>
		<size>0.024414062,0.014322917</size>
		<blending>true</blending>
		<font>ARMYC___.TTF</font>
		<fontScale>0.94</fontScale>
		<fontColor>0.3203125,0.2109375,0.72265625,1.0</fontColor>
	</widget>
	<widget class="DmglLabel" name="label_no">
		<label>no</label>
		<location>0.5019531,0.48307297,CENTER</location>
		<size>0.016601562,0.014322917</size>
		<blending>true</blending>
		<font>ARMYC___.TTF</font>
		<fontScale>0.94</fontScale>
		<fontColor>0.3203125,0.2109375,0.72265625,1.0</fontColor>
	</widget>
</panel>