<panel name="">
	<widget class="DmglImage" name="background_01">
		<location>0.0,0.3333333,BOTTOM_LEFT</location>
		<size>0.5,0.6666667</size>
		<blending>false</blending>
		<texture>menus\ks_common_background_01.jpg</texture>
		<textureLocation>0.0,0.0</textureLocation>
		<textureSize>1.0,1.0</textureSize>
	</widget>
	<widget class="DmglImage" name="background_02">
		<location>0.5,0.3333333,BOTTOM_LEFT</location>
		<size>0.5,0.6666667</size>
		<blending>false</blending>
		<texture>menus\ks_common_background_02.jpg</texture>
		<textureLocation>0.0,0.0</textureLocation>
		<textureSize>1.0,1.0</textureSize>
	</widget>
	<widget class="DmglImage" name="background_03">
		<location>0.0,0.0,BOTTOM_LEFT</location>
		<size>0.5,0.33333334</size>
		<blending>false</blending>
		<texture>menus\ks_common_background_03.jpg</texture>
		<textureLocation>0.0,0.0</textureLocation>
		<textureSize>1.0,1.0</textureSize>
	</widget>
	<widget class="DmglImage" name="background_04">
		<location>0.5,0.0,BOTTOM_LEFT</location>
		<size>0.5,0.33333334</size>
		<blending>false</blending>
		<texture>menus\ks_common_background_04.jpg</texture>
		<textureLocation>0.0,0.0</textureLocation>
		<textureSize>1.0,1.0</textureSize>
	</widget>
	<widget class="DmglButton" name="legend_01_tour">
		<location>0.86328125,0.2135417,CENTER</location>
		<size>0.203125,0.045572918</size>
		<blending>true</blending>
		<mouseMotion>true</mouseMotion>
		<mouseSelection>true</mouseSelection>
		<visual type="BUTTON_ACTIVE" texture="menus\ks_common_legendbuttons_01.png" textureCoordinates="0.0,0.7265625,0.8125,0.2734375" />
		<visual type="BUTTON_INACTIVE" texture="menus\ks_common_legendbuttons_01.png" textureCoordinates="0.0,0.7265625,0.8125,0.2734375" />
		<visual type="BUTTON_PRESSED" texture="menus\ks_common_legendbuttons_01.png" textureCoordinates="0.0,0.7265625,0.8125,0.2734375" />
		<visual type="BUTTON_RELEASED" texture="menus\ks_common_legendbuttons_01.png" textureCoordinates="0.0,0.7265625,0.8125,0.2734375" />
	</widget>
	<widget class="DmglButton" name="legend_02_tour">
		<location>0.86328125,0.16536462,CENTER</location>
		<size>0.203125,0.045572918</size>
		<blending>true</blending>
		<mouseMotion>true</mouseMotion>
		<mouseSelection>true</mouseSelection>
		<visual type="BUTTON_ACTIVE" texture="menus\ks_common_legendbuttons_01.png" textureCoordinates="0.0,0.7265625,0.8125,0.2734375" />
		<visual type="BUTTON_INACTIVE" texture="menus\ks_common_legendbuttons_01.png" textureCoordinates="0.0,0.7265625,0.8125,0.2734375" />
		<visual type="BUTTON_PRESSED" texture="menus\ks_common_legendbuttons_01.png" textureCoordinates="0.0,0.7265625,0.8125,0.2734375" />
		<visual type="BUTTON_RELEASED" texture="menus\ks_common_legendbuttons_01.png" textureCoordinates="0.0,0.7265625,0.8125,0.2734375" />
	</widget>
	<widget class="DmglButton" name="legend_03_tour">
		<location>0.86328125,0.11848957,CENTER</location>
		<size>0.203125,0.045572918</size>
		<blending>true</blending>
		<mouseMotion>true</mouseMotion>
		<mouseSelection>true</mouseSelection>
		<visual type="BUTTON_ACTIVE" texture="menus\ks_common_legendbuttons_01.png" textureCoordinates="0.0,0.7265625,0.8125,0.2734375" />
		<visual type="BUTTON_INACTIVE" texture="menus\ks_common_legendbuttons_01.png" textureCoordinates="0.0,0.7265625,0.8125,0.2734375" />
		<visual type="BUTTON_PRESSED" texture="menus\ks_common_legendbuttons_01.png" textureCoordinates="0.0,0.7265625,0.8125,0.2734375" />
		<visual type="BUTTON_RELEASED" texture="menus\ks_common_legendbuttons_01.png" textureCoordinates="0.0,0.7265625,0.8125,0.2734375" />
	</widget>
	<widget class="DmglButton" name="legend_04_tour">
		<location>0.86328125,0.06901044,CENTER</location>
		<size>0.203125,0.045572918</size>
		<blending>true</blending>
		<mouseMotion>true</mouseMotion>
		<mouseSelection>true</mouseSelection>
		<visual type="BUTTON_ACTIVE" texture="menus\ks_common_legendbuttons_01.png" textureCoordinates="0.0,0.7265625,0.8125,0.2734375" />
		<visual type="BUTTON_INACTIVE" texture="menus\ks_common_legendbuttons_01.png" textureCoordinates="0.0,0.7265625,0.8125,0.2734375" />
		<visual type="BUTTON_PRESSED" texture="menus\ks_common_legendbuttons_01.png" textureCoordinates="0.0,0.7265625,0.8125,0.2734375" />
		<visual type="BUTTON_RELEASED" texture="menus\ks_common_legendbuttons_01.png" textureCoordinates="0.0,0.7265625,0.8125,0.2734375" />
	</widget>
	<widget class="DmglButton" name="legend_01_icon">
		<location>0.80078125,0.21354166,CENTER</location>
		<size>0.026367188,0.03515625</size>
		<blending>true</blending>
		<mouseMotion>true</mouseMotion>
		<mouseSelection>true</mouseSelection>
		<visual type="BUTTON_ACTIVE" texture="menus\ks_common_legendbuttons_01.png" textureCoordinates="0.89453125,0.7890625,0.10546875,0.2109375" />
		<visual type="BUTTON_INACTIVE" texture="menus\ks_common_legendbuttons_01.png" textureCoordinates="0.89453125,0.7890625,0.10546875,0.2109375" />
		<visual type="BUTTON_PRESSED" texture="menus\ks_common_legendbuttons_01.png" textureCoordinates="0.89453125,0.7890625,0.10546875,0.2109375" />
		<visual type="BUTTON_RELEASED" texture="menus\ks_common_legendbuttons_01.png" textureCoordinates="0.89453125,0.7890625,0.10546875,0.2109375" />
	</widget>
	<widget class="DmglButton" name="legend_02_icon">
		<location>0.79785156,0.16666666,CENTER</location>
		<size>0.03125,0.03515625</size>
		<blending>true</blending>
		<mouseMotion>true</mouseMotion>
		<mouseSelection>true</mouseSelection>
		<visual type="BUTTON_ACTIVE" texture="menus\ks_common_legendbuttons_01.png" textureCoordinates="0.875,0.15625,0.125,0.2109375" />
		<visual type="BUTTON_INACTIVE" texture="menus\ks_common_legendbuttons_01.png" textureCoordinates="0.875,0.15625,0.125,0.2109375" />
		<visual type="BUTTON_PRESSED" texture="menus\ks_common_legendbuttons_01.png" textureCoordinates="0.875,0.15625,0.125,0.2109375" />
		<visual type="BUTTON_RELEASED" texture="menus\ks_common_legendbuttons_01.png" textureCoordinates="0.875,0.15625,0.125,0.2109375" />
	</widget>
	<widget class="DmglButton" name="legend_03_icon">
		<location>0.80078125,0.1184896,CENTER</location>
		<size>0.026367188,0.03515625</size>
		<blending>true</blending>
		<mouseMotion>true</mouseMotion>
		<mouseSelection>true</mouseSelection>
		<visual type="BUTTON_ACTIVE" texture="menus\ks_common_legendbuttons_01.png" textureCoordinates="0.89453125,0.3671875,0.10546875,0.2109375" />
		<visual type="BUTTON_INACTIVE" texture="menus\ks_common_legendbuttons_01.png" textureCoordinates="0.89453125,0.3671875,0.10546875,0.2109375" />
		<visual type="BUTTON_PRESSED" texture="menus\ks_common_legendbuttons_01.png" textureCoordinates="0.89453125,0.3671875,0.10546875,0.2109375" />
		<visual type="BUTTON_RELEASED" texture="menus\ks_common_legendbuttons_01.png" textureCoordinates="0.89453125,0.3671875,0.10546875,0.2109375" />
	</widget>
	<widget class="DmglButton" name="legend_04_icon">
		<location>0.80078125,0.06901043,CENTER</location>
		<size>0.026367188,0.03515625</size>
		<blending>true</blending>
		<mouseMotion>true</mouseMotion>
		<mouseSelection>true</mouseSelection>
		<visual type="BUTTON_ACTIVE" texture="menus\ks_common_legendbuttons_01.png" textureCoordinates="0.89453125,0.578125,0.10546875,0.2109375" />
		<visual type="BUTTON_INACTIVE" texture="menus\ks_common_legendbuttons_01.png" textureCoordinates="0.89453125,0.578125,0.10546875,0.2109375" />
		<visual type="BUTTON_PRESSED" texture="menus\ks_common_legendbuttons_01.png" textureCoordinates="0.89453125,0.578125,0.10546875,0.2109375" />
		<visual type="BUTTON_RELEASED" texture="menus\ks_common_legendbuttons_01.png" textureCoordinates="0.89453125,0.578125,0.10546875,0.2109375" />
	</widget>
	<widget class="DmglButton" name="legend_01_label">
		<label>main menu</label>
		<location>0.83203125,0.20703171,BOTTOM_LEFT</location>
		<size>0.080078125,0.015625</size>
		<blending>true</blending>
		<mouseMotion>true</mouseMotion>
		<mouseSelection>true</mouseSelection>
		<visual type="BUTTON_ACTIVE" font="ARMYC___.TTF" fontColor="1.0,1.0,1.0,1.0" fontSize="0.74" />
		<visual type="BUTTON_INACTIVE" font="ARMYC___.TTF" fontColor="1.0,1.0,1.0,1.0" fontSize="0.74" />
		<visual type="BUTTON_PRESSED" font="ARMYC___.TTF" fontColor="1.0,1.0,1.0,1.0" fontSize="0.74" />
		<visual type="BUTTON_RELEASED" font="ARMYC___.TTF" fontColor="1.0,1.0,1.0,1.0" fontSize="0.74" />
	</widget>
	<widget class="DmglButton" name="legend_02_label">
		<label>reset</label>
		<location>0.83203125,0.1588546,BOTTOM_LEFT</location>
		<size>0.0625,0.020833334</size>
		<blending>true</blending>
		<mouseMotion>true</mouseMotion>
		<mouseSelection>true</mouseSelection>
		<visual type="BUTTON_ACTIVE" font="ARMYC___.TTF" fontColor="1.0,1.0,1.0,1.0" fontSize="0.74" />
		<visual type="BUTTON_INACTIVE" font="lucida" fontColor="1.0,1.0,1.0,1.0" fontSize="1.0" />
		<visual type="BUTTON_PRESSED" font="lucida" fontColor="1.0,1.0,1.0,1.0" fontSize="1.0" />
		<visual type="BUTTON_RELEASED" font="lucida" fontColor="1.0,1.0,1.0,1.0" fontSize="1.0" />
	</widget>
	<widget class="DmglButton" name="legend_03_label">
		<label>back</label>
		<location>0.83203125,0.11067739,BOTTOM_LEFT</location>
		<size>0.049804688,0.020833334</size>
		<blending>true</blending>
		<mouseMotion>true</mouseMotion>
		<mouseSelection>true</mouseSelection>
		<visual type="BUTTON_ACTIVE" font="ARMYC___.TTF" fontColor="1.0,1.0,1.0,1.0" fontSize="0.74" />
		<visual type="BUTTON_INACTIVE" font="ARMYC___.TTF" fontColor="1.0,1.0,1.0,1.0" fontSize="0.74" />
		<visual type="BUTTON_PRESSED" font="ARMYC___.TTF" fontColor="1.0,1.0,1.0,1.0" fontSize="0.74" />
		<visual type="BUTTON_RELEASED" font="ARMYC___.TTF" fontColor="1.0,1.0,1.0,1.0" fontSize="1.0" />
	</widget>
	<widget class="DmglButton" name="legend_04_label">
		<label>ok</label>
		<location>0.83203125,0.06250028,BOTTOM_LEFT</location>
		<size>0.024414062,0.020833334</size>
		<blending>true</blending>
		<mouseMotion>true</mouseMotion>
		<mouseSelection>true</mouseSelection>
		<visual type="BUTTON_ACTIVE" font="ARMYC___.TTF" fontColor="1.0,1.0,1.0,1.0" fontSize="0.74" />
		<visual type="BUTTON_INACTIVE" font="ARMYC___.TTF" fontColor="1.0,1.0,1.0,1.0" fontSize="0.74" />
		<visual type="BUTTON_PRESSED" font="ARMYC___.TTF" fontColor="1.0,1.0,1.0,1.0" fontSize="0.74" />
		<visual type="BUTTON_RELEASED" font="ARMYC___.TTF" fontColor="1.0,1.0,1.0,1.0" fontSize="0.74" />
	</widget>
	<widget class="DmglButton" name="legend_01_anim">
		<location>0.86328125,0.21354198,CENTER</location>
		<size>0.20117188,0.04296875</size>
		<blending>true</blending>
		<mouseMotion>true</mouseMotion>
		<mouseSelection>true</mouseSelection>
		<visual type="BUTTON_ACTIVE" texture="menus\ks_common_legendbuttons_01.png" textureCoordinates="0.0,0.46875,0.8046875,0.2578125" />
		<visual type="BUTTON_INACTIVE" texture="menus\ks_common_legendbuttons_01.png" textureCoordinates="0.0,0.46875,0.8046875,0.2578125" />
		<visual type="BUTTON_PRESSED" texture="menus\ks_common_legendbuttons_01.png" textureCoordinates="0.0,0.46875,0.8046875,0.2578125" />
		<visual type="BUTTON_RELEASED" texture="menus\ks_common_legendbuttons_01.png" textureCoordinates="0.0,0.46875,0.8046875,0.2578125" />
	</widget>
	<widget class="DmglButton" name="legend_02_anim">
		<location>0.86328125,0.1666666,CENTER</location>
		<size>0.20117188,0.04296875</size>
		<blending>true</blending>
		<mouseMotion>true</mouseMotion>
		<mouseSelection>true</mouseSelection>
		<visual type="BUTTON_ACTIVE" texture="menus\ks_common_legendbuttons_01.png" textureCoordinates="0.0,0.46875,0.8046875,0.2578125" />
		<visual type="BUTTON_INACTIVE" texture="menus\ks_common_legendbuttons_01.png" textureCoordinates="0.0,0.46875,0.8046875,0.2578125" />
		<visual type="BUTTON_PRESSED" texture="menus\ks_common_legendbuttons_01.png" textureCoordinates="0.0,0.46875,0.8046875,0.2578125" />
		<visual type="BUTTON_RELEASED" texture="menus\ks_common_legendbuttons_01.png" textureCoordinates="0.0,0.46875,0.8046875,0.2578125" />
	</widget>
	<widget class="DmglButton" name="legend_03_anim">
		<location>0.86328125,0.117187776,CENTER</location>
		<size>0.20117188,0.04296875</size>
		<blending>true</blending>
		<mouseMotion>true</mouseMotion>
		<mouseSelection>true</mouseSelection>
		<visual type="BUTTON_ACTIVE" texture="menus\ks_common_legendbuttons_01.png" textureCoordinates="0.0,0.46875,0.8046875,0.2578125" />
		<visual type="BUTTON_INACTIVE" texture="menus\ks_common_legendbuttons_01.png" textureCoordinates="0.0,0.46875,0.8046875,0.2578125" />
		<visual type="BUTTON_PRESSED" texture="menus\ks_common_legendbuttons_01.png" textureCoordinates="0.0,0.46875,0.8046875,0.2578125" />
		<visual type="BUTTON_RELEASED" texture="menus\ks_common_legendbuttons_01.png" textureCoordinates="0.0,0.46875,0.8046875,0.2578125" />
	</widget>
	<widget class="DmglButton" name="button_03">
		<location>0.86328125,0.06901072,CENTER</location>
		<size>0.20117188,0.04296875</size>
		<blending>true</blending>
		<mouseMotion>true</mouseMotion>
		<mouseSelection>true</mouseSelection>
		<visual type="BUTTON_ACTIVE" texture="menus\ks_common_legendbuttons_01.png" textureCoordinates="0.0,0.46875,0.8046875,0.2578125" />
		<visual type="BUTTON_INACTIVE" texture="menus\ks_common_legendbuttons_01.png" textureCoordinates="0.0,0.46875,0.8046875,0.2578125" />
		<visual type="BUTTON_PRESSED" texture="menus\ks_common_legendbuttons_01.png" textureCoordinates="0.0,0.46875,0.8046875,0.2578125" />
		<visual type="BUTTON_RELEASED" texture="menus\ks_common_legendbuttons_01.png" textureCoordinates="0.0,0.46875,0.8046875,0.2578125" />
	</widget>
</panel>