<panel name="">
	<widget class="DmglImage" name="background_01">
		<location>0.0,0.33333346,BOTTOM_LEFT</location>
		<zlocation>6</zlocation>
		<size>0.5,0.6666667</size>
		<blending>true</blending>
		<texture>menus\ks_common_background_01.jpg</texture>
		<textureLocation>0.0,0.0</textureLocation>
		<textureSize>1.0,1.0</textureSize>
	</widget>
	<widget class="DmglImage" name="background_02">
		<location>0.5,0.3333335,BOTTOM_LEFT</location>
		<zlocation>6</zlocation>
		<size>0.5,0.6666667</size>
		<blending>false</blending>
		<texture>menus\ks_common_background_02.jpg</texture>
		<textureLocation>0.0,0.0</textureLocation>
		<textureSize>1.0,1.0</textureSize>
	</widget>
	<widget class="DmglImage" name="background_03">
		<location>0.0,0.0013020817,BOTTOM_LEFT</location>
		<zlocation>6</zlocation>
		<size>0.5,0.33333334</size>
		<blending>false</blending>
		<texture>menus\ks_common_background_03.jpg</texture>
		<textureLocation>0.0,0.0</textureLocation>
		<textureSize>1.0,1.0</textureSize>
	</widget>
	<widget class="DmglImage" name="background_04">
		<location>0.5,0.0,BOTTOM_LEFT</location>
		<zlocation>6</zlocation>
		<size>0.5,0.33333334</size>
		<blending>false</blending>
		<texture>menus\ks_common_background_04.jpg</texture>
		<textureLocation>0.0,0.0</textureLocation>
		<textureSize>1.0,1.0</textureSize>
	</widget>
	<widget class="DmglImage" name="line_2">
		<location>0.7753906,0.16406244,BOTTOM_LEFT</location>
		<zlocation>6</zlocation>
		<size>0.0546875,0.083333336</size>
		<blending>true</blending>
		<texture>menus\ks_common_line_01.png</texture>
		<textureLocation>0.0,0.0</textureLocation>
		<textureSize>1.0,1.0</textureSize>
	</widget>
	<widget class="DmglImage" name="plan_01">
		<location>0.7363281,0.524739,BOTTOM_LEFT</location>
		<zlocation>6</zlocation>
		<size>0.25,0.33333334</size>
		<blending>true</blending>
		<texture>menus/ks_common_wasteball_01.png</texture>
		<textureLocation>0.0,0.0</textureLocation>
		<textureSize>1.0,1.0</textureSize>
	</widget>
	<widget class="DmglImage" name="line_1">
		<location>0.79003906,0.45703244,BOTTOM_LEFT</location>
		<zlocation>6</zlocation>
		<size>0.13671875,0.083333336</size>
		<blending>true</blending>
		<texture>menus\ks_common_line_01.png</texture>
		<textureLocation>0.0,0.0</textureLocation>
		<textureSize>1.0,1.0</textureSize>
	</widget>
	<widget class="DmglSimpleText" name="instructions and notes">
		<label>Insert the instructions in here. there shouldn't be more than 138 characters per line.</label>
		<location>0.07324219,0.8151043,BOTTOM_LEFT</location>
		<zlocation>3</zlocation>
		<size>1.0605469,0.032552082</size>
		<blending>true</blending>
		<font>ARMYC___.TTF</font>
		<fontScale>0.65</fontScale>
		<margins>1,1,1,1</margins>
		<maximumCharactersPerLine>138</maximumCharactersPerLine>
		<fontColor>0.3203125,0.2109375,0.72265625</fontColor>
		<backgroundColor>0.0,0.0,0.0,0.0</backgroundColor>
	</widget>
	<widget class="DmglLabel" name="Reload">
		<label>-             Reload</label>
		<location>0.37695312,0.19531283,BOTTOM_LEFT</location>
		<zlocation>1</zlocation>
		<size>0.25,0.020833334</size>
		<blending>true</blending>
		<font>ARMYC___.TTF</font>
		<fontScale>0.7</fontScale>
		<fontColor>0.3203125,0.2109375,0.72265625,1.0</fontColor>
	</widget>
	<widget class="DmglLabel" name="1">
		<label>1</label>
		<location>0.19335938,0.15755256,BOTTOM_LEFT</location>
		<zlocation>1</zlocation>
		<size>0.01171875,0.020833334</size>
		<blending>true</blending>
		<font>ARMYC___.TTF</font>
		<fontScale>0.7</fontScale>
		<fontColor>0.3203125,0.2109375,0.7265625,1.0</fontColor>
	</widget>
	<widget class="DmglLabel" name="2">
		<label>2</label>
		<location>0.19335938,0.13802114,BOTTOM_LEFT</location>
		<zlocation>1</zlocation>
		<size>0.01171875,0.020833334</size>
		<blending>true</blending>
		<font>ARMYC___.TTF</font>
		<fontScale>0.7</fontScale>
		<fontColor>0.3203125,0.2109375,0.72265625,1.0</fontColor>
	</widget>
	<widget class="DmglLabel" name="3">
		<label>3</label>
		<location>0.19335938,0.11979196,BOTTOM_LEFT</location>
		<zlocation>1</zlocation>
		<size>0.0068359375,0.010416667</size>
		<blending>true</blending>
		<font>ARMYC___.TTF</font>
		<fontScale>0.7</fontScale>
		<fontColor>0.3203125,0.2109375,0.72265625,1.0</fontColor>
	</widget>
	<widget class="DmglLabel" name="4">
		<label>4</label>
		<location>0.19335938,0.10156278,BOTTOM_LEFT</location>
		<zlocation>1</zlocation>
		<size>0.01171875,0.020833334</size>
		<blending>true</blending>
		<font>ARMYC___.TTF</font>
		<fontScale>0.7</fontScale>
		<fontColor>0.3203125,0.2109375,0.72265625,1.0</fontColor>
	</widget>
	<widget class="DmglLabel" name="T">
		<label>T</label>
		<location>0.19335938,0.08203159,BOTTOM_LEFT</location>
		<zlocation>1</zlocation>
		<size>0.01171875,0.020833334</size>
		<blending>true</blending>
		<font>ARMYC___.TTF</font>
		<fontScale>0.7</fontScale>
		<fontColor>0.3203125,0.2109375,0.72265625,1.0</fontColor>
	</widget>
	<widget class="DmglLabel" name="Enter">
		<label>Enter</label>
		<location>0.19335938,0.062500305,BOTTOM_LEFT</location>
		<zlocation>1</zlocation>
		<size>0.0625,0.020833334</size>
		<blending>true</blending>
		<font>ARMYC___.TTF</font>
		<fontScale>0.7</fontScale>
		<fontColor>0.3203125,0.2109375,0.72265625,1.0</fontColor>
	</widget>
	<widget class="DmglLabel" name="Right Ctrl">
		<label>Right Ctrl</label>
		<location>0.19335938,0.04296877,BOTTOM_LEFT</location>
		<zlocation>1</zlocation>
		<size>0.125,0.020833334</size>
		<blending>true</blending>
		<font>ARMYC___.TTF</font>
		<fontScale>0.7</fontScale>
		<fontColor>0.3203125,0.2109375,0.72265625,1.0</fontColor>
	</widget>
	<widget class="DmglLabel" name="Select First Weapon">
		<label>-             Select First Weapon</label>
		<location>0.37695312,0.1575524,BOTTOM_LEFT</location>
		<zlocation>1</zlocation>
		<size>0.41210938,0.020833334</size>
		<blending>true</blending>
		<font>ARMYC___.TTF</font>
		<fontScale>0.7</fontScale>
		<fontColor>0.3203125,0.2109375,0.72265625,1.0</fontColor>
	</widget>
	<widget class="DmglLabel" name="Select Second Weapon">
		<label>-             Select Second Weapon</label>
		<location>0.37695312,0.13802114,BOTTOM_LEFT</location>
		<zlocation>1</zlocation>
		<size>0.4248047,0.020833334</size>
		<blending>true</blending>
		<font>ARMYC___.TTF</font>
		<fontScale>0.7</fontScale>
		<fontColor>0.3203125,0.2109375,0.72265625,1.0</fontColor>
	</widget>
	<widget class="DmglLabel" name="Select Third Weapon">
		<label>-             Select Third Weapon</label>
		<location>0.37695312,0.11979169,BOTTOM_LEFT</location>
		<zlocation>1</zlocation>
		<size>0.15722656,0.010416667</size>
		<blending>true</blending>
		<font>ARMYC___.TTF</font>
		<fontScale>0.7</fontScale>
		<fontColor>0.3203125,0.2109375,0.72265625,1.0</fontColor>
	</widget>
	<widget class="DmglLabel" name="Select Fourth Weapon">
		<label>-             Select Fourth Weapon</label>
		<location>0.37695312,0.101562835,BOTTOM_LEFT</location>
		<zlocation>1</zlocation>
		<size>0.4248047,0.020833334</size>
		<blending>true</blending>
		<font>ARMYC___.TTF</font>
		<fontScale>0.7</fontScale>
		<fontColor>0.3203125,0.2109375,0.72265625,1.0</fontColor>
	</widget>
	<widget class="DmglLabel" name="Trash Talk">
		<label>-             Trash Talk</label>
		<location>0.37695312,0.08203149,BOTTOM_LEFT</location>
		<zlocation>1</zlocation>
		<size>0.099609375,0.010416667</size>
		<blending>true</blending>
		<font>ARMYC___.TTF</font>
		<fontScale>0.7</fontScale>
		<fontColor>0.3203125,0.2109375,0.72265625,1.0</fontColor>
	</widget>
	<widget class="DmglLabel" name="Confirm Message">
		<label>-             Confirm Message</label>
		<location>0.37695312,0.062500276,BOTTOM_LEFT</location>
		<zlocation>1</zlocation>
		<size>0.13867188,0.010416667</size>
		<blending>true</blending>
		<font>ARMYC___.TTF</font>
		<fontScale>0.7</fontScale>
		<fontColor>0.3203125,0.2109375,0.72265625,1.0</fontColor>
	</widget>
	<widget class="DmglLabel" name="Taunt">
		<label>-             Taunt</label>
		<location>0.37695312,0.042969048,BOTTOM_LEFT</location>
		<zlocation>1</zlocation>
		<size>0.23730469,0.020833334</size>
		<blending>true</blending>
		<font>ARMYC___.TTF</font>
		<fontScale>0.7</fontScale>
		<fontColor>0.3203125,0.2109375,0.72265625,1.0</fontColor>
	</widget>
	<widget class="DmglLabel" name="Esc">
		<label>Esc</label>
		<location>0.19335938,0.005208373,BOTTOM_LEFT</location>
		<zlocation>1</zlocation>
		<size>0.037109375,0.020833334</size>
		<blending>true</blending>
		<font>ARMYC___.TTF</font>
		<fontScale>0.7</fontScale>
		<fontColor>0.3203125,0.2109375,0.72265625,1.0</fontColor>
	</widget>
	<widget class="DmglLabel" name="Pause Game / In Game Menu">
		<label>-             Pause Game / In Game Menu</label>
		<location>0.37695312,0.005208373,BOTTOM_LEFT</location>
		<zlocation>1</zlocation>
		<size>0.4873047,0.020833334</size>
		<blending>true</blending>
		<font>ARMYC___.TTF</font>
		<fontScale>0.7</fontScale>
		<fontColor>0.3203125,0.2109375,0.72265625,1.0</fontColor>
	</widget>
	<widget class="DmglLabel" name="Left Mouse Button">
		<label>Left Mouse Button</label>
		<location>0.19335938,0.421875,BOTTOM_LEFT</location>
		<zlocation>1</zlocation>
		<size>0.10546875,0.010416667</size>
		<blending>true</blending>
		<font>ARMYC___.TTF</font>
		<fontScale>0.7</fontScale>
		<fontColor>0.3203125,0.2109375,0.72265625,1.0</fontColor>
	</widget>
	<widget class="DmglLabel" name="Right Mouse Button ">
		<label>Right Mouse Button</label>
		<location>0.19335938,0.4010417,BOTTOM_LEFT</location>
		<zlocation>1</zlocation>
		<size>0.22460938,0.020833334</size>
		<blending>true</blending>
		<font>ARMYC___.TTF</font>
		<fontScale>0.7</fontScale>
		<fontColor>0.3203125,0.2109375,0.72265625,1.0</fontColor>
	</widget>
	<widget class="DmglLabel" name="Mouse Wheel">
		<label>Mouse Wheel</label>
		<location>0.19335938,0.38020837,BOTTOM_LEFT</location>
		<zlocation>1</zlocation>
		<size>0.13671875,0.020833334</size>
		<blending>true</blending>
		<font>ARMYC___.TTF</font>
		<fontScale>0.7</fontScale>
		<fontColor>0.3203125,0.2109375,0.72265625,1.0</fontColor>
	</widget>
	<widget class="DmglLabel" name="Mouse Movement">
		<label>Mouse Movement</label>
		<location>0.19335938,0.359375,BOTTOM_LEFT</location>
		<zlocation>1</zlocation>
		<size>0.14550781,0.015625</size>
		<blending>true</blending>
		<font>ARMYC___.TTF</font>
		<fontScale>0.7</fontScale>
		<fontColor>0.3203125,0.2109375,0.72265625,1.0</fontColor>
	</widget>
	<widget class="DmglLabel" name="Fire">
		<label>-             Fire</label>
		<location>0.37695312,0.421875,BOTTOM_LEFT</location>
		<zlocation>1</zlocation>
		<size>0.059570312,0.010416667</size>
		<blending>true</blending>
		<font>ARMYC___.TTF</font>
		<fontScale>0.7</fontScale>
		<fontColor>0.3203125,0.2109375,0.72265625,1.0</fontColor>
	</widget>
	<widget class="DmglLabel" name="Use">
		<label>-             Use - Cancel Sniper Mode</label>
		<location>0.37695312,0.4010417,BOTTOM_LEFT</location>
		<zlocation>1</zlocation>
		<size>0.18457031,0.010416667</size>
		<blending>true</blending>
		<font>ARMYC___.TTF</font>
		<fontScale>0.7</fontScale>
		<fontColor>0.3203125,0.2109375,0.72265625,1.0</fontColor>
	</widget>
	<widget class="DmglLabel" name="Select Next / Previous Weapon">
		<label>-             Select Next / Previous Weapon</label>
		<location>0.37695312,0.38020837,BOTTOM_LEFT</location>
		<zlocation>1</zlocation>
		<size>0.5371094,0.020833334</size>
		<blending>true</blending>
		<font>ARMYC___.TTF</font>
		<fontScale>0.7</fontScale>
		<fontColor>0.3203125,0.2109375,0.72265625,1.0</fontColor>
	</widget>
	<widget class="DmglLabel" name="Look Around">
		<label>-             Look Around</label>
		<location>0.37695312,0.35937494,BOTTOM_LEFT</location>
		<zlocation>1</zlocation>
		<size>0.3125,0.020833334</size>
		<blending>true</blending>
		<font>ARMYC___.TTF</font>
		<fontScale>0.7</fontScale>
		<fontColor>0.3203125,0.2109375,0.72265625,1.0</fontColor>
	</widget>
	<widget class="DmglLabel" name="W">
		<label>W</label>
		<location>0.19335938,0.326823,BOTTOM_LEFT</location>
		<zlocation>1</zlocation>
		<size>0.01171875,0.020833334</size>
		<blending>true</blending>
		<font>ARMYC___.TTF</font>
		<fontScale>0.7</fontScale>
		<fontColor>0.3203125,0.2109375,0.72265625,1.0</fontColor>
	</widget>
	<widget class="DmglLabel" name="A">
		<label>A</label>
		<location>0.19335938,0.30859408,BOTTOM_LEFT</location>
		<zlocation>1</zlocation>
		<size>0.01171875,0.020833334</size>
		<blending>true</blending>
		<font>ARMYC___.TTF</font>
		<fontScale>0.7</fontScale>
		<fontColor>0.3203125,0.2109375,0.72265625,1.0</fontColor>
	</widget>
	<widget class="DmglLabel" name="S">
		<label>S</label>
		<location>0.19335938,0.28906286,BOTTOM_LEFT</location>
		<zlocation>1</zlocation>
		<size>0.01171875,0.020833334</size>
		<blending>true</blending>
		<font>ARMYC___.TTF</font>
		<fontScale>0.7</fontScale>
		<fontColor>0.3203125,0.2109375,0.72265625,1.0</fontColor>
	</widget>
	<widget class="DmglLabel" name="D">
		<label>D</label>
		<location>0.19335938,0.26953158,BOTTOM_LEFT</location>
		<zlocation>1</zlocation>
		<size>0.01171875,0.020833334</size>
		<blending>true</blending>
		<font>ARMYC___.TTF</font>
		<fontScale>0.7</fontScale>
		<fontColor>0.3203125,0.2109375,0.72265625,1.0</fontColor>
	</widget>
	<widget class="DmglLabel" name="Move Forward">
		<label>-             Move Forward</label>
		<location>0.37695312,0.3268229,BOTTOM_LEFT</location>
		<zlocation>1</zlocation>
		<size>0.32421875,0.020833334</size>
		<blending>true</blending>
		<font>ARMYC___.TTF</font>
		<fontScale>0.7</fontScale>
		<fontColor>0.3203125,0.2109375,0.72265625,1.0</fontColor>
	</widget>
	<widget class="DmglLabel" name="Move Back">
		<label>-             Move Back</label>
		<location>0.37695312,0.30859396,BOTTOM_LEFT</location>
		<zlocation>1</zlocation>
		<size>0.28710938,0.020833334</size>
		<blending>true</blending>
		<font>ARMYC___.TTF</font>
		<fontScale>0.7</fontScale>
		<fontColor>0.3203125,0.2109375,0.72265625,1.0</fontColor>
	</widget>
	<widget class="DmglLabel" name="Strafe Left">
		<label>-             Strafe Left</label>
		<location>0.37695312,0.2890625,BOTTOM_LEFT</location>
		<zlocation>1</zlocation>
		<size>0.3125,0.020833334</size>
		<blending>true</blending>
		<font>ARMYC___.TTF</font>
		<fontScale>0.7</fontScale>
		<fontColor>0.3203125,0.2109375,0.72265625,1.0</fontColor>
	</widget>
	<widget class="DmglLabel" name="Strafe Right">
		<label>-             Strafe Right</label>
		<location>0.37695312,0.26953125,BOTTOM_LEFT</location>
		<zlocation>1</zlocation>
		<size>0.32421875,0.020833334</size>
		<blending>true</blending>
		<font>ARMYC___.TTF</font>
		<fontScale>0.7</fontScale>
		<fontColor>0.3203125,0.2109375,0.72265625,1.0</fontColor>
	</widget>
	<widget class="DmglLabel" name="Space Bar">
		<label>Space Bar</label>
		<location>0.19335938,0.23307334,BOTTOM_LEFT</location>
		<zlocation>1</zlocation>
		<size>0.11230469,0.020833334</size>
		<blending>true</blending>
		<font>ARMYC___.TTF</font>
		<fontScale>0.7</fontScale>
		<fontColor>0.3203125,0.2109375,0.72265625,1.0</fontColor>
	</widget>
	<widget class="DmglLabel" name="Left Ctrl">
		<label>Left Ctrl</label>
		<location>0.19335938,0.2148441,BOTTOM_LEFT</location>
		<zlocation>1</zlocation>
		<size>0.11230469,0.020833334</size>
		<blending>true</blending>
		<font>ARMYC___.TTF</font>
		<fontScale>0.7</fontScale>
		<fontColor>0.3203125,0.2109375,0.72265625,1.0</fontColor>
	</widget>
	<widget class="DmglLabel" name="R">
		<label>R</label>
		<location>0.19335938,0.19531274,BOTTOM_LEFT</location>
		<zlocation>1</zlocation>
		<size>0.01171875,0.020833334</size>
		<blending>true</blending>
		<font>ARMYC___.TTF</font>
		<fontScale>0.7</fontScale>
		<fontColor>0.32421875,0.2109375,0.72265625,1.0</fontColor>
	</widget>
	<widget class="DmglLabel" name="Jump">
		<label>-             Jump</label>
		<location>0.37695312,0.23307331,BOTTOM_LEFT</location>
		<zlocation>1</zlocation>
		<size>0.22460938,0.020833334</size>
		<blending>true</blending>
		<font>ARMYC___.TTF</font>
		<fontScale>0.7</fontScale>
		<fontColor>0.3203125,0.2109375,0.72265625,1.0</fontColor>
	</widget>
	<widget class="DmglLabel" name="Crouch">
		<label>-             Crouch</label>
		<location>0.37695312,0.21484375,BOTTOM_LEFT</location>
		<zlocation>1</zlocation>
		<size>0.07910156,0.010416667</size>
		<blending>true</blending>
		<font>ARMYC___.TTF</font>
		<fontScale>0.7</fontScale>
		<fontColor>0.3203125,0.2109375,0.72265625,1.0</fontColor>
	</widget>
	<widget class="DmglLabel" name="title">
		<label>Notes:</label>
		<location>0.07519531,0.89192706,BOTTOM_LEFT</location>
		<zlocation>1</zlocation>
		<size>0.09082031,0.028645834</size>
		<blending>true</blending>
		<font>ARMYC___.TTF</font>
		<fontScale>0.95</fontScale>
		<fontColor>0.3203125,0.2109375,0.72265625,1.0</fontColor>
	</widget>
	<widget class="DmglLabel" name="Urbabist(s) :">
		<label>Urbanist (s)  : </label>
		<location>0.77734375,0.3945313,BOTTOM_LEFT</location>
		<zlocation>1</zlocation>
		<size>0.059570312,0.009114583</size>
		<blending>true</blending>
		<font>ARMYC___.TTF</font>
		<fontScale>0.6</fontScale>
		<fontColor>0.3203125,0.2109375,0.72265625,1.0</fontColor>
	</widget>
	<widget class="DmglLabel" name="Legend :">
		<label>Legend  :</label>
		<location>0.7783203,0.24869782,BOTTOM_LEFT</location>
		<zlocation>1</zlocation>
		<size>0.048828125,0.01171875</size>
		<blending>true</blending>
		<font>ARMYC___.TTF</font>
		<fontScale>0.7</fontScale>
		<fontColor>0.3203125,0.2109375,0.72265625,1.0</fontColor>
	</widget>
	<widget class="DmglLabel" name="location title">
		<label>Wasteball arena</label>
		<location>0.85253906,0.5481767,CENTER</location>
		<zlocation>1</zlocation>
		<size>0.109375,0.013020833</size>
		<blending>true</blending>
		<font>ARMYC___.TTF</font>
		<fontScale>0.9</fontScale>
		<fontColor>0.3203125,0.2109375,0.72265625,1.0</fontColor>
	</widget>
</panel>