<panel name="">
	<widget class="DmglImage" name="background_01">
		<location>9.765625E-4,0.33203122,BOTTOM_LEFT</location>
		<zlocation>6</zlocation>
		<size>0.5,0.6666667</size>
		<blending>false</blending>
		<texture>menus/ks_common_background_01.jpg</texture>
		<textureLocation>0.0,0.0</textureLocation>
		<textureSize>1.0,1.0</textureSize>
	</widget>
	<widget class="DmglImage" name="background_02">
		<location>0.5,0.3333333,BOTTOM_LEFT</location>
		<zlocation>6</zlocation>
		<size>0.5,0.6666667</size>
		<blending>false</blending>
		<texture>menus/ks_common_background_02.jpg</texture>
		<textureLocation>0.0,0.0</textureLocation>
		<textureSize>1.0,1.0</textureSize>
	</widget>
	<widget class="DmglImage" name="background_03">
		<location>0.0,0.0,BOTTOM_LEFT</location>
		<zlocation>6</zlocation>
		<size>0.5,0.33333334</size>
		<blending>false</blending>
		<texture>menus/ks_common_background_03.jpg</texture>
		<textureLocation>0.0,0.0</textureLocation>
		<textureSize>1.0,1.0</textureSize>
	</widget>
	<widget class="DmglImage" name="background_04">
		<location>0.5,0.0,BOTTOM_LEFT</location>
		<zlocation>6</zlocation>
		<size>0.5,0.33333334</size>
		<blending>false</blending>
		<texture>menus/ks_common_background_04.jpg</texture>
		<textureLocation>0.0,0.0</textureLocation>
		<textureSize>1.0,1.0</textureSize>
	</widget>
	<widget class="DmglImage" name="line_1">
		<location>0.79003906,0.45703244,BOTTOM_LEFT</location>
		<zlocation>6</zlocation>
		<size>0.13671875,0.083333336</size>
		<blending>true</blending>
		<texture>menus\ks_common_line_01.png</texture>
		<textureLocation>0.0,0.0</textureLocation>
		<textureSize>1.0,1.0</textureSize>
	</widget>
	<widget class="DmglImage" name="line_2">
		<location>0.7753906,0.16406244,BOTTOM_LEFT</location>
		<zlocation>6</zlocation>
		<size>0.0546875,0.083333336</size>
		<blending>true</blending>
		<texture>menus\ks_common_line_01.png</texture>
		<textureLocation>0.0,0.0</textureLocation>
		<textureSize>1.0,1.0</textureSize>
	</widget>
	<widget class="DmglImage" name="plan_01">
		<location>0.7363281,0.524739,BOTTOM_LEFT</location>
		<zlocation>6</zlocation>
		<size>0.25,0.33333334</size>
		<blending>true</blending>
		<texture>menus/ks_common_wasteball_01.png</texture>
		<textureLocation>0.0,0.0</textureLocation>
		<textureSize>1.0,1.0</textureSize>
	</widget>
	<widget class="DmglButton" name="sinlge player">
		<label>SINGLE PLAYER</label>
		<location>0.15722656,0.645833,BOTTOM_LEFT</location>
		<zlocation>3</zlocation>
		<size>0.21875,0.028645834</size>
		<blending>true</blending>
		<mouseMotion>true</mouseMotion>
		<mouseSelection>true</mouseSelection>
		<visual type="BUTTON_ACTIVE" font="ARMYC___.TTF" fontColor="0.3203125,0.2109375,0.72265625,1.0" fontSize="1.9" />
		<visual type="BUTTON_INACTIVE" font="ARMYC___.TTF" fontColor="0.3203125,0.2109375,0.72265625,1.0" fontSize="1.9" />
		<visual type="BUTTON_PRESSED" font="ARMYC___.TTF" fontColor="0.66015625,0.56640625,0.93359375,1.0" fontSize="1.9" />
		<visual type="BUTTON_RELEASED" font="ARMYC___.TTF" fontColor="0.66015625,0.56640625,0.93359375,1.0" fontSize="1.9" />
	</widget>
	<widget class="DmglButton" name="multi player">
		<label>MULTI  PLAYER</label>
		<location>0.15820312,0.5468746,BOTTOM_LEFT</location>
		<zlocation>3</zlocation>
		<size>0.21289062,0.028645834</size>
		<blending>true</blending>
		<mouseMotion>true</mouseMotion>
		<mouseSelection>true</mouseSelection>
		<visual type="BUTTON_ACTIVE" font="ARMYC___.TTF" fontColor="0.3203125,0.2109375,0.72265625,1.0" fontSize="1.9" />
		<visual type="BUTTON_INACTIVE" font="ARMYC___.TTF" fontColor="0.3203125,0.2109375,0.72265625,1.0" fontSize="1.9" />
		<visual type="BUTTON_PRESSED" font="ARMYC___.TTF" fontColor="0.66015625,0.56640625,0.93359375,1.0" fontSize="1.9" />
		<visual type="BUTTON_RELEASED" font="ARMYC___.TTF" fontColor="0.66015625,0.56640625,0.93359375,1.0" fontSize="1.9" />
	</widget>
	<widget class="DmglButton" name="instructions">
		<label>INSTRUCTIONS</label>
		<location>0.16015625,0.44270843,BOTTOM_LEFT</location>
		<zlocation>3</zlocation>
		<size>0.14941406,0.020833334</size>
		<blending>true</blending>
		<mouseMotion>true</mouseMotion>
		<mouseSelection>true</mouseSelection>
		<visual type="BUTTON_ACTIVE" font="ARMYC___.TTF" fontColor="0.3203125,0.2109375,0.72265625,1.0" fontSize="1.9" />
		<visual type="BUTTON_INACTIVE" font="ARMYC___.TTF" fontColor="0.3203125,0.2109375,0.72265625,1.0" fontSize="1.9" />
		<visual type="BUTTON_PRESSED" font="ARMYC___.TTF" fontColor="0.3203125,0.2109375,0.72265625,1.0" fontSize="1.9" />
		<visual type="BUTTON_RELEASED" font="ARMYC___.TTF" fontColor="0.3203125,0.2109375,0.72265625,1.0" fontSize="1.9" />
	</widget>
	<widget class="DmglLabel" name="Urbanist(s) :">
		<label>Urbanist (s)  : </label>
		<location>0.77734375,0.3945313,BOTTOM_LEFT</location>
		<zlocation>1</zlocation>
		<size>0.059570312,0.009114583</size>
		<blending>true</blending>
		<font>ARMYC___.TTF</font>
		<fontScale>0.6</fontScale>
		<fontColor>0.3203125,0.2109375,0.72265625,1.0</fontColor>
	</widget>
	<widget class="DmglLabel" name="Legend :">
		<label>Legend  :</label>
		<location>0.7783203,0.24869782,BOTTOM_LEFT</location>
		<zlocation>1</zlocation>
		<size>0.048828125,0.01171875</size>
		<blending>true</blending>
		<font>ARMYC___.TTF</font>
		<fontScale>0.7</fontScale>
		<fontColor>0.3203125,0.2109375,0.72265625,1.0</fontColor>
	</widget>
	<widget class="DmglLabel" name="location title">
		<label>Wasteball Arena</label>
		<location>0.85253906,0.5481767,CENTER</location>
		<zlocation>1</zlocation>
		<size>0.111328125,0.013020833</size>
		<blending>true</blending>
		<font>ARMYC___.TTF</font>
		<fontScale>0.9</fontScale>
		<fontColor>0.3203125,0.2109375,0.72265625,1.0</fontColor>
	</widget>
</panel>