<panel name="">
	<widget class="DmglImage" name="background_01">
		<location>0.0,0.33333334,BOTTOM_LEFT</location>
		<zlocation>6</zlocation>
		<size>0.5,0.6666667</size>
		<blending>false</blending>
		<texture>menus\ks_common_background_01.jpg</texture>
		<textureLocation>0.0,0.0</textureLocation>
		<textureSize>1.0,1.0</textureSize>
	</widget>
	<widget class="DmglImage" name="background_02">
		<location>0.5,0.3333335,BOTTOM_LEFT</location>
		<zlocation>6</zlocation>
		<size>0.5,0.6666667</size>
		<blending>false</blending>
		<texture>menus\ks_common_background_02.jpg</texture>
		<textureLocation>0.0,0.0</textureLocation>
		<textureSize>1.0,1.0</textureSize>
	</widget>
	<widget class="DmglImage" name="background_03">
		<location>0.0,0.0,BOTTOM_LEFT</location>
		<zlocation>6</zlocation>
		<size>0.5,0.33333334</size>
		<blending>false</blending>
		<texture>menus\ks_common_background_03.jpg</texture>
		<textureLocation>0.0,0.0</textureLocation>
		<textureSize>1.0,1.0</textureSize>
	</widget>
	<widget class="DmglImage" name="background_04">
		<location>0.5,0.0,BOTTOM_LEFT</location>
		<zlocation>6</zlocation>
		<size>0.5,0.33333334</size>
		<blending>false</blending>
		<texture>menus\ks_common_background_04.jpg</texture>
		<textureLocation>0.0,0.0</textureLocation>
		<textureSize>1.0,1.0</textureSize>
	</widget>
	<widget class="DmglImage" name="line_2">
		<location>0.7753906,0.16406244,BOTTOM_LEFT</location>
		<zlocation>6</zlocation>
		<size>0.0546875,0.083333336</size>
		<blending>true</blending>
		<texture>menus\ks_common_line_01.png</texture>
		<textureLocation>0.0,0.0</textureLocation>
		<textureSize>1.0,1.0</textureSize>
	</widget>
	<widget class="DmglImage" name="plan_01">
		<location>0.7363281,0.524739,BOTTOM_LEFT</location>
		<zlocation>6</zlocation>
		<size>0.25,0.33333334</size>
		<blending>true</blending>
		<texture>menus/ks_common_wasteball_01.png</texture>
		<textureLocation>0.0,0.0</textureLocation>
		<textureSize>1.0,1.0</textureSize>
	</widget>
	<widget class="DmglImage" name="line_1">
		<location>0.8046875,0.45703244,BOTTOM_LEFT</location>
		<zlocation>6</zlocation>
		<size>0.107421875,0.083333336</size>
		<blending>true</blending>
		<texture>menus\ks_common_line_01.png</texture>
		<textureLocation>0.0,0.0</textureLocation>
		<textureSize>1.0,1.0</textureSize>
	</widget>
	<widget class="DmglImage" name="opponents_+">
		<location>0.18652344,0.7148442,BOTTOM_LEFT</location>
		<zlocation>6</zlocation>
		<size>0.0126953125,0.016927084</size>
		<blending>true</blending>
		<texture>menus/ks_common_addbox_01.png</texture>
		<textureLocation>0.0,0.0</textureLocation>
		<textureSize>0.1015625,0.203125</textureSize>
	</widget>
	<widget class="DmglImage" name="opponents_box">
		<location>0.21484375,0.699219,BOTTOM_LEFT</location>
		<zlocation>6</zlocation>
		<size>0.06347656,0.048177082</size>
		<blending>true</blending>
		<texture>menus/ks_common_addbox_01.png</texture>
		<textureLocation>0.3828125,0.421875</textureLocation>
		<textureSize>0.5078125,0.578125</textureSize>
	</widget>
	<widget class="DmglImage" name="opponents_-">
		<location>0.29492188,0.7187504,BOTTOM_LEFT</location>
		<zlocation>6</zlocation>
		<size>0.0107421875,0.009114583</size>
		<blending>true</blending>
		<texture>menus/ks_common_addbox_01.png</texture>
		<textureLocation>0.1015625,0.046875</textureLocation>
		<textureSize>0.0859375,0.109375</textureSize>
	</widget>
	<widget class="DmglImage" name="arrows">
		<location>0.25878906,0.37630188,BOTTOM_LEFT</location>
		<zlocation>6</zlocation>
		<size>0.24511719,0.014322917</size>
		<blending>true</blending>
		<texture>menus/ks_common_arrows_01.png</texture>
		<textureLocation>0.0,0.828125</textureLocation>
		<textureSize>1.0,0.171875</textureSize>
	</widget>
	<widget class="DmglImage" name="time_selected">
		<location>0.5029297,0.37109357,BOTTOM_LEFT</location>
		<zlocation>6</zlocation>
		<size>0.017578125,0.026041666</size>
		<blending>true</blending>
		<texture>menus/ks_common_addbox_01.png</texture>
		<textureLocation>0.5390625,0.109375</textureLocation>
		<textureSize>0.140625,0.3125</textureSize>
	</widget>
	<widget class="DmglImage" name="frags_selected">
		<location>0.23828125,0.3710937,BOTTOM_LEFT</location>
		<zlocation>6</zlocation>
		<size>0.017578125,0.026041666</size>
		<blending>true</blending>
		<texture>menus/ks_common_addbox_01.png</texture>
		<textureLocation>0.5390625,0.109375</textureLocation>
		<textureSize>0.140625,0.3125</textureSize>
	</widget>
	<widget class="DmglImage" name="frags_box">
		<location>0.24609375,0.22916679,CENTER</location>
		<zlocation>6</zlocation>
		<size>0.07519531,0.048177082</size>
		<blending>true</blending>
		<texture>menus/ks_common_addbox_01.png</texture>
		<textureLocation>0.3828125,0.421875</textureLocation>
		<textureSize>0.5078125,0.578125</textureSize>
	</widget>
	<widget class="DmglImage" name="time_box">
		<location>0.51171875,0.22916675,CENTER</location>
		<zlocation>6</zlocation>
		<size>0.07519531,0.048177082</size>
		<blending>true</blending>
		<texture>menus/ks_common_addbox_01.png</texture>
		<textureLocation>0.3828125,0.421875</textureLocation>
		<textureSize>0.5078125,0.578125</textureSize>
	</widget>
	<widget class="DmglImage" name="frags_+">
		<location>0.18261719,0.22135414,BOTTOM_LEFT</location>
		<zlocation>5</zlocation>
		<size>0.0126953125,0.016927084</size>
		<blending>true</blending>
		<texture>menus/ks_common_addbox_01.png</texture>
		<textureLocation>0.0,0.0</textureLocation>
		<textureSize>0.1015625,0.203125</textureSize>
	</widget>
	<widget class="DmglImage" name="time_+">
		<location>0.4482422,0.22135417,BOTTOM_LEFT</location>
		<zlocation>5</zlocation>
		<size>0.0126953125,0.016927084</size>
		<blending>true</blending>
		<texture>menus/ks_common_addbox_01.png</texture>
		<textureLocation>0.0,0.0</textureLocation>
		<textureSize>0.1015625,0.203125</textureSize>
	</widget>
	<widget class="DmglImage" name="frags_-">
		<location>0.29882812,0.22526042,BOTTOM_LEFT</location>
		<zlocation>5</zlocation>
		<size>0.0107421875,0.009114583</size>
		<blending>true</blending>
		<texture>menus/ks_common_addbox_01.png</texture>
		<textureLocation>0.1015625,0.046875</textureLocation>
		<textureSize>0.0859375,0.109375</textureSize>
	</widget>
	<widget class="DmglImage" name="time_-">
		<location>0.5644531,0.22526045,BOTTOM_LEFT</location>
		<zlocation>5</zlocation>
		<size>0.0107421875,0.009114583</size>
		<blending>true</blending>
		<texture>menus/ks_common_addbox_01.png</texture>
		<textureLocation>0.1015625,0.046875</textureLocation>
		<textureSize>0.0859375,0.109375</textureSize>
	</widget>
	<widget class="DmglButton" name="opponents_+button">
		<location>0.19238281,0.72395813,CENTER</location>
		<zlocation>3</zlocation>
		<size>0.047851562,0.063802086</size>
		<blending>true</blending>
		<mouseMotion>true</mouseMotion>
		<mouseSelection>true</mouseSelection>
		<visual type="BUTTON_ACTIVE" texture="menus/ks_common_addbox_01.png" textureCoordinates="0.0,0.234375,0.3828125,0.765625" />
		<visual type="BUTTON_INACTIVE" texture="menus/ks_common_addbox_01.png" textureCoordinates="0.0,0.234375,0.3828125,0.765625" />
		<visual type="BUTTON_PRESSED" texture="menus/ks_common_addbox_01.png" textureCoordinates="0.0,0.234375,0.3828125,0.765625" />
		<visual type="BUTTON_RELEASED" texture="menus/ks_common_addbox_01.png" textureCoordinates="0.0,0.234375,0.3828125,0.765625" />
	</widget>
	<widget class="DmglButton" name="opponents_-button">
		<location>0.2998047,0.72395813,CENTER</location>
		<zlocation>3</zlocation>
		<size>0.047851562,0.063802086</size>
		<blending>true</blending>
		<mouseMotion>true</mouseMotion>
		<mouseSelection>true</mouseSelection>
		<visual type="BUTTON_ACTIVE" texture="menus/ks_common_addbox_01.png" textureCoordinates="0.0,0.234375,0.3828125,0.765625" />
		<visual type="BUTTON_INACTIVE" texture="menus/ks_common_addbox_01.png" textureCoordinates="0.0,0.234375,0.3828125,0.765625" />
		<visual type="BUTTON_PRESSED" texture="menus/ks_common_addbox_01.png" textureCoordinates="0.0,0.234375,0.3828125,0.765625" />
		<visual type="BUTTON_RELEASED" texture="menus/ks_common_addbox_01.png" textureCoordinates="0.0,0.234375,0.3828125,0.765625" />
	</widget>
	<widget class="DmglButton" name="frags_circle_button">
		<location>0.24707031,0.38281253,CENTER</location>
		<zlocation>3</zlocation>
		<size>0.01953125,0.02734375</size>
		<blending>true</blending>
		<mouseMotion>true</mouseMotion>
		<mouseSelection>true</mouseSelection>
		<visual type="BUTTON_ACTIVE" texture="menus/ks_common_addbox_01.png" textureCoordinates="0.3828125,0.09375,0.15625,0.328125" />
		<visual type="BUTTON_INACTIVE" texture="menus/ks_common_addbox_01.png" textureCoordinates="0.3828125,0.09375,0.15625,0.328125" />
		<visual type="BUTTON_PRESSED" texture="menus/ks_common_addbox_01.png" textureCoordinates="0.3828125,0.09375,0.15625,0.328125" />
		<visual type="BUTTON_RELEASED" texture="menus/ks_common_addbox_01.png" textureCoordinates="0.3828125,0.09375,0.15625,0.328125" />
	</widget>
	<widget class="DmglButton" name="time_circle_button">
		<location>0.51171875,0.38411456,CENTER</location>
		<zlocation>3</zlocation>
		<size>0.020507812,0.026041666</size>
		<blending>true</blending>
		<mouseMotion>true</mouseMotion>
		<mouseSelection>true</mouseSelection>
		<visual type="BUTTON_ACTIVE" texture="menus/ks_common_addbox_01.png" textureCoordinates="0.3828125,0.109375,0.1640625,0.3125" />
		<visual type="BUTTON_INACTIVE" texture="menus/ks_common_addbox_01.png" textureCoordinates="0.3828125,0.109375,0.1640625,0.3125" />
		<visual type="BUTTON_PRESSED" texture="menus/ks_common_addbox_01.png" textureCoordinates="0.3828125,0.109375,0.1640625,0.3125" />
		<visual type="BUTTON_RELEASED" texture="menus/ks_common_addbox_01.png" textureCoordinates="0.3828125,0.109375,0.1640625,0.3125" />
	</widget>
	<widget class="DmglButton" name="frags_+button">
		<location>0.18847656,0.22916701,CENTER</location>
		<zlocation>3</zlocation>
		<size>0.047851562,0.063802086</size>
		<blending>true</blending>
		<mouseMotion>true</mouseMotion>
		<mouseSelection>true</mouseSelection>
		<visual type="BUTTON_ACTIVE" texture="menus/ks_common_addbox_01.png" textureCoordinates="0.0,0.234375,0.3828125,0.765625" />
		<visual type="BUTTON_INACTIVE" texture="menus/ks_common_addbox_01.png" textureCoordinates="0.0,0.234375,0.3828125,0.765625" />
		<visual type="BUTTON_PRESSED" texture="menus/ks_common_addbox_01.png" textureCoordinates="0.0,0.234375,0.3828125,0.765625" />
		<visual type="BUTTON_RELEASED" texture="menus/ks_common_addbox_01.png" textureCoordinates="0.0,0.234375,0.3828125,0.765625" />
	</widget>
	<widget class="DmglButton" name="frags_-button">
		<location>0.30371094,0.22916701,CENTER</location>
		<zlocation>3</zlocation>
		<size>0.047851562,0.063802086</size>
		<blending>true</blending>
		<mouseMotion>true</mouseMotion>
		<mouseSelection>true</mouseSelection>
		<visual type="BUTTON_ACTIVE" texture="menus/ks_common_addbox_01.png" textureCoordinates="0.0,0.234375,0.3828125,0.765625" />
		<visual type="BUTTON_INACTIVE" texture="menus/ks_common_addbox_01.png" textureCoordinates="0.0,0.234375,0.3828125,0.765625" />
		<visual type="BUTTON_PRESSED" texture="menus/ks_common_addbox_01.png" textureCoordinates="0.0,0.234375,0.3828125,0.765625" />
		<visual type="BUTTON_RELEASED" texture="menus/ks_common_addbox_01.png" textureCoordinates="0.0,0.234375,0.3828125,0.765625" />
	</widget>
	<widget class="DmglButton" name="time_+button">
		<location>0.45410156,0.22916704,CENTER</location>
		<zlocation>3</zlocation>
		<size>0.047851562,0.063802086</size>
		<blending>true</blending>
		<mouseMotion>true</mouseMotion>
		<mouseSelection>true</mouseSelection>
		<visual type="BUTTON_ACTIVE" texture="menus/ks_common_addbox_01.png" textureCoordinates="0.0,0.234375,0.3828125,0.765625" />
		<visual type="BUTTON_INACTIVE" texture="menus/ks_common_addbox_01.png" textureCoordinates="0.0,0.234375,0.3828125,0.765625" />
		<visual type="BUTTON_PRESSED" texture="menus/ks_common_addbox_01.png" textureCoordinates="0.0,0.234375,0.3828125,0.765625" />
		<visual type="BUTTON_RELEASED" texture="menus/ks_common_addbox_01.png" textureCoordinates="0.0,0.234375,0.3828125,0.765625" />
	</widget>
	<widget class="DmglButton" name="time_-button">
		<location>0.56933594,0.22916707,CENTER</location>
		<zlocation>3</zlocation>
		<size>0.047851562,0.063802086</size>
		<blending>true</blending>
		<mouseMotion>true</mouseMotion>
		<mouseSelection>true</mouseSelection>
		<visual type="BUTTON_ACTIVE" texture="menus/ks_common_addbox_01.png" textureCoordinates="0.0,0.234375,0.3828125,0.765625" />
		<visual type="BUTTON_INACTIVE" texture="menus/ks_common_addbox_01.png" textureCoordinates="0.0,0.234375,0.3828125,0.765625" />
		<visual type="BUTTON_PRESSED" texture="menus/ks_common_addbox_01.png" textureCoordinates="0.0,0.234375,0.3828125,0.765625" />
		<visual type="BUTTON_RELEASED" texture="menus/ks_common_addbox_01.png" textureCoordinates="0.0,0.234375,0.3828125,0.765625" />
	</widget>
	<widget class="DmglLabel" name="title">
		<label>SINGLE PLAYER</label>
		<location>0.057617188,0.89192706,BOTTOM_LEFT</location>
		<zlocation>1</zlocation>
		<size>0.21875,0.028645834</size>
		<blending>true</blending>
		<font>ARMYC___.TTF</font>
		<fontScale>1.9</fontScale>
		<fontColor>0.3203125,0.2109375,0.72265625,1.0</fontColor>
	</widget>
	<widget class="DmglLabel" name="frags_number">
		<label>8</label>
		<location>0.24609375,0.22656289,CENTER</location>
		<zlocation>1</zlocation>
		<size>0.01171875,0.020833334</size>
		<blending>true</blending>
		<font>ARMYC___.TTF</font>
		<fontScale>0.94</fontScale>
		<fontColor>0.3203125,0.2109375,0.72265625,1.0</fontColor>
	</widget>
	<widget class="DmglLabel" name="time_number">
		<label>8</label>
		<location>0.5107422,0.22656286,CENTER</location>
		<zlocation>1</zlocation>
		<size>0.0087890625,0.014322917</size>
		<blending>true</blending>
		<font>ARMYC___.TTF</font>
		<fontScale>0.94</fontScale>
		<fontColor>0.3203125,0.2109375,0.72265625,1.0</fontColor>
	</widget>
	<widget class="DmglLabel" name="# of frags">
		<label># of frags</label>
		<location>0.2421875,0.32552117,CENTER</location>
		<zlocation>1</zlocation>
		<size>0.068359375,0.014322917</size>
		<blending>true</blending>
		<font>ARMYC___.TTF</font>
		<fontScale>0.94</fontScale>
		<fontColor>0.3203125,0.2109375,0.72265625,1.0</fontColor>
	</widget>
	<widget class="DmglLabel" name="time limit">
		<label>time limit (in minutes)</label>
		<location>0.5048828,0.3255208,CENTER</location>
		<zlocation>1</zlocation>
		<size>0.1484375,0.014322917</size>
		<blending>true</blending>
		<font>ARMYC___.TTF</font>
		<fontScale>0.94</fontScale>
		<fontColor>0.3203125,0.2109375,0.72265625,1.0</fontColor>
	</widget>
	<widget class="DmglLabel" name="subtitle_02">
		<label>Select Win Conditions:</label>
		<location>0.059570312,0.46744797,BOTTOM_LEFT</location>
		<zlocation>1</zlocation>
		<size>0.16503906,0.015625</size>
		<blending>true</blending>
		<font>ARMYC___.TTF</font>
		<fontScale>1.0</fontScale>
		<fontColor>0.3203125,0.2109375,0.72265625,1.0</fontColor>
	</widget>
	<widget class="DmglLabel" name="subtitle_01">
		<label>Select number of opponents:</label>
		<location>0.059570312,0.8020842,BOTTOM_LEFT</location>
		<zlocation>1</zlocation>
		<size>0.19238281,0.013020833</size>
		<blending>true</blending>
		<font>ARMYC___.TTF</font>
		<fontScale>0.94</fontScale>
		<fontColor>0.3203125,0.2109375,0.72265625,1.0</fontColor>
	</widget>
	<widget class="DmglLabel" name="opponents_number">
		<label>8</label>
		<location>0.24511719,0.72005266,CENTER</location>
		<zlocation>1</zlocation>
		<size>0.0087890625,0.014322917</size>
		<blending>true</blending>
		<font>ARMYC___.TTF</font>
		<fontScale>0.94</fontScale>
		<fontColor>0.3203125,0.2109375,0.72265625,1.0</fontColor>
	</widget>
	<widget class="DmglLabel" name="Urbanist(s) :">
		<label>Urbanist (s)  : </label>
		<location>0.77734375,0.3945313,BOTTOM_LEFT</location>
		<zlocation>1</zlocation>
		<size>0.059570312,0.009114583</size>
		<blending>true</blending>
		<font>ARMYC___.TTF</font>
		<fontScale>0.6</fontScale>
		<fontColor>0.3203125,0.2109375,0.72265625,1.0</fontColor>
	</widget>
	<widget class="DmglLabel" name="Legend :">
		<label>Legend  :</label>
		<location>0.7783203,0.24869782,BOTTOM_LEFT</location>
		<zlocation>1</zlocation>
		<size>0.048828125,0.01171875</size>
		<blending>true</blending>
		<font>ARMYC___.TTF</font>
		<fontScale>0.7</fontScale>
		<fontColor>0.3203125,0.2109375,0.72265625,1.0</fontColor>
	</widget>
	<widget class="DmglLabel" name="location title">
		<label>Wasteball Arena</label>
		<location>0.8544922,0.5481767,CENTER</location>
		<zlocation>1</zlocation>
		<size>0.111328125,0.013020833</size>
		<blending>true</blending>
		<font>ARMYC___.TTF</font>
		<fontScale>0.9</fontScale>
		<fontColor>0.3203125,0.2109375,0.72265625,1.0</fontColor>
	</widget>
</panel>