<panel name="">
	<widget class="DmglImage" name="background_01">
		<location>0.0,0.33333334,BOTTOM_LEFT</location>
		<zlocation>6</zlocation>
		<size>0.5,0.6666667</size>
		<blending>true</blending>
		<texture>menus\ks_common_background_01.jpg</texture>
		<textureLocation>0.0,0.0</textureLocation>
		<textureSize>1.0,1.0</textureSize>
	</widget>
	<widget class="DmglImage" name="background_02">
		<location>0.5,0.3333335,BOTTOM_LEFT</location>
		<zlocation>6</zlocation>
		<size>0.5,0.6666667</size>
		<blending>false</blending>
		<texture>menus\ks_common_background_02.jpg</texture>
		<textureLocation>0.0,0.0</textureLocation>
		<textureSize>1.0,1.0</textureSize>
	</widget>
	<widget class="DmglImage" name="background_03">
		<location>0.0,-1.6298145E-9,BOTTOM_LEFT</location>
		<zlocation>6</zlocation>
		<size>0.5,0.33333334</size>
		<blending>false</blending>
		<texture>menus\ks_common_background_03.jpg</texture>
		<textureLocation>0.0,0.0</textureLocation>
		<textureSize>1.0,1.0</textureSize>
	</widget>
	<widget class="DmglImage" name="background_04">
		<location>0.5,0.0,BOTTOM_LEFT</location>
		<zlocation>6</zlocation>
		<size>0.5,0.33333334</size>
		<blending>false</blending>
		<texture>menus\ks_common_background_04.jpg</texture>
		<textureLocation>0.0,0.0</textureLocation>
		<textureSize>1.0,1.0</textureSize>
	</widget>
	<widget class="DmglImage" name="line_2">
		<location>0.7753906,0.16406244,BOTTOM_LEFT</location>
		<zlocation>6</zlocation>
		<size>0.0546875,0.083333336</size>
		<blending>true</blending>
		<texture>menus\ks_common_line_01.png</texture>
		<textureLocation>0.0,0.0</textureLocation>
		<textureSize>1.0,1.0</textureSize>
	</widget>
	<widget class="DmglImage" name="plan_01">
		<location>0.7363281,0.524739,BOTTOM_LEFT</location>
		<zlocation>6</zlocation>
		<size>0.25,0.33333334</size>
		<blending>true</blending>
		<texture>menus/ks_common_wasteball_01.png</texture>
		<textureLocation>0.0,0.0</textureLocation>
		<textureSize>1.0,1.0</textureSize>
	</widget>
	<widget class="DmglImage" name="line_1">
		<location>0.79003906,0.45703244,BOTTOM_LEFT</location>
		<zlocation>6</zlocation>
		<size>0.13671875,0.083333336</size>
		<blending>true</blending>
		<texture>menus\ks_common_line_01.png</texture>
		<textureLocation>0.0,0.0</textureLocation>
		<textureSize>1.0,1.0</textureSize>
	</widget>
	<widget class="DmglImage" name="top_line">
		<location>0.056640625,0.8710944,BOTTOM_LEFT</location>
		<zlocation>6</zlocation>
		<size>0.6455078,0.0013020834</size>
		<blending>true</blending>
		<texture>menus/ks_common_line_01.png</texture>
		<textureLocation>0.03125,0.96875</textureLocation>
		<textureSize>0.9375,0.015625</textureSize>
	</widget>
	<widget class="DmglImage" name="grillehorizontale_01">
		<location>0.056640625,0.85677105,BOTTOM_LEFT</location>
		<zlocation>6</zlocation>
		<size>0.6455078,0.0013020834</size>
		<blending>false</blending>
		<texture>menus/ks_common_line_01.png</texture>
		<textureLocation>0.03125,0.96875</textureLocation>
		<textureSize>0.9375,0.015625</textureSize>
	</widget>
	<widget class="DmglImage" name="grillehorizontale_02">
		<location>0.056640625,0.81640667,BOTTOM_LEFT</location>
		<zlocation>6</zlocation>
		<size>0.6455078,0.0013020834</size>
		<blending>false</blending>
		<texture>menus/ks_common_line_01.png</texture>
		<textureLocation>0.03125,0.96875</textureLocation>
		<textureSize>0.9375,0.015625</textureSize>
	</widget>
	<widget class="DmglImage" name="grillehorizontale_03">
		<location>0.056640625,0.8138041,BOTTOM_LEFT</location>
		<zlocation>6</zlocation>
		<size>0.6455078,0.0013020834</size>
		<blending>false</blending>
		<texture>menus/ks_common_line_01.png</texture>
		<textureLocation>0.03125,0.96875</textureLocation>
		<textureSize>0.9375,0.015625</textureSize>
	</widget>
	<widget class="DmglImage" name="grillehorizontale_04">
		<location>0.056640625,0.783855,BOTTOM_LEFT</location>
		<zlocation>6</zlocation>
		<size>0.6455078,0.0013020834</size>
		<blending>false</blending>
		<texture>menus/ks_common_line_01.png</texture>
		<textureLocation>0.03125,0.96875</textureLocation>
		<textureSize>0.9375,0.015625</textureSize>
	</widget>
	<widget class="DmglImage" name="grillehorizontale_05">
		<location>0.056640625,0.7539065,BOTTOM_LEFT</location>
		<zlocation>6</zlocation>
		<size>0.6455078,0.0013020834</size>
		<blending>false</blending>
		<texture>menus/ks_common_line_01.png</texture>
		<textureLocation>0.03125,0.96875</textureLocation>
		<textureSize>0.9375,0.015625</textureSize>
	</widget>
	<widget class="DmglImage" name="grillehorizontale_06">
		<location>0.056640625,0.7239587,BOTTOM_LEFT</location>
		<zlocation>6</zlocation>
		<size>0.6455078,0.0013020834</size>
		<blending>false</blending>
		<texture>menus/ks_common_line_01.png</texture>
		<textureLocation>0.03125,0.96875</textureLocation>
		<textureSize>0.9375,0.015625</textureSize>
	</widget>
	<widget class="DmglImage" name="grillehorizontale_07">
		<location>0.056640625,0.69400936,BOTTOM_LEFT</location>
		<zlocation>6</zlocation>
		<size>0.6455078,0.0013020834</size>
		<blending>false</blending>
		<texture>menus/ks_common_line_01.png</texture>
		<textureLocation>0.03125,0.96875</textureLocation>
		<textureSize>0.9375,0.015625</textureSize>
	</widget>
	<widget class="DmglImage" name="grillehorizontale_08">
		<location>0.056640625,0.66406256,BOTTOM_LEFT</location>
		<zlocation>6</zlocation>
		<size>0.6455078,0.0013020834</size>
		<blending>false</blending>
		<texture>menus/ks_common_line_01.png</texture>
		<textureLocation>0.03125,0.96875</textureLocation>
		<textureSize>0.9375,0.015625</textureSize>
	</widget>
	<widget class="DmglImage" name="grillehorizontale_09">
		<location>0.056640625,0.634115,BOTTOM_LEFT</location>
		<zlocation>6</zlocation>
		<size>0.6455078,0.0013020834</size>
		<blending>false</blending>
		<texture>menus/ks_common_line_01.png</texture>
		<textureLocation>0.03125,0.96875</textureLocation>
		<textureSize>0.9375,0.015625</textureSize>
	</widget>
	<widget class="DmglImage" name="grillehorizontale_10">
		<location>0.056640625,0.6041662,BOTTOM_LEFT</location>
		<zlocation>6</zlocation>
		<size>0.6455078,0.0013020834</size>
		<blending>false</blending>
		<texture>menus/ks_common_line_01.png</texture>
		<textureLocation>0.03125,0.96875</textureLocation>
		<textureSize>0.9375,0.015625</textureSize>
	</widget>
	<widget class="DmglImage" name="grillehorizontale_11">
		<location>0.056640625,0.5742184,BOTTOM_LEFT</location>
		<zlocation>6</zlocation>
		<size>0.6455078,0.0013020834</size>
		<blending>false</blending>
		<texture>menus/ks_common_line_01.png</texture>
		<textureLocation>0.03125,0.96875</textureLocation>
		<textureSize>0.9375,0.015625</textureSize>
	</widget>
	<widget class="DmglImage" name="grillehorizontale_12">
		<location>0.056640625,0.5442707,BOTTOM_LEFT</location>
		<zlocation>6</zlocation>
		<size>0.6455078,0.0013020834</size>
		<blending>false</blending>
		<texture>menus/ks_common_line_01.png</texture>
		<textureLocation>0.03125,0.96875</textureLocation>
		<textureSize>0.9375,0.015625</textureSize>
	</widget>
	<widget class="DmglImage" name="grillehorizontale_13">
		<location>0.056640625,0.5143226,BOTTOM_LEFT</location>
		<zlocation>6</zlocation>
		<size>0.6455078,0.0013020834</size>
		<blending>false</blending>
		<texture>menus/ks_common_line_01.png</texture>
		<textureLocation>0.03125,0.96875</textureLocation>
		<textureSize>0.9375,0.015625</textureSize>
	</widget>
	<widget class="DmglImage" name="grillehorizontale_14">
		<location>0.056640625,0.484375,BOTTOM_LEFT</location>
		<zlocation>6</zlocation>
		<size>0.6455078,0.0013020834</size>
		<blending>false</blending>
		<texture>menus/ks_common_line_01.png</texture>
		<textureLocation>0.03125,0.96875</textureLocation>
		<textureSize>0.9375,0.015625</textureSize>
	</widget>
	<widget class="DmglImage" name="grillehorizontale_15">
		<location>0.056640625,0.45442748,BOTTOM_LEFT</location>
		<zlocation>6</zlocation>
		<size>0.6455078,0.0013020834</size>
		<blending>false</blending>
		<texture>menus/ks_common_line_01.png</texture>
		<textureLocation>0.03125,0.96875</textureLocation>
		<textureSize>0.9375,0.015625</textureSize>
	</widget>
	<widget class="DmglImage" name="grillehorizontale_16">
		<location>0.056640625,0.42447886,BOTTOM_LEFT</location>
		<zlocation>6</zlocation>
		<size>0.6455078,0.0013020834</size>
		<blending>false</blending>
		<texture>menus/ks_common_line_01.png</texture>
		<textureLocation>0.03125,0.96875</textureLocation>
		<textureSize>0.9375,0.015625</textureSize>
	</widget>
	<widget class="DmglImage" name="grillehorizontale_17">
		<location>0.056640625,0.39453107,BOTTOM_LEFT</location>
		<zlocation>6</zlocation>
		<size>0.6455078,0.0013020834</size>
		<blending>false</blending>
		<texture>menus/ks_common_line_01.png</texture>
		<textureLocation>0.03125,0.96875</textureLocation>
		<textureSize>0.9375,0.015625</textureSize>
	</widget>
	<widget class="DmglImage" name="grillehorizontale_18">
		<location>0.056640625,0.36458328,BOTTOM_LEFT</location>
		<zlocation>6</zlocation>
		<size>0.6455078,0.0013020834</size>
		<blending>false</blending>
		<texture>menus/ks_common_line_01.png</texture>
		<textureLocation>0.03125,0.96875</textureLocation>
		<textureSize>0.9375,0.015625</textureSize>
	</widget>
	<widget class="DmglImage" name="grillehorizontale_19">
		<location>0.056640625,0.33463532,BOTTOM_LEFT</location>
		<zlocation>6</zlocation>
		<size>0.6455078,0.0013020834</size>
		<blending>false</blending>
		<texture>menus/ks_common_line_01.png</texture>
		<textureLocation>0.03125,0.96875</textureLocation>
		<textureSize>0.9375,0.015625</textureSize>
	</widget>
	<widget class="DmglImage" name="grillehorizontale_20">
		<location>0.056640625,0.30468747,BOTTOM_LEFT</location>
		<zlocation>6</zlocation>
		<size>0.6455078,0.0013020834</size>
		<blending>false</blending>
		<texture>menus/ks_common_line_01.png</texture>
		<textureLocation>0.03125,0.96875</textureLocation>
		<textureSize>0.9375,0.015625</textureSize>
	</widget>
	<widget class="DmglImage" name="grillehorizontale_21">
		<location>0.056640625,0.27473956,BOTTOM_LEFT</location>
		<zlocation>6</zlocation>
		<size>0.6455078,0.0013020834</size>
		<blending>false</blending>
		<texture>menus/ks_common_line_01.png</texture>
		<textureLocation>0.03125,0.96875</textureLocation>
		<textureSize>0.9375,0.015625</textureSize>
	</widget>
	<widget class="DmglImage" name="grillehorizontale_22">
		<location>0.056640625,0.24479175,BOTTOM_LEFT</location>
		<zlocation>6</zlocation>
		<size>0.6455078,0.0013020834</size>
		<blending>false</blending>
		<texture>menus/ks_common_line_01.png</texture>
		<textureLocation>0.03125,0.96875</textureLocation>
		<textureSize>0.9375,0.015625</textureSize>
	</widget>
	<widget class="DmglImage" name="grillehorizontale_23">
		<location>0.056640625,0.21484376,BOTTOM_LEFT</location>
		<zlocation>6</zlocation>
		<size>0.6455078,0.0013020834</size>
		<blending>false</blending>
		<texture>menus/ks_common_line_01.png</texture>
		<textureLocation>0.03125,0.96875</textureLocation>
		<textureSize>0.9375,0.015625</textureSize>
	</widget>
	<widget class="DmglImage" name="grillehorizontale_24">
		<location>0.056640625,0.18489578,BOTTOM_LEFT</location>
		<zlocation>6</zlocation>
		<size>0.6455078,0.0013020834</size>
		<blending>false</blending>
		<texture>menus/ks_common_line_01.png</texture>
		<textureLocation>0.03125,0.96875</textureLocation>
		<textureSize>0.9375,0.015625</textureSize>
	</widget>
	<widget class="DmglImage" name="grillehorizontale_25">
		<location>0.056640625,0.15494792,BOTTOM_LEFT</location>
		<zlocation>6</zlocation>
		<size>0.6455078,0.0013020834</size>
		<blending>false</blending>
		<texture>menus/ks_common_line_01.png</texture>
		<textureLocation>0.03125,0.96875</textureLocation>
		<textureSize>0.9375,0.015625</textureSize>
	</widget>
	<widget class="DmglImage" name="grillehorizontale_26">
		<location>0.056640625,0.12499999,BOTTOM_LEFT</location>
		<zlocation>6</zlocation>
		<size>0.6455078,0.0013020834</size>
		<blending>false</blending>
		<texture>menus/ks_common_line_01.png</texture>
		<textureLocation>0.03125,0.96875</textureLocation>
		<textureSize>0.9375,0.015625</textureSize>
	</widget>
	<widget class="DmglImage" name="grillehorizontale_27">
		<location>0.056640625,0.095052086,BOTTOM_LEFT</location>
		<zlocation>6</zlocation>
		<size>0.6455078,0.0013020834</size>
		<blending>false</blending>
		<texture>menus/ks_common_line_01.png</texture>
		<textureLocation>0.03125,0.96875</textureLocation>
		<textureSize>0.9375,0.015625</textureSize>
	</widget>
	<widget class="DmglImage" name="grilehorizontale_28">
		<location>0.056640625,0.06510417,BOTTOM_LEFT</location>
		<zlocation>6</zlocation>
		<size>0.6455078,0.0013020834</size>
		<blending>false</blending>
		<texture>menus/ks_common_line_01.png</texture>
		<textureLocation>0.03125,0.96875</textureLocation>
		<textureSize>0.9375,0.015625</textureSize>
	</widget>
	<widget class="DmglImage" name="grilleverticale_01">
		<location>0.056640625,0.06510428,BOTTOM_LEFT</location>
		<zlocation>6</zlocation>
		<size>9.765625E-4,0.79296875</size>
		<blending>false</blending>
		<texture>menus/ks_common_line_02.png</texture>
		<textureLocation>0.015625,0.015625</textureLocation>
		<textureSize>0.015625,0.96875</textureSize>
	</widget>
	<widget class="DmglImage" name="grilleverticale_02">
		<location>0.515625,0.06510419,BOTTOM_LEFT</location>
		<zlocation>6</zlocation>
		<size>9.765625E-4,0.79296875</size>
		<blending>false</blending>
		<texture>menus/ks_common_line_02.png</texture>
		<textureLocation>0.015625,0.015625</textureLocation>
		<textureSize>0.015625,0.96875</textureSize>
	</widget>
	<widget class="DmglImage" name="grilleverticale_03">
		<location>0.64160156,0.06510419,BOTTOM_LEFT</location>
		<zlocation>6</zlocation>
		<size>9.765625E-4,0.79296875</size>
		<blending>false</blending>
		<texture>menus/ks_common_line_02.png</texture>
		<textureLocation>0.015625,0.015625</textureLocation>
		<textureSize>0.015625,0.96875</textureSize>
	</widget>
	<widget class="DmglImage" name="grilleverticale_04">
		<location>0.7001953,0.06510419,BOTTOM_LEFT</location>
		<zlocation>6</zlocation>
		<size>9.765625E-4,0.79296875</size>
		<blending>false</blending>
		<texture>menus/ks_common_line_02.png</texture>
		<textureLocation>0.015625,0.015625</textureLocation>
		<textureSize>0.015625,0.96875</textureSize>
	</widget>
	<widget class="DmglImage" name="unlocked">
		<location>0.064453125,0.7604166,BOTTOM_LEFT</location>
		<zlocation>6</zlocation>
		<size>0.013671875,0.018229166</size>
		<blending>true</blending>
		<texture>menus/ks_common_arrows_01.png</texture>
		<textureLocation>0.703125,0.59375</textureLocation>
		<textureSize>0.21875,0.21875</textureSize>
	</widget>
	<widget class="DmglImage" name="locked">
		<location>0.064453125,0.7864588,BOTTOM_LEFT</location>
		<zlocation>6</zlocation>
		<size>0.018554688,0.022135416</size>
		<blending>true</blending>
		<texture>menus/ks_common_arrows_01.png</texture>
		<textureLocation>0.015625,0.21875</textureLocation>
		<textureSize>0.296875,0.265625</textureSize>
	</widget>
	<widget class="DmglImage" name="cercle_join">
		<location>0.38085938,0.89843816,BOTTOM_LEFT</location>
		<zlocation>6</zlocation>
		<size>0.017578125,0.024739584</size>
		<blending>true</blending>
		<texture>menus/ks_common_addbox_01.png</texture>
		<textureLocation>0.390625,0.109375</textureLocation>
		<textureSize>0.140625,0.296875</textureSize>
	</widget>
	<widget class="DmglImage" name="cercle_host">
		<location>0.5371094,0.8984384,BOTTOM_LEFT</location>
		<zlocation>6</zlocation>
		<size>0.017578125,0.024739584</size>
		<blending>true</blending>
		<texture>menus/ks_common_addbox_01.png</texture>
		<textureLocation>0.390625,0.109375</textureLocation>
		<textureSize>0.140625,0.296875</textureSize>
	</widget>
	<widget class="DmglImage" name="join_fill">
		<location>0.38183594,0.89974034,BOTTOM_LEFT</location>
		<zlocation>6</zlocation>
		<size>0.015625,0.020833334</size>
		<blending>true</blending>
		<texture>menus/ks_common_addbox_01.png</texture>
		<textureLocation>0.546875,0.125</textureLocation>
		<textureSize>0.125,0.25</textureSize>
	</widget>
	<widget class="DmglImage" name="refresh_outline">
		<location>0.06347656,0.82421875,BOTTOM_LEFT</location>
		<zlocation>6</zlocation>
		<size>0.11230469,0.024739584</size>
		<blending>true</blending>
		<texture>menus/ks_common_legendbuttons_01.png</texture>
		<textureLocation>0.00390625,0.734375</textureLocation>
		<textureSize>0.8046875,0.2578125</textureSize>
	</widget>
	<widget class="DmglButton" name="invisible_join">
		<location>0.38085938,0.8984375,BOTTOM_LEFT</location>
		<zlocation>3</zlocation>
		<size>0.055664062,0.024739584</size>
		<blending>true</blending>
		<mouseMotion>true</mouseMotion>
		<mouseSelection>true</mouseSelection>
		<visual type="BUTTON_ACTIVE" texture="menus/ks_common_line_01.png" textureCoordinates="0.0,0.578125,1.0,0.296875" />
		<visual type="BUTTON_INACTIVE" texture="menus/ks_common_line_01.png" textureCoordinates="0.0,0.578125,1.0,0.296875" />
		<visual type="BUTTON_PRESSED" texture="menus/ks_common_line_01.png" textureCoordinates="0.0,0.578125,1.0,0.296875" />
		<visual type="BUTTON_RELEASED" texture="menus/ks_common_line_01.png" textureCoordinates="0.0,0.578125,1.0,0.296875" />
	</widget>
	<widget class="DmglButton" name="invisible_host">
		<location>0.5371094,0.8984375,BOTTOM_LEFT</location>
		<zlocation>3</zlocation>
		<size>0.06542969,0.024739584</size>
		<blending>true</blending>
		<mouseMotion>true</mouseMotion>
		<mouseSelection>true</mouseSelection>
		<visual type="BUTTON_ACTIVE" texture="menus/ks_common_line_01.png" textureCoordinates="0.0,0.578125,1.0,0.296875" />
		<visual type="BUTTON_INACTIVE" texture="menus/ks_common_line_01.png" textureCoordinates="0.0,0.578125,1.0,0.296875" />
		<visual type="BUTTON_PRESSED" texture="menus/ks_common_line_01.png" textureCoordinates="0.0,0.578125,1.0,0.296875" />
		<visual type="BUTTON_RELEASED" texture="menus/ks_common_line_01.png" textureCoordinates="0.0,0.578125,1.0,0.296875" />
	</widget>
	<widget class="DmglButton" name="refresh_button">
		<location>0.06347656,0.82421875,BOTTOM_LEFT</location>
		<zlocation>3</zlocation>
		<size>0.11230469,0.024739584</size>
		<blending>true</blending>
		<mouseMotion>true</mouseMotion>
		<mouseSelection>true</mouseSelection>
		<visual type="BUTTON_ACTIVE" texture="menus/ks_common_legendbuttons_01.png" textureCoordinates="0.00390625,0.203125,0.8046875,0.2578125" />
		<visual type="BUTTON_INACTIVE" texture="menus/ks_common_legendbuttons_01.png" textureCoordinates="0.00390625,0.203125,0.8046875,0.2578125" />
		<visual type="BUTTON_PRESSED" texture="menus/ks_common_legendbuttons_01.png" textureCoordinates="0.00390625,0.203125,0.8046875,0.2578125" />
		<visual type="BUTTON_RELEASED" texture="menus/ks_common_legendbuttons_01.png" textureCoordinates="0.00390625,0.203125,0.8046875,0.2578125" />
	</widget>
	<widget class="DmglButton" name="server_name">
		<label>Server name</label>
		<location>0.25390625,0.8307292,BOTTOM_LEFT</location>
		<zlocation>3</zlocation>
		<size>0.13671875,0.020833334</size>
		<blending>true</blending>
		<mouseMotion>true</mouseMotion>
		<mouseSelection>true</mouseSelection>
		<visual type="BUTTON_ACTIVE" font="ARMYC___.TTF" fontColor="0.3203125,0.2109375,0.72265625,1.0" fontSize="0.65" />
		<visual type="BUTTON_INACTIVE" font="ARMYC___.TTF" fontColor="0.3203125,0.2109375,0.72265625,1.0" fontSize="0.65" />
		<visual type="BUTTON_PRESSED" font="ARMYC___.TTF" fontColor="0.3203125,0.2109375,0.72265625,1.0" fontSize="0.65" />
		<visual type="BUTTON_RELEASED" font="ARMYC___.TTF" fontColor="0.328125,0.203125,0.72265625,1.0" fontSize="0.65" />
	</widget>
	<widget class="DmglButton" name="Ping">
		<label>Ping</label>
		<location>0.66015625,0.83072925,BOTTOM_LEFT</location>
		<zlocation>3</zlocation>
		<size>0.03125,0.015625</size>
		<blending>true</blending>
		<mouseMotion>true</mouseMotion>
		<mouseSelection>true</mouseSelection>
		<visual type="BUTTON_ACTIVE" font="ARMYC___.TTF" fontColor="0.3203125,0.2109375,0.72265625,1.0" fontSize="0.65" />
		<visual type="BUTTON_INACTIVE" font="ARMYC___.TTF" fontColor="0.3203125,0.2109375,0.72265625,1.0" fontSize="0.65" />
		<visual type="BUTTON_PRESSED" font="ARMYC___.TTF" fontColor="0.3203125,0.2109375,0.72265625,1.0" fontSize="0.65" />
		<visual type="BUTTON_RELEASED" font="ARMYC___.TTF" fontColor="0.3203125,0.2109375,0.72265625,1.0" fontSize="0.65" />
	</widget>
	<widget class="DmglButton" name="Players">
		<label>Players</label>
		<location>0.5605469,0.8307292,BOTTOM_LEFT</location>
		<zlocation>3</zlocation>
		<size>0.036132812,0.009114583</size>
		<blending>true</blending>
		<mouseMotion>true</mouseMotion>
		<mouseSelection>true</mouseSelection>
		<visual type="BUTTON_ACTIVE" font="ARMYC___.TTF" fontColor="0.3203125,0.2109375,0.72265625,1.0" fontSize="0.65" />
		<visual type="BUTTON_INACTIVE" font="ARMYC___.TTF" fontColor="0.3203125,0.2109375,0.72265625,1.0" fontSize="0.65" />
		<visual type="BUTTON_PRESSED" font="ARMYC___.TTF" fontColor="0.3203125,0.2109375,0.72265625,1.0" fontSize="0.65" />
		<visual type="BUTTON_RELEASED" font="ARMYC___.TTF" fontColor="0.3203125,0.2109375,0.72265625,1.0" fontSize="0.65" />
	</widget>
	<widget class="DmglButton" name="fleche_haut">
		<location>0.71777344,0.102864735,CENTER</location>
		<zlocation>3</zlocation>
		<size>0.020507812,0.026041666</size>
		<blending>true</blending>
		<mouseMotion>true</mouseMotion>
		<mouseSelection>true</mouseSelection>
		<visual type="BUTTON_ACTIVE" texture="menus/ks_common_arrows_01.png" textureCoordinates="0.015625,0.5,0.328125,0.3125" />
		<visual type="BUTTON_INACTIVE" texture="menus/ks_common_arrows_01.png" textureCoordinates="0.015625,0.5,0.328125,0.3125" />
		<visual type="BUTTON_PRESSED" texture="menus/ks_common_arrows_01.png" textureCoordinates="0.015625,0.5,0.328125,0.3125" />
		<visual type="BUTTON_RELEASED" texture="menus/ks_common_arrows_01.png" textureCoordinates="0.015625,0.5,0.328125,0.3125" />
	</widget>
	<widget class="DmglButton" name="fleche_bas">
		<location>0.71777344,0.078125305,CENTER</location>
		<zlocation>3</zlocation>
		<size>0.020507812,0.026041666</size>
		<blending>true</blending>
		<mouseMotion>true</mouseMotion>
		<mouseSelection>true</mouseSelection>
		<visual type="BUTTON_ACTIVE" texture="menus/ks_common_arrows_01.png" textureCoordinates="0.359375,0.5,0.328125,0.3125" />
		<visual type="BUTTON_INACTIVE" texture="menus/ks_common_arrows_01.png" textureCoordinates="0.359375,0.5,0.328125,0.3125" />
		<visual type="BUTTON_PRESSED" texture="menus/ks_common_arrows_01.png" textureCoordinates="0.359375,0.5,0.328125,0.3125" />
		<visual type="BUTTON_RELEASED" texture="menus/ks_common_arrows_01.png" textureCoordinates="0.359375,0.5,0.328125,0.3125" />
	</widget>
	<widget class="DmglLabel" name="players_nbr_02">
		<label>3/12</label>
		<location>0.56933594,0.7630209,BOTTOM_LEFT</location>
		<zlocation>1</zlocation>
		<size>0.020507812,0.009114583</size>
		<blending>true</blending>
		<font>ARMYC___.TTF</font>
		<fontScale>0.65</fontScale>
		<fontColor>0.3203125,0.2109375,0.72265625,1.0</fontColor>
	</widget>
	<widget class="DmglLabel" name="name_exemple_01">
		<label>Exemple of text here 1234</label>
		<location>0.0859375,0.79296964,BOTTOM_LEFT</location>
		<zlocation>1</zlocation>
		<size>0.12402344,0.009114583</size>
		<blending>true</blending>
		<font>ARMYC___.TTF</font>
		<fontScale>0.65</fontScale>
		<fontColor>0.3203125,0.2109375,0.72265625,1.0</fontColor>
	</widget>
	<widget class="DmglLabel" name="players_nbr_01">
		<label>3/8</label>
		<location>0.56933594,0.79296875,BOTTOM_LEFT</location>
		<zlocation>1</zlocation>
		<size>0.016601562,0.009114583</size>
		<blending>true</blending>
		<font>ARMYC___.TTF</font>
		<fontScale>0.65</fontScale>
		<fontColor>0.3203125,0.2109375,0.72265625,1.0</fontColor>
	</widget>
	<widget class="DmglLabel" name="ping_nbr_01">
		<label>213</label>
		<location>0.6611328,0.7929695,BOTTOM_LEFT</location>
		<zlocation>1</zlocation>
		<size>0.015625,0.009114583</size>
		<blending>true</blending>
		<font>ARMYC___.TTF</font>
		<fontScale>0.65</fontScale>
		<fontColor>0.3203125,0.2109375,0.72265625,1.0</fontColor>
	</widget>
	<widget class="DmglLabel" name="name_exemple_02">
		<label>OTHER NAME OF SERVER_LET'S SEE HOW FAR THIS GOES BLABLABLA-1029384</label>
		<location>0.08691406,0.76302123,BOTTOM_LEFT</location>
		<zlocation>1</zlocation>
		<size>0.38476562,0.009114583</size>
		<blending>true</blending>
		<font>ARMYC___.TTF</font>
		<fontScale>0.65</fontScale>
		<fontColor>0.3203125,0.2109375,0.72265625,1.0</fontColor>
	</widget>
	<widget class="DmglLabel" name="ping_nbr_02">
		<label>451</label>
		<location>0.6611328,0.7630209,BOTTOM_LEFT</location>
		<zlocation>1</zlocation>
		<size>0.016601562,0.009114583</size>
		<blending>true</blending>
		<font>ARMYC___.TTF</font>
		<fontScale>0.65</fontScale>
		<fontColor>0.3203125,0.2109375,0.72265625,1.0</fontColor>
	</widget>
	<widget class="DmglLabel" name="refresh">
		<label>Refresh</label>
		<location>0.09863281,0.8307297,BOTTOM_LEFT</location>
		<zlocation>1</zlocation>
		<size>0.08691406,0.020833334</size>
		<blending>true</blending>
		<font>ARMYC___.TTF</font>
		<fontScale>0.65</fontScale>
		<fontColor>0.3203125,0.2109375,0.72265625,1.0</fontColor>
	</widget>
	<widget class="DmglLabel" name="Join">
		<label>Join</label>
		<location>0.40429688,0.9010417,BOTTOM_LEFT</location>
		<zlocation>1</zlocation>
		<size>0.049804688,0.020833334</size>
		<blending>true</blending>
		<font>ARMYC___.TTF</font>
		<fontScale>1.0</fontScale>
		<fontColor>0.3203125,0.2109375,0.72265625,1.0</fontColor>
	</widget>
	<widget class="DmglLabel" name="host">
		<label>Host</label>
		<location>0.5644531,0.901042,BOTTOM_LEFT</location>
		<zlocation>1</zlocation>
		<size>0.049804688,0.020833334</size>
		<blending>true</blending>
		<font>ARMYC___.TTF</font>
		<fontScale>1.0</fontScale>
		<fontColor>0.3203125,0.2109375,0.72265625,1.0</fontColor>
	</widget>
	<widget class="DmglLabel" name="title">
		<label>MULTI  PLAYER</label>
		<location>0.0546875,0.89192706,BOTTOM_LEFT</location>
		<zlocation>1</zlocation>
		<size>0.21289062,0.028645834</size>
		<blending>true</blending>
		<font>ARMYC___.TTF</font>
		<fontScale>1.9</fontScale>
		<fontColor>0.3203125,0.2109375,0.72265625,1.0</fontColor>
	</widget>
	<widget class="DmglLabel" name="Urbabist(s) :">
		<label>Urbanist (s)  : </label>
		<location>0.77734375,0.3945313,BOTTOM_LEFT</location>
		<zlocation>1</zlocation>
		<size>0.059570312,0.009114583</size>
		<blending>true</blending>
		<font>ARMYC___.TTF</font>
		<fontScale>0.6</fontScale>
		<fontColor>0.3203125,0.2109375,0.72265625,1.0</fontColor>
	</widget>
	<widget class="DmglLabel" name="Legend :">
		<label>Legend  :</label>
		<location>0.7783203,0.24869782,BOTTOM_LEFT</location>
		<zlocation>1</zlocation>
		<size>0.048828125,0.01171875</size>
		<blending>true</blending>
		<font>ARMYC___.TTF</font>
		<fontScale>0.7</fontScale>
		<fontColor>0.3203125,0.2109375,0.72265625,1.0</fontColor>
	</widget>
	<widget class="DmglLabel" name="location title">
		<label>Wasteball arena</label>
		<location>0.85253906,0.5481767,CENTER</location>
		<zlocation>1</zlocation>
		<size>0.109375,0.013020833</size>
		<blending>true</blending>
		<font>ARMYC___.TTF</font>
		<fontScale>0.9</fontScale>
		<fontColor>0.3203125,0.2109375,0.72265625,1.0</fontColor>
	</widget>
</panel>