<panel name="">
	<widget class="DmglImage" name="background_01">
		<location>0.0,0.33333334,BOTTOM_LEFT</location>
		<size>0.5,0.6666667</size>
		<blending>false</blending>
		<texture>menus\ks_common_background_01.jpg</texture>
		<textureLocation>0.0,0.0</textureLocation>
		<textureSize>1.0,1.0</textureSize>
	</widget>
	<widget class="DmglImage" name="background_02">
		<location>0.5,0.3333335,BOTTOM_LEFT</location>
		<size>0.5,0.6666667</size>
		<blending>false</blending>
		<texture>menus\ks_common_background_02.jpg</texture>
		<textureLocation>0.0,0.0</textureLocation>
		<textureSize>1.0,1.0</textureSize>
	</widget>
	<widget class="DmglImage" name="background_03">
		<location>0.0,0.0,BOTTOM_LEFT</location>
		<size>0.5,0.33333334</size>
		<blending>false</blending>
		<texture>menus\ks_common_background_03.jpg</texture>
		<textureLocation>0.0,0.0</textureLocation>
		<textureSize>1.0,1.0</textureSize>
	</widget>
	<widget class="DmglImage" name="background_04">
		<location>0.5,0.0,BOTTOM_LEFT</location>
		<size>0.5,0.33333334</size>
		<blending>false</blending>
		<texture>menus\ks_common_background_04.jpg</texture>
		<textureLocation>0.0,0.0</textureLocation>
		<textureSize>1.0,1.0</textureSize>
	</widget>
	<widget class="DmglImage" name="line_2">
		<location>0.7753906,0.16406244,BOTTOM_LEFT</location>
		<size>0.0546875,0.083333336</size>
		<blending>true</blending>
		<texture>menus\ks_common_line_01.png</texture>
		<textureLocation>0.0,0.0</textureLocation>
		<textureSize>1.0,1.0</textureSize>
	</widget>
	<widget class="DmglImage" name="plan_05">
		<location>0.7363281,0.524739,BOTTOM_LEFT</location>
		<size>0.25,0.33333334</size>
		<blending>true</blending>
		<texture>menus/ks_common_market_01.png</texture>
		<textureLocation>0.0,0.0</textureLocation>
		<textureSize>1.0,1.0</textureSize>
	</widget>
	<widget class="DmglImage" name="plan_06">
		<location>0.7363281,0.5247396,BOTTOM_LEFT</location>
		<size>0.25,0.33333334</size>
		<blending>true</blending>
		<texture>menus/ks_common_hall_01.png</texture>
		<textureLocation>0.0,0.0</textureLocation>
		<textureSize>1.0,1.0</textureSize>
	</widget>
	<widget class="DmglImage" name="plan_07">
		<location>0.7363281,0.52473927,BOTTOM_LEFT</location>
		<size>0.25,0.33333334</size>
		<blending>true</blending>
		<texture>menus/ks_common_house_01.png</texture>
		<textureLocation>0.0,0.0</textureLocation>
		<textureSize>1.0,1.0</textureSize>
	</widget>
	<widget class="DmglImage" name="map_01">
		<location>0.018554688,0.30598956,BOTTOM_LEFT</location>
		<size>0.5,0.6666667</size>
		<blending>true</blending>
		<texture>menus\ks_main_map_01.png</texture>
		<textureLocation>0.0,0.0</textureLocation>
		<textureSize>1.0,1.0</textureSize>
	</widget>
	<widget class="DmglImage" name="map_02">
		<location>0.5185547,0.30598944,BOTTOM_LEFT</location>
		<size>0.25,0.6666667</size>
		<blending>true</blending>
		<texture>menus\ks_main_map_02.png</texture>
		<textureLocation>0.0,0.0</textureLocation>
		<textureSize>1.0,1.0</textureSize>
	</widget>
	<widget class="DmglImage" name="map_03">
		<location>0.018554688,-0.02734375,BOTTOM_LEFT</location>
		<size>0.5,0.33333334</size>
		<blending>true</blending>
		<texture>menus\ks_main_map_03.png</texture>
		<textureLocation>0.0,0.0</textureLocation>
		<textureSize>1.0,1.0</textureSize>
	</widget>
	<widget class="DmglImage" name="map_04">
		<location>0.5185547,-0.027343754,BOTTOM_LEFT</location>
		<size>0.25,0.33333334</size>
		<blending>true</blending>
		<texture>menus\ks_main_map_04.png</texture>
		<textureLocation>0.0,0.0</textureLocation>
		<textureSize>1.0,1.0</textureSize>
	</widget>
	<widget class="DmglImage" name="plan_10">
		<location>0.7363281,0.5247394,BOTTOM_LEFT</location>
		<size>0.25,0.33333334</size>
		<blending>true</blending>
		<texture>menus/ks_common_map_01.png</texture>
		<textureLocation>0.0,0.0</textureLocation>
		<textureSize>1.0,1.0</textureSize>
	</widget>
	<widget class="DmglImage" name="line_1">
		<location>0.7763672,0.45703244,BOTTOM_LEFT</location>
		<size>0.16113281,0.083333336</size>
		<blending>true</blending>
		<texture>menus\ks_common_line_01.png</texture>
		<textureLocation>0.0,0.0</textureLocation>
		<textureSize>1.0,1.0</textureSize>
	</widget>
	<widget class="DmglImage" name="plan_08">
		<location>0.7363281,0.5247389,BOTTOM_LEFT</location>
		<size>0.25,0.33333334</size>
		<blending>true</blending>
		<texture>menus/ks_common_option_01.png</texture>
		<textureLocation>0.0,0.0</textureLocation>
		<textureSize>1.0,1.0</textureSize>
	</widget>
	<widget class="DmglImage" name="plan_09">
		<location>0.7363281,0.52473927,BOTTOM_LEFT</location>
		<size>0.25,0.33333334</size>
		<blending>true</blending>
		<texture>menus/ks_common_reality_01.png</texture>
		<textureLocation>0.0,0.0</textureLocation>
		<textureSize>1.0,1.0</textureSize>
	</widget>
	<widget class="DmglImage" name="plan_04">
		<location>0.7363281,0.5247392,BOTTOM_LEFT</location>
		<size>0.25,0.33333334</size>
		<blending>true</blending>
		<texture>menus/ks_common_store_01.png</texture>
		<textureLocation>0.0,0.0</textureLocation>
		<textureSize>1.0,1.0</textureSize>
	</widget>
	<widget class="DmglImage" name="plan_02">
		<location>0.7363281,0.52473986,BOTTOM_LEFT</location>
		<size>0.25,0.33333334</size>
		<blending>true</blending>
		<texture>menus/ks_common_wasteball_01.png</texture>
		<textureLocation>0.0,0.0</textureLocation>
		<textureSize>1.0,1.0</textureSize>
	</widget>
	<widget class="DmglImage" name="plan_01">
		<location>0.7363281,0.524739,BOTTOM_LEFT</location>
		<size>0.25,0.33333334</size>
		<blending>true</blending>
		<texture>menus/ks_common_memorial_01.png</texture>
		<textureLocation>0.0,0.0</textureLocation>
		<textureSize>1.0,1.0</textureSize>
	</widget>
	<widget class="DmglImage" name="plan_03">
		<location>0.7363281,0.5247396,BOTTOM_LEFT</location>
		<size>0.25,0.33333334</size>
		<blending>true</blending>
		<texture>menus/ks_common_loser_01.png</texture>
		<textureLocation>0.0,0.0</textureLocation>
		<textureSize>1.0,1.0</textureSize>
	</widget>
	<widget class="DmglButton" name="market">
		<location>0.5205078,0.544271,CENTER</location>
		<size>0.1015625,0.092447914</size>
		<blending>true</blending>
		<mouseMotion>true</mouseMotion>
		<mouseSelection>true</mouseSelection>
		<visual type="BUTTON_ACTIVE" texture="menus/ks_main_texture_02.png" textureCoordinates="0.00390625,0.26171875,0.40625,0.27734375" />
		<visual type="BUTTON_INACTIVE" texture="menus/ks_main_texture_02.png" textureCoordinates="0.00390625,0.26171875,0.40625,0.27734375" />
		<visual type="BUTTON_PRESSED" texture="menus/ks_main_texture_02.png" textureCoordinates="0.00390625,0.26171875,0.40625,0.27734375" />
		<visual type="BUTTON_RELEASED" texture="menus/ks_main_texture_02.png" textureCoordinates="0.00390625,0.26171875,0.40625,0.27734375" />
	</widget>
	<widget class="DmglButton" name="option_01">
		<location>0.083984375,0.24088575,CENTER</location>
		<size>0.12890625,0.095052086</size>
		<blending>true</blending>
		<mouseMotion>true</mouseMotion>
		<mouseSelection>true</mouseSelection>
		<visual type="BUTTON_ACTIVE" texture="menus/ks_main_texture_02.png" textureCoordinates="0.42578125,0.7109375,0.515625,0.28515625" />
		<visual type="BUTTON_INACTIVE" texture="menus/ks_main_texture_02.png" textureCoordinates="0.42578125,0.7109375,0.515625,0.28515625" />
		<visual type="BUTTON_PRESSED" texture="menus/ks_main_texture_02.png" textureCoordinates="0.42578125,0.7109375,0.515625,0.28515625" />
		<visual type="BUTTON_RELEASED" texture="menus/ks_main_texture_02.png" textureCoordinates="0.42578125,0.7109375,0.515625,0.28515625" />
	</widget>
	<widget class="DmglButton" name="option_02">
		<location>0.26953125,0.24348994,CENTER</location>
		<size>0.1015625,0.055989582</size>
		<blending>true</blending>
		<mouseMotion>true</mouseMotion>
		<mouseSelection>true</mouseSelection>
		<visual type="BUTTON_ACTIVE" texture="menus/ks_main_texture_02.png" textureCoordinates="0.42578125,0.5390625,0.40625,0.16796875" />
		<visual type="BUTTON_INACTIVE" texture="menus/ks_main_texture_02.png" textureCoordinates="0.42578125,0.5390625,0.40625,0.16796875" />
		<visual type="BUTTON_PRESSED" texture="menus/ks_main_texture_02.png" textureCoordinates="0.42578125,0.5390625,0.40625,0.16796875" />
		<visual type="BUTTON_RELEASED" texture="menus/ks_main_texture_02.png" textureCoordinates="0.42578125,0.5390625,0.40625,0.16796875" />
	</widget>
	<widget class="DmglButton" name="option_04">
		<location>0.50097656,0.23828147,CENTER</location>
		<size>0.10546875,0.052083332</size>
		<blending>true</blending>
		<mouseMotion>true</mouseMotion>
		<mouseSelection>true</mouseSelection>
		<visual type="BUTTON_ACTIVE" texture="menus/ks_main_texture_02.png" textureCoordinates="0.4140625,0.37890625,0.421875,0.15625" />
		<visual type="BUTTON_INACTIVE" texture="menus/ks_main_texture_02.png" textureCoordinates="0.4140625,0.37890625,0.421875,0.15625" />
		<visual type="BUTTON_PRESSED" texture="menus/ks_main_texture_02.png" textureCoordinates="0.4140625,0.37890625,0.421875,0.15625" />
		<visual type="BUTTON_RELEASED" texture="menus/ks_main_texture_02.png" textureCoordinates="0.4140625,0.37890625,0.421875,0.15625" />
	</widget>
	<widget class="DmglButton" name="option_05">
		<location>0.6826172,0.24088569,CENTER</location>
		<size>0.111328125,0.095052086</size>
		<blending>true</blending>
		<mouseMotion>true</mouseMotion>
		<mouseSelection>true</mouseSelection>
		<visual type="BUTTON_ACTIVE" texture="menus/ks_main_texture_02.png" textureCoordinates="0.48828125,0.04296875,0.4453125,0.28515625" />
		<visual type="BUTTON_INACTIVE" texture="menus/ks_main_texture_02.png" textureCoordinates="0.48828125,0.04296875,0.4453125,0.28515625" />
		<visual type="BUTTON_PRESSED" texture="menus/ks_main_texture_02.png" textureCoordinates="0.48828125,0.04296875,0.4453125,0.28515625" />
		<visual type="BUTTON_RELEASED" texture="menus/ks_main_texture_02.png" textureCoordinates="0.48828125,0.04296875,0.4453125,0.28515625" />
	</widget>
	<widget class="DmglButton" name="hall">
		<location>0.64160156,0.47656256,CENTER</location>
		<size>0.14941406,0.19140625</size>
		<blending>true</blending>
		<mouseMotion>true</mouseMotion>
		<mouseSelection>true</mouseSelection>
		<visual type="BUTTON_ACTIVE" texture="menus/ks_main_texture_01.png" textureCoordinates="0.00390625,0.421875,0.59765625,0.57421875" />
		<visual type="BUTTON_INACTIVE" texture="menus/ks_main_texture_01.png" textureCoordinates="0.00390625,0.421875,0.59765625,0.57421875" />
		<visual type="BUTTON_PRESSED" texture="menus/ks_main_texture_01.png" textureCoordinates="0.00390625,0.421875,0.59765625,0.57421875" />
		<visual type="BUTTON_RELEASED" texture="menus/ks_main_texture_01.png" textureCoordinates="0.00390625,0.421875,0.59765625,0.57421875" />
	</widget>
	<widget class="DmglButton" name="house">
		<location>0.5888672,0.22656289,CENTER</location>
		<size>0.08691406,0.15104167</size>
		<blending>true</blending>
		<mouseMotion>true</mouseMotion>
		<mouseSelection>true</mouseSelection>
		<visual type="BUTTON_ACTIVE" texture="menus/ks_main_texture_01.png" textureCoordinates="0.60546875,0.54296875,0.34765625,0.453125" />
		<visual type="BUTTON_INACTIVE" texture="menus/ks_main_texture_01.png" textureCoordinates="0.60546875,0.54296875,0.34765625,0.453125" />
		<visual type="BUTTON_PRESSED" texture="menus/ks_main_texture_01.png" textureCoordinates="0.60546875,0.54296875,0.34765625,0.453125" />
		<visual type="BUTTON_RELEASED" texture="menus/ks_main_texture_01.png" textureCoordinates="0.60546875,0.54296875,0.34765625,0.453125" />
	</widget>
	<widget class="DmglButton" name="wasteball">
		<location>0.23730469,0.5221351,CENTER</location>
		<size>0.11621094,0.09375</size>
		<blending>true</blending>
		<mouseMotion>true</mouseMotion>
		<mouseSelection>true</mouseSelection>
		<visual type="BUTTON_ACTIVE" texture="menus/ks_main_texture_01.png" textureCoordinates="0.00390625,0.13671875,0.46484375,0.28125" />
		<visual type="BUTTON_INACTIVE" texture="menus/ks_main_texture_01.png" textureCoordinates="0.00390625,0.13671875,0.46484375,0.28125" />
		<visual type="BUTTON_PRESSED" texture="menus/ks_main_texture_01.png" textureCoordinates="0.00390625,0.13671875,0.46484375,0.28125" />
		<visual type="BUTTON_RELEASED" texture="menus/ks_main_texture_01.png" textureCoordinates="0.00390625,0.13671875,0.46484375,0.28125" />
	</widget>
	<widget class="DmglButton" name="loser">
		<location>0.21484375,0.33593768,CENTER</location>
		<size>0.09472656,0.12630208</size>
		<blending>true</blending>
		<mouseMotion>true</mouseMotion>
		<mouseSelection>true</mouseSelection>
		<visual type="BUTTON_ACTIVE" texture="menus/ks_main_texture_01.png" textureCoordinates="0.47265625,0.0390625,0.37890625,0.37890625" />
		<visual type="BUTTON_INACTIVE" texture="menus/ks_main_texture_01.png" textureCoordinates="0.47265625,0.0390625,0.37890625,0.37890625" />
		<visual type="BUTTON_PRESSED" texture="menus/ks_main_texture_01.png" textureCoordinates="0.47265625,0.0390625,0.37890625,0.37890625" />
		<visual type="BUTTON_RELEASED" texture="menus/ks_main_texture_01.png" textureCoordinates="0.47265625,0.0390625,0.37890625,0.37890625" />
	</widget>
	<widget class="DmglButton" name="kvs">
		<location>0.18457031,0.21875033,CENTER</location>
		<size>0.10449219,0.15104167</size>
		<blending>true</blending>
		<mouseMotion>true</mouseMotion>
		<mouseSelection>true</mouseSelection>
		<visual type="BUTTON_ACTIVE" texture="menus/ks_main_texture_02.png" textureCoordinates="0.00390625,0.54296875,0.41796875,0.453125" />
		<visual type="BUTTON_INACTIVE" texture="menus/ks_main_texture_02.png" textureCoordinates="0.00390625,0.54296875,0.41796875,0.453125" />
		<visual type="BUTTON_PRESSED" texture="menus/ks_main_texture_02.png" textureCoordinates="0.00390625,0.54296875,0.41796875,0.453125" />
		<visual type="BUTTON_RELEASED" texture="menus/ks_main_texture_02.png" textureCoordinates="0.00390625,0.54296875,0.41796875,0.453125" />
	</widget>
	<widget class="DmglButton" name="memorial">
		<location>0.3828125,0.4414058,CENTER</location>
		<size>0.12011719,0.071614586</size>
		<blending>true</blending>
		<mouseMotion>true</mouseMotion>
		<mouseSelection>true</mouseSelection>
		<visual type="BUTTON_ACTIVE" texture="menus/ks_main_texture_02.png" textureCoordinates="0.00390625,0.04296875,0.48046875,0.21484375" />
		<visual type="BUTTON_INACTIVE" texture="menus/ks_main_texture_02.png" textureCoordinates="0.00390625,0.04296875,0.48046875,0.21484375" />
		<visual type="BUTTON_PRESSED" texture="menus/ks_main_texture_02.png" textureCoordinates="0.00390625,0.04296875,0.48046875,0.21484375" />
		<visual type="BUTTON_RELEASED" texture="menus/ks_main_texture_02.png" textureCoordinates="0.00390625,0.04296875,0.48046875,0.21484375" />
	</widget>
	<widget class="DmglButton" name="option_03">
		<location>0.3828125,0.2395837,CENTER</location>
		<size>0.068359375,0.05078125</size>
		<blending>true</blending>
		<mouseMotion>true</mouseMotion>
		<mouseSelection>true</mouseSelection>
		<visual type="BUTTON_ACTIVE" texture="menus/ks_main_texture_03.png" textureCoordinates="0.00390625,0.84375,0.2734375,0.15234375" />
		<visual type="BUTTON_INACTIVE" texture="menus/ks_main_texture_03.png" textureCoordinates="0.00390625,0.84375,0.2734375,0.15234375" />
		<visual type="BUTTON_PRESSED" texture="menus/ks_main_texture_03.png" textureCoordinates="0.00390625,0.84375,0.2734375,0.15234375" />
		<visual type="BUTTON_RELEASED" texture="menus/ks_main_texture_03.png" textureCoordinates="0.00390625,0.84375,0.2734375,0.15234375" />
	</widget>
	<widget class="DmglButton" name="reality_01">
		<location>0.13867188,0.049479455,CENTER</location>
		<size>0.2421875,0.057291668</size>
		<blending>true</blending>
		<mouseMotion>true</mouseMotion>
		<mouseSelection>true</mouseSelection>
		<visual type="BUTTON_ACTIVE" texture="menus/ks_main_texture_03.png" textureCoordinates="0.00390625,0.66796875,0.96875,0.171875" />
		<visual type="BUTTON_INACTIVE" texture="menus/ks_main_texture_03.png" textureCoordinates="0.00390625,0.66796875,0.96875,0.171875" />
		<visual type="BUTTON_PRESSED" texture="menus/ks_main_texture_03.png" textureCoordinates="0.00390625,0.66796875,0.96875,0.171875" />
		<visual type="BUTTON_RELEASED" texture="menus/ks_main_texture_03.png" textureCoordinates="0.00390625,0.66796875,0.96875,0.171875" />
	</widget>
	<widget class="DmglButton" name="reality_02">
		<location>0.37890625,0.042969055,CENTER</location>
		<size>0.2421875,0.044270832</size>
		<blending>true</blending>
		<mouseMotion>true</mouseMotion>
		<mouseSelection>true</mouseSelection>
		<visual type="BUTTON_ACTIVE" texture="menus/ks_main_texture_03.png" textureCoordinates="0.00390625,0.53125,0.96875,0.1328125" />
		<visual type="BUTTON_INACTIVE" texture="menus/ks_main_texture_03.png" textureCoordinates="0.00390625,0.53125,0.96875,0.1328125" />
		<visual type="BUTTON_PRESSED" texture="menus/ks_main_texture_03.png" textureCoordinates="0.00390625,0.53125,0.96875,0.1328125" />
		<visual type="BUTTON_RELEASED" texture="menus/ks_main_texture_03.png" textureCoordinates="0.00390625,0.53125,0.96875,0.1328125" />
	</widget>
	<widget class="DmglButton" name="reality_03">
		<location>0.6191406,0.05338573,CENTER</location>
		<size>0.2421875,0.049479168</size>
		<blending>true</blending>
		<mouseMotion>true</mouseMotion>
		<mouseSelection>true</mouseSelection>
		<visual type="BUTTON_ACTIVE" texture="menus/ks_main_texture_03.png" textureCoordinates="0.00390625,0.37890625,0.96875,0.1484375" />
		<visual type="BUTTON_INACTIVE" texture="menus/ks_main_texture_03.png" textureCoordinates="0.00390625,0.37890625,0.96875,0.1484375" />
		<visual type="BUTTON_PRESSED" texture="menus/ks_main_texture_03.png" textureCoordinates="0.00390625,0.37890625,0.96875,0.1484375" />
		<visual type="BUTTON_RELEASED" texture="menus/ks_main_texture_03.png" textureCoordinates="0.00390625,0.37890625,0.96875,0.1484375" />
	</widget>
	<widget class="DmglButton" name="option_buton">
		<location>0.020507812,0.2109369,BOTTOM_LEFT</location>
		<size>0.7167969,0.052083332</size>
		<blending>true</blending>
		<mouseMotion>true</mouseMotion>
		<mouseSelection>true</mouseSelection>
		<visual type="BUTTON_ACTIVE" texture="menus/ks_main_texture_03.png" textureCoordinates="0.0078125,0.1953125,0.171875,0.171875" />
		<visual type="BUTTON_INACTIVE" texture="menus/ks_main_texture_03.png" textureCoordinates="0.00390625,0.046875,0.25,0.25" />
		<visual type="BUTTON_PRESSED" texture="menus/ks_main_texture_03.png" textureCoordinates="0.00390625,0.046875,0.25,0.25" />
		<visual type="BUTTON_RELEASED" texture="menus/ks_main_texture_03.png" textureCoordinates="0.00390625,0.046875,0.25,0.25" />
	</widget>
	<widget class="DmglButton" name="reality_button">
		<location>0.018554688,0.023437815,BOTTOM_LEFT</location>
		<size>0.7207031,0.0390625</size>
		<blending>true</blending>
		<mouseMotion>true</mouseMotion>
		<mouseSelection>true</mouseSelection>
		<visual type="BUTTON_ACTIVE" texture="menus/ks_main_texture_03.png" textureCoordinates="0.0078125,0.1953125,0.171875,0.171875" />
		<visual type="BUTTON_INACTIVE" texture="menus/ks_main_texture_03.png" textureCoordinates="0.0078125,0.1953125,0.171875,0.171875" />
		<visual type="BUTTON_PRESSED" texture="menus/ks_main_texture_03.png" textureCoordinates="0.0078125,0.1953125,0.171875,0.171875" />
		<visual type="BUTTON_RELEASED" texture="menus/ks_main_texture_03.png" textureCoordinates="0.0078125,0.1953125,0.171875,0.171875" />
	</widget>
	<widget class="DmglLabel" name="ok">
		<label>ok</label>
		<location>0.83203125,0.16015662,BOTTOM_LEFT</location>
		<size>0.018554688,0.015625</size>
		<blending>true</blending>
		<font>ARMYC___.TTF</font>
		<fontScale>0.7</fontScale>
		<fontColor>0.3203125,0.2109375,0.72265625,1.0</fontColor>
	</widget>
	<widget class="DmglLabel" name="back">
		<label>back</label>
		<location>0.8310547,0.2083316,BOTTOM_LEFT</location>
		<size>0.049804688,0.020833334</size>
		<blending>true</blending>
		<font>ARMYC___.TTF</font>
		<fontScale>0.7</fontScale>
		<fontColor>0.3203125,0.2109375,0.72265625,1.0</fontColor>
	</widget>
	<widget class="DmglLabel" name="Urbabist(s) :">
		<label>Urbanist (s)  : </label>
		<location>0.77734375,0.3945313,BOTTOM_LEFT</location>
		<size>0.059570312,0.009114583</size>
		<blending>true</blending>
		<font>ARMYC___.TTF</font>
		<fontScale>0.6</fontScale>
		<fontColor>0.3203125,0.2109375,0.72265625,1.0</fontColor>
	</widget>
	<widget class="DmglLabel" name="Legend :">
		<label>Legend  :</label>
		<location>0.7783203,0.24869782,BOTTOM_LEFT</location>
		<size>0.048828125,0.01171875</size>
		<blending>true</blending>
		<font>ARMYC___.TTF</font>
		<fontScale>0.7</fontScale>
		<fontColor>0.3203125,0.2109375,0.72265625,1.0</fontColor>
	</widget>
	<widget class="DmglLabel" name="location title">
		<label>Le texte correspond</label>
		<location>0.78222656,0.5416664,BOTTOM_LEFT</location>
		<size>0.13476562,0.013020833</size>
		<blending>true</blending>
		<font>ARMYC___.TTF</font>
		<fontScale>0.9</fontScale>
		<fontColor>0.3203125,0.2109375,0.72265625,1.0</fontColor>
	</widget>
</panel>