<!-- Residence voice over mapping -->

<voiceOverMapping>

	<character>
		<skinID>kenny</skinID>
		<gcomplete>voice01</gcomplete>
		<toilet>voice02</toilet>
		<bed>voice07</bed>
	</character>


	<character>
		<skinID>spenny</skinID>
		<gcomplete>voice04</gcomplete>
		<toilet>voice01</toilet>
		<bed>voice08</bed>
	</character>


	<character>
		<skinID>miriam</skinID>
		<gcomplete>voice03</gcomplete>
		<toilet>voice02</toilet>
		<bed>voice04</bed>
	</character>



	<character>
		<skinID>kristen</skinID>
		<gcomplete>voice01</gcomplete>
		<toilet>voice02</toilet>
		<bed>voice03</bed>
	</character>

</voiceOverMapping>
