<panel name="">
	<widget class="DmglLabel" name="Urbanist(s) :">
		<label>Urbanist(s) : </label>
		<location>0.8105469,0.39843747,CENTER</location>
		<zlocation>1</zlocation>
		<size>0.064453125,0.009114583</size>
		<blending>true</blending>
		<font>ARMYC___.TTF</font>
		<fontScale>0.63</fontScale>
		<fontColor>0.3203125,0.2109375,0.72265625,1.0</fontColor>
	</widget>
	<widget class="DmglLabel" name="Kenny Hotz">
		<label>Kenny Hotz</label>
		<location>0.859375,0.39453134,BOTTOM_LEFT</location>
		<zlocation>2</zlocation>
		<size>0.125,0.020833334</size>
		<blending>true</blending>
		<font>ARMYC___.TTF</font>
		<fontScale>0.63</fontScale>
		<fontColor>0.3203125,0.2109375,0.72265625,1.0</fontColor>
	</widget>
	<widget class="DmglLabel" name="Spencer Rice">
		<label>Spencer Rice</label>
		<location>0.859375,0.37109384,BOTTOM_LEFT</location>
		<zlocation>2</zlocation>
		<size>0.14941406,0.020833334</size>
		<blending>true</blending>
		<font>ARMYC___.TTF</font>
		<fontScale>0.63</fontScale>
		<fontColor>0.3203125,0.2109375,0.72265625,1.0</fontColor>
	</widget>
	<widget class="DmglLabel" name="plan number">
		<label>PL # kvs 626 - 7</label>
		<location>0.859375,0.32812518,CENTER</location>
		<zlocation>2</zlocation>
		<size>0.13183594,0.015625</size>
		<blending>true</blending>
		<font>ARMYC___.TTF</font>
		<fontScale>0.76</fontScale>
		<fontColor>0.3203125,0.2109375,0.72265625,1.0</fontColor>
	</widget>
</panel>