<panel name="">
	<widget class="DmglImage" name="haut_gauche">
		<location>0.0,0.3333333,BOTTOM_LEFT</location>
		<zlocation>6</zlocation>
		<size>0.5,0.6666667</size>
		<blending>false</blending>
		<texture>menus/ks_captures_screen_01.jpg</texture>
		<textureLocation>0.0,0.0</textureLocation>
		<textureSize>1.0,1.0</textureSize>
	</widget>
	<widget class="DmglImage" name="haut_droite">
		<location>0.5,0.3333333,BOTTOM_LEFT</location>
		<zlocation>6</zlocation>
		<size>0.5,0.6666667</size>
		<blending>false</blending>
		<texture>menus/ks_captures_screen_02.jpg</texture>
		<textureLocation>0.0,0.0</textureLocation>
		<textureSize>1.0,1.0</textureSize>
	</widget>
	<widget class="DmglImage" name="bas_gauche">
		<location>0.0,-0.0013020834,BOTTOM_LEFT</location>
		<zlocation>6</zlocation>
		<size>0.5,0.33333334</size>
		<blending>false</blending>
		<texture>menus/ks_captures_screen_03.jpg</texture>
		<textureLocation>0.0,0.0</textureLocation>
		<textureSize>1.0,1.0</textureSize>
	</widget>
	<widget class="DmglImage" name="bas_droite">
		<location>0.5,0.0,BOTTOM_LEFT</location>
		<zlocation>6</zlocation>
		<size>0.5,0.33333334</size>
		<blending>false</blending>
		<texture>menus/ks_captures_screen_04.jpg</texture>
		<textureLocation>0.0,0.0</textureLocation>
		<textureSize>1.0,1.0</textureSize>
	</widget>
	<widget class="DmglLabel" name="captured">
		<label>CAPTURED!</label>
		<location>0.38476562,0.14583328,BOTTOM_LEFT</location>
		<zlocation>1</zlocation>
		<size>0.11230469,0.020833334</size>
		<blending>true</blending>
		<font>ARMYC___.TTF</font>
		<fontScale>2.47</fontScale>
		<fontColor>0.3203125,0.2109375,0.72265625,1.0</fontColor>
	</widget>
	<widget class="DmglLabel" name="various">
		<label>Appropriate text here</label>
		<location>0.28125,0.07031279,BOTTOM_LEFT</location>
		<zlocation>1</zlocation>
		<size>0.39941406,0.037760418</size>
		<blending>true</blending>
		<font>ARMYC___.TTF</font>
		<fontScale>2.47</fontScale>
		<fontColor>0.3203125,0.2109375,0.72265625,1.0</fontColor>
	</widget>
</panel>