<panel name="">
	<widget class="DmglImage" name="background_01">
		<location>0.0,0.33333334,BOTTOM_LEFT</location>
		<size>0.5,0.6666667</size>
		<blending>false</blending>
		<texture>menus\ks_common_background_01.jpg</texture>
		<textureLocation>0.0,0.0</textureLocation>
		<textureSize>1.0,1.0</textureSize>
	</widget>
	<widget class="DmglImage" name="background_02">
		<location>0.5,0.3333335,BOTTOM_LEFT</location>
		<size>0.5,0.6666667</size>
		<blending>false</blending>
		<texture>menus\ks_common_background_02.jpg</texture>
		<textureLocation>0.0,0.0</textureLocation>
		<textureSize>1.0,1.0</textureSize>
	</widget>
	<widget class="DmglImage" name="background_03">
		<location>0.0,0.0,BOTTOM_LEFT</location>
		<size>0.5,0.33333334</size>
		<blending>false</blending>
		<texture>menus\ks_common_background_03.jpg</texture>
		<textureLocation>0.0,0.0</textureLocation>
		<textureSize>1.0,1.0</textureSize>
	</widget>
	<widget class="DmglImage" name="background_04">
		<location>0.5,0.0,BOTTOM_LEFT</location>
		<size>0.5,0.33333334</size>
		<blending>false</blending>
		<texture>menus\ks_common_background_04.jpg</texture>
		<textureLocation>0.0,0.0</textureLocation>
		<textureSize>1.0,1.0</textureSize>
	</widget>
	<widget class="DmglImage" name="arrow_1">
		<location>0.16796875,0.7591121,BOTTOM_LEFT</location>
		<size>0.5,0.083333336</size>
		<blending>true</blending>
		<texture>menus\ks_memorial_arrow_01.png</texture>
		<textureLocation>0.0,0.0</textureLocation>
		<textureSize>1.0,1.0</textureSize>
	</widget>
	<widget class="DmglImage" name="arrow_2">
		<location>0.16699219,0.27734357,BOTTOM_LEFT</location>
		<size>0.5,0.083333336</size>
		<blending>true</blending>
		<texture>menus\ks_memorial_arrow_02.png</texture>
		<textureLocation>0.0,0.0</textureLocation>
		<textureSize>1.0,1.0</textureSize>
	</widget>
	<widget class="DmglImage" name="line_2">
		<location>0.7753906,0.16406244,BOTTOM_LEFT</location>
		<size>0.0546875,0.083333336</size>
		<blending>true</blending>
		<texture>menus\ks_common_line_01.png</texture>
		<textureLocation>0.0,0.0</textureLocation>
		<textureSize>1.0,1.0</textureSize>
	</widget>
	<widget class="DmglImage" name="plan_01">
		<location>0.7363281,0.524739,BOTTOM_LEFT</location>
		<size>0.25,0.33333334</size>
		<blending>false</blending>
		<texture>menus\ks_common_memorial_01.jpg</texture>
		<textureLocation>0.0,0.0</textureLocation>
		<textureSize>1.0,1.0</textureSize>
	</widget>
	<widget class="DmglImage" name="line_1">
		<location>0.81640625,0.45703244,BOTTOM_LEFT</location>
		<size>0.07714844,0.083333336</size>
		<blending>true</blending>
		<texture>menus\ks_common_line_01.png</texture>
		<textureLocation>0.0,0.0</textureLocation>
		<textureSize>1.0,1.0</textureSize>
	</widget>
	<widget class="DmglButton" name="The Assistant">
		<location>0.6582031,0.6992188,CENTER</location>
		<size>0.0625,0.16666667</size>
		<blending>true</blending>
		<textureLocation>0.0,0.0</textureLocation>
		<textureSize>1.0,1.0</textureSize>
		<mouseMotion>true</mouseMotion>
		<mouseSelection>true</mouseSelection>
		<visual type="BUTTON_ACTIVE" texture="menus\ks_memorial_medal_04.png" />
		<visual type="BUTTON_INACTIVE" texture="menus\ks_memorial_medal_04_4.png" />
		<visual type="BUTTON_PRESSED" texture="menus\ks_memorial_medal_04.png" />
		<visual type="BUTTON_RELEASED" texture="menus\ks_memorial_medal_04.png" />
	</widget>
	<widget class="DmglButton" name="Chatterbox">
		<location>0.5957031,0.6992187,CENTER</location>
		<size>0.0625,0.16666667</size>
		<blending>true</blending>
		<textureLocation>0.0,0.0</textureLocation>
		<textureSize>1.0,1.0</textureSize>
		<mouseMotion>true</mouseMotion>
		<mouseSelection>true</mouseSelection>
		<visual type="BUTTON_ACTIVE" texture="menus\ks_memorial_medal_04.png" />
		<visual type="BUTTON_INACTIVE" texture="menus\ks_memorial_medal_04_3.png" />
		<visual type="BUTTON_PRESSED" texture="menus\ks_memorial_medal_04.png" />
		<visual type="BUTTON_RELEASED" texture="menus\ks_memorial_medal_04.png" />
	</widget>
	<widget class="DmglButton" name="Hitman">
		<location>0.5332031,0.6992187,CENTER</location>
		<size>0.0625,0.16666667</size>
		<blending>true</blending>
		<textureLocation>0.0,0.0</textureLocation>
		<textureSize>1.0,1.0</textureSize>
		<mouseMotion>true</mouseMotion>
		<mouseSelection>true</mouseSelection>
		<visual type="BUTTON_ACTIVE" texture="menus\ks_memorial_medal_04.png" />
		<visual type="BUTTON_INACTIVE" texture="menus\ks_memorial_medal_04_2.png" />
		<visual type="BUTTON_PRESSED" texture="menus\ks_memorial_medal_04.png" />
		<visual type="BUTTON_RELEASED" texture="menus\ks_memorial_medal_04.png" />
	</widget>
	<widget class="DmglButton" name="The Contaminator ">
		<location>0.46972656,0.6992186,CENTER</location>
		<size>0.0625,0.16666667</size>
		<blending>true</blending>
		<textureLocation>0.0,0.0</textureLocation>
		<textureSize>1.0,1.0</textureSize>
		<mouseMotion>true</mouseMotion>
		<mouseSelection>true</mouseSelection>
		<visual type="BUTTON_ACTIVE" texture="menus\ks_memorial_medal_04.png" />
		<visual type="BUTTON_INACTIVE" texture="menus\ks_memorial_medal_04_1.png" />
		<visual type="BUTTON_PRESSED" texture="menus\ks_memorial_medal_04.png" />
		<visual type="BUTTON_RELEASED" texture="menus\ks_memorial_medal_04.png" />
	</widget>
	<widget class="DmglButton" name="Pumpkin Smasher">
		<location>0.47070312,0.5013022,CENTER</location>
		<size>0.0625,0.16666667</size>
		<blending>true</blending>
		<textureLocation>0.0,0.0</textureLocation>
		<textureSize>1.0,1.0</textureSize>
		<mouseMotion>true</mouseMotion>
		<mouseSelection>true</mouseSelection>
		<visual type="BUTTON_ACTIVE" texture="menus\ks_memorial_medal_04.png" />
		<visual type="BUTTON_INACTIVE" texture="menus\ks_memorial_medal_04_5.png" />
		<visual type="BUTTON_PRESSED" texture="menus\ks_memorial_medal_04.png" />
		<visual type="BUTTON_RELEASED" texture="menus\ks_memorial_medal_04.png" />
	</widget>
	<widget class="DmglButton" name="Party Pooper">
		<location>0.5341797,0.50130206,CENTER</location>
		<size>0.0625,0.16666667</size>
		<blending>true</blending>
		<textureLocation>0.0,0.0</textureLocation>
		<textureSize>1.0,1.0</textureSize>
		<mouseMotion>true</mouseMotion>
		<mouseSelection>true</mouseSelection>
		<visual type="BUTTON_ACTIVE" texture="menus\ks_memorial_medal_04.png" />
		<visual type="BUTTON_INACTIVE" texture="menus\ks_memorial_medal_04_6.png" />
		<visual type="BUTTON_PRESSED" texture="menus\ks_memorial_medal_04.png" />
		<visual type="BUTTON_RELEASED" texture="menus\ks_memorial_medal_04.png" />
	</widget>
	<widget class="DmglButton" name="Neat Freak">
		<location>0.5966797,0.50130206,CENTER</location>
		<size>0.0625,0.16666667</size>
		<blending>true</blending>
		<textureLocation>0.0,0.0</textureLocation>
		<textureSize>1.0,1.0</textureSize>
		<mouseMotion>true</mouseMotion>
		<mouseSelection>true</mouseSelection>
		<visual type="BUTTON_ACTIVE" texture="menus\ks_memorial_medal_04.png" />
		<visual type="BUTTON_INACTIVE" texture="menus\ks_memorial_medal_04_7.png" />
		<visual type="BUTTON_PRESSED" texture="menus\ks_memorial_medal_04.png" />
		<visual type="BUTTON_RELEASED" texture="menus\ks_memorial_medal_04.png" />
	</widget>
	<widget class="DmglButton" name="Runway Model">
		<location>0.6591797,0.50130206,CENTER</location>
		<size>0.0625,0.16666667</size>
		<blending>true</blending>
		<textureLocation>0.0,0.0</textureLocation>
		<textureSize>1.0,1.0</textureSize>
		<mouseMotion>true</mouseMotion>
		<mouseSelection>true</mouseSelection>
		<visual type="BUTTON_ACTIVE" texture="menus\ks_memorial_medal_04.png" />
		<visual type="BUTTON_INACTIVE" texture="menus\ks_memorial_medal_04_8.png" />
		<visual type="BUTTON_PRESSED" texture="menus\ks_memorial_medal_04.png" />
		<visual type="BUTTON_RELEASED" texture="menus\ks_memorial_medal_04.png" />
	</widget>
	<widget class="DmglButton" name="Shopping Spree">
		<location>0.36816406,0.61588544,CENTER</location>
		<size>0.125,0.33333334</size>
		<blending>true</blending>
		<textureLocation>0.0,0.0</textureLocation>
		<textureSize>1.0,1.0</textureSize>
		<mouseMotion>true</mouseMotion>
		<mouseSelection>true</mouseSelection>
		<visual type="BUTTON_ACTIVE" texture="menus\ks_memorial_medal_03.png" />
		<visual type="BUTTON_INACTIVE" texture="menus\ks_memorial_medal_03_1.png" />
		<visual type="BUTTON_PRESSED" texture="menus\ks_memorial_medal_03.png" />
		<visual type="BUTTON_RELEASED" texture="menus\ks_memorial_medal_03.png" />
	</widget>
	<widget class="DmglButton" name="Express Checkout">
		<location>0.43164062,0.61588526,CENTER</location>
		<size>0.125,0.33333334</size>
		<blending>true</blending>
		<textureLocation>0.0,0.0</textureLocation>
		<textureSize>1.0,1.0</textureSize>
		<mouseMotion>true</mouseMotion>
		<mouseSelection>true</mouseSelection>
		<visual type="BUTTON_ACTIVE" texture="menus\ks_memorial_medal_03.png" />
		<visual type="BUTTON_INACTIVE" texture="menus\ks_memorial_medal_03_2.png" />
		<visual type="BUTTON_PRESSED" texture="menus\ks_memorial_medal_03.png" />
		<visual type="BUTTON_RELEASED" texture="menus\ks_memorial_medal_03.png" />
	</widget>
	<widget class="DmglButton" name="Smooth Shopper">
		<location>0.36816406,0.41796812,CENTER</location>
		<size>0.125,0.33333334</size>
		<blending>true</blending>
		<textureLocation>0.0,0.0</textureLocation>
		<textureSize>1.0,1.0</textureSize>
		<mouseMotion>true</mouseMotion>
		<mouseSelection>true</mouseSelection>
		<visual type="BUTTON_ACTIVE" texture="menus\ks_memorial_medal_03.png" />
		<visual type="BUTTON_INACTIVE" texture="menus\ks_memorial_medal_03_3.png" />
		<visual type="BUTTON_PRESSED" texture="menus\ks_memorial_medal_03.png" />
		<visual type="BUTTON_RELEASED" texture="menus\ks_memorial_medal_03.png" />
	</widget>
	<widget class="DmglButton" name="Honest Roller">
		<location>0.43164062,0.41796812,CENTER</location>
		<size>0.125,0.33333334</size>
		<blending>true</blending>
		<textureLocation>0.0,0.0</textureLocation>
		<textureSize>1.0,1.0</textureSize>
		<mouseMotion>true</mouseMotion>
		<mouseSelection>true</mouseSelection>
		<visual type="BUTTON_ACTIVE" texture="menus\ks_memorial_medal_03.png" />
		<visual type="BUTTON_INACTIVE" texture="menus\ks_memorial_medal_03_4.png" />
		<visual type="BUTTON_PRESSED" texture="menus\ks_memorial_medal_03.png" />
		<visual type="BUTTON_RELEASED" texture="menus\ks_memorial_medal_03.png" />
	</widget>
	<widget class="DmglButton" name="Lemming">
		<location>0.5654297,0.21744615,CENTER</location>
		<size>0.0625,0.16666667</size>
		<blending>true</blending>
		<textureLocation>0.0,0.0</textureLocation>
		<textureSize>1.0,1.0</textureSize>
		<mouseMotion>true</mouseMotion>
		<mouseSelection>true</mouseSelection>
		<visual type="BUTTON_ACTIVE" texture="menus\ks_memorial_medal_04.png" />
		<visual type="BUTTON_INACTIVE" texture="menus\ks_memorial_medal_04_9.png" />
		<visual type="BUTTON_PRESSED" texture="menus\ks_memorial_medal_04.png" />
		<visual type="BUTTON_RELEASED" texture="menus\ks_memorial_medal_04.png" />
	</widget>
	<widget class="DmglButton" name="Bed Wetter">
		<location>0.6279297,0.21744615,CENTER</location>
		<size>0.0625,0.16666667</size>
		<blending>true</blending>
		<textureLocation>0.0,0.0</textureLocation>
		<textureSize>1.0,1.0</textureSize>
		<mouseMotion>true</mouseMotion>
		<mouseSelection>true</mouseSelection>
		<visual type="BUTTON_ACTIVE" texture="menus\ks_memorial_medal_04.png" />
		<visual type="BUTTON_INACTIVE" texture="menus\ks_memorial_medal_04_10.png" />
		<visual type="BUTTON_PRESSED" texture="menus\ks_memorial_medal_04.png" />
		<visual type="BUTTON_RELEASED" texture="menus\ks_memorial_medal_04.png" />
	</widget>
	<widget class="DmglButton" name="Granny">
		<location>0.40039062,0.13411313,CENTER</location>
		<size>0.125,0.33333334</size>
		<blending>true</blending>
		<textureLocation>0.0,0.0</textureLocation>
		<textureSize>1.0,1.0</textureSize>
		<mouseMotion>true</mouseMotion>
		<mouseSelection>true</mouseSelection>
		<visual type="BUTTON_ACTIVE" texture="menus\ks_memorial_medal_03.png" />
		<visual type="BUTTON_INACTIVE" texture="menus\ks_memorial_medal_03_5.png" />
		<visual type="BUTTON_PRESSED" texture="menus\ks_memorial_medal_03.png" />
		<visual type="BUTTON_RELEASED" texture="menus\ks_memorial_medal_03.png" />
	</widget>
	<widget class="DmglButton" name="Coupon Cutter">
		<location>0.4638672,0.13411313,CENTER</location>
		<size>0.125,0.33333334</size>
		<blending>true</blending>
		<textureLocation>0.0,0.0</textureLocation>
		<textureSize>1.0,1.0</textureSize>
		<mouseMotion>true</mouseMotion>
		<mouseSelection>true</mouseSelection>
		<visual type="BUTTON_ACTIVE" texture="menus\ks_memorial_medal_03.png" />
		<visual type="BUTTON_INACTIVE" texture="menus\ks_memorial_medal_03_6.png" />
		<visual type="BUTTON_PRESSED" texture="menus\ks_memorial_medal_03.png" />
		<visual type="BUTTON_RELEASED" texture="menus\ks_memorial_medal_03.png" />
	</widget>
	<widget class="DmglButton" name="Drunkard">
		<location>0.52734375,0.13411313,CENTER</location>
		<size>0.125,0.33333334</size>
		<blending>true</blending>
		<textureLocation>0.0,0.0</textureLocation>
		<textureSize>1.0,1.0</textureSize>
		<mouseMotion>true</mouseMotion>
		<mouseSelection>true</mouseSelection>
		<visual type="BUTTON_ACTIVE" texture="menus\ks_memorial_medal_03.png" />
		<visual type="BUTTON_INACTIVE" texture="menus\ks_memorial_medal_03_7.png" />
		<visual type="BUTTON_PRESSED" texture="menus\ks_memorial_medal_03.png" />
		<visual type="BUTTON_RELEASED" texture="menus\ks_memorial_medal_03.png" />
	</widget>
	<widget class="DmglButton" name="Panning for Cerebellum">
		<location>0.21777344,0.7005178,CENTER</location>
		<size>0.0625,0.16666667</size>
		<blending>true</blending>
		<textureLocation>0.0,0.0</textureLocation>
		<textureSize>1.0,1.0</textureSize>
		<mouseMotion>true</mouseMotion>
		<mouseSelection>true</mouseSelection>
		<visual type="BUTTON_ACTIVE" texture="menus\ks_memorial_medal_02.png" />
		<visual type="BUTTON_INACTIVE" texture="menus\ks_memorial_medal_02_1.png" />
		<visual type="BUTTON_PRESSED" texture="menus\ks_memorial_medal_02.png" />
		<visual type="BUTTON_RELEASED" texture="menus\ks_memorial_medal_02.png" />
	</widget>
	<widget class="DmglButton" name="Ectoplasm Expert">
		<location>0.28027344,0.7005178,CENTER</location>
		<size>0.0625,0.16666667</size>
		<blending>true</blending>
		<textureLocation>0.0,0.0</textureLocation>
		<textureSize>1.0,1.0</textureSize>
		<mouseMotion>true</mouseMotion>
		<mouseSelection>true</mouseSelection>
		<visual type="BUTTON_ACTIVE" texture="menus\ks_memorial_medal_02.png" />
		<visual type="BUTTON_INACTIVE" texture="menus\ks_memorial_medal_02_2.png" />
		<visual type="BUTTON_PRESSED" texture="menus\ks_memorial_medal_02.png" />
		<visual type="BUTTON_RELEASED" texture="menus\ks_memorial_medal_02.png" />
	</widget>
	<widget class="DmglButton" name="Noggin Stuffer">
		<location>0.21777344,0.5026041,CENTER</location>
		<size>0.0625,0.16666667</size>
		<blending>true</blending>
		<textureLocation>0.0,0.0</textureLocation>
		<textureSize>1.0,1.0</textureSize>
		<mouseMotion>true</mouseMotion>
		<mouseSelection>true</mouseSelection>
		<visual type="BUTTON_ACTIVE" texture="menus\ks_memorial_medal_02.png" />
		<visual type="BUTTON_INACTIVE" texture="menus\ks_memorial_medal_02_3.png" />
		<visual type="BUTTON_PRESSED" texture="menus\ks_memorial_medal_02.png" />
		<visual type="BUTTON_RELEASED" texture="menus\ks_memorial_medal_02.png" />
	</widget>
	<widget class="DmglButton" name="Howitzer Arm">
		<location>0.28027344,0.5026041,CENTER</location>
		<size>0.0625,0.16666667</size>
		<blending>true</blending>
		<textureLocation>0.0,0.0</textureLocation>
		<textureSize>1.0,1.0</textureSize>
		<mouseMotion>true</mouseMotion>
		<mouseSelection>true</mouseSelection>
		<visual type="BUTTON_ACTIVE" texture="menus\ks_memorial_medal_02.png" />
		<visual type="BUTTON_INACTIVE" texture="menus\ks_memorial_medal_02_4.png" />
		<visual type="BUTTON_PRESSED" texture="menus\ks_memorial_medal_02.png" />
		<visual type="BUTTON_RELEASED" texture="menus\ks_memorial_medal_02.png" />
	</widget>
	<widget class="DmglButton" name="Crypt coward">
		<location>0.24902344,0.21874821,CENTER</location>
		<size>0.0625,0.16666667</size>
		<blending>true</blending>
		<textureLocation>0.0,0.0</textureLocation>
		<textureSize>1.0,1.0</textureSize>
		<mouseMotion>true</mouseMotion>
		<mouseSelection>true</mouseSelection>
		<visual type="BUTTON_ACTIVE" texture="menus\ks_memorial_medal_02.png" />
		<visual type="BUTTON_INACTIVE" texture="menus\ks_memorial_medal_02_5.png" />
		<visual type="BUTTON_PRESSED" texture="menus\ks_memorial_medal_02.png" />
		<visual type="BUTTON_RELEASED" texture="menus\ks_memorial_medal_02.png" />
	</widget>
	<widget class="DmglButton" name="Limp wrist">
		<location>0.31152344,0.21874823,CENTER</location>
		<size>0.0625,0.16666667</size>
		<blending>true</blending>
		<textureLocation>0.0,0.0</textureLocation>
		<textureSize>1.0,1.0</textureSize>
		<mouseMotion>true</mouseMotion>
		<mouseSelection>true</mouseSelection>
		<visual type="BUTTON_ACTIVE" texture="menus\ks_memorial_medal_02.png" />
		<visual type="BUTTON_INACTIVE" texture="menus\ks_memorial_medal_02_6.png" />
		<visual type="BUTTON_PRESSED" texture="menus\ks_memorial_medal_02.png" />
		<visual type="BUTTON_RELEASED" texture="menus\ks_memorial_medal_02.png" />
	</widget>
	<widget class="DmglButton" name="Electrician">
		<location>0.09472656,0.7005178,CENTER</location>
		<size>0.0625,0.16666667</size>
		<blending>true</blending>
		<textureLocation>0.0,0.0</textureLocation>
		<textureSize>1.0,1.0</textureSize>
		<mouseMotion>true</mouseMotion>
		<mouseSelection>true</mouseSelection>
		<visual type="BUTTON_ACTIVE" texture="menus\ks_memorial_medal_01.png" />
		<visual type="BUTTON_INACTIVE" texture="menus\ks_memorial_medal_01_1.png" />
		<visual type="BUTTON_PRESSED" texture="menus\ks_memorial_medal_01.png" />
		<visual type="BUTTON_RELEASED" texture="menus\ks_memorial_medal_01.png" />
	</widget>
	<widget class="DmglButton" name="Dennis The Menace">
		<location>0.15722656,0.7005178,CENTER</location>
		<size>0.0625,0.16666667</size>
		<blending>true</blending>
		<textureLocation>0.0,0.0</textureLocation>
		<textureSize>1.0,1.0</textureSize>
		<mouseMotion>true</mouseMotion>
		<mouseSelection>true</mouseSelection>
		<visual type="BUTTON_ACTIVE" texture="menus\ks_memorial_medal_01.png" />
		<visual type="BUTTON_INACTIVE" texture="menus\ks_memorial_medal_01_2.png" />
		<visual type="BUTTON_PRESSED" texture="menus\ks_memorial_medal_01.png" />
		<visual type="BUTTON_RELEASED" texture="menus\ks_memorial_medal_01.png" />
	</widget>
	<widget class="DmglButton" name="Slippery Eel">
		<location>0.09472656,0.5026041,CENTER</location>
		<size>0.0625,0.16666667</size>
		<blending>true</blending>
		<textureLocation>0.0,0.0</textureLocation>
		<textureSize>1.0,1.0</textureSize>
		<mouseMotion>true</mouseMotion>
		<mouseSelection>true</mouseSelection>
		<visual type="BUTTON_ACTIVE" texture="menus\ks_memorial_medal_01.png" />
		<visual type="BUTTON_INACTIVE" texture="menus\ks_memorial_medal_01_3.png" />
		<visual type="BUTTON_PRESSED" texture="menus\ks_memorial_medal_01.png" />
		<visual type="BUTTON_RELEASED" texture="menus\ks_memorial_medal_01.png" />
	</widget>
	<widget class="DmglButton" name="Speedy Shadow">
		<location>0.15722656,0.5026041,CENTER</location>
		<size>0.0625,0.16666667</size>
		<blending>true</blending>
		<textureLocation>0.0,0.0</textureLocation>
		<textureSize>1.0,1.0</textureSize>
		<mouseMotion>true</mouseMotion>
		<mouseSelection>true</mouseSelection>
		<visual type="BUTTON_ACTIVE" texture="menus\ks_memorial_medal_01.png" />
		<visual type="BUTTON_INACTIVE" texture="menus\ks_memorial_medal_01_4.png" />
		<visual type="BUTTON_PRESSED" texture="menus\ks_memorial_medal_01.png" />
		<visual type="BUTTON_RELEASED" texture="menus\ks_memorial_medal_01.png" />
	</widget>
	<widget class="DmglButton" name="Hamper Hamperer">
		<location>0.12597656,0.21874823,CENTER</location>
		<size>0.0625,0.16666667</size>
		<blending>true</blending>
		<textureLocation>0.0,0.0</textureLocation>
		<textureSize>1.0,1.0</textureSize>
		<mouseMotion>true</mouseMotion>
		<mouseSelection>true</mouseSelection>
		<visual type="BUTTON_ACTIVE" texture="menus\ks_memorial_medal_01.png" />
		<visual type="BUTTON_INACTIVE" texture="menus\ks_memorial_medal_01_5.png" />
		<visual type="BUTTON_PRESSED" texture="menus\ks_memorial_medal_01.png" />
		<visual type="BUTTON_RELEASED" texture="menus\ks_memorial_medal_01.png" />
	</widget>
	<widget class="DmglButton" name="Vandal">
		<location>0.18847656,0.21874823,CENTER</location>
		<size>0.0625,0.16666667</size>
		<blending>true</blending>
		<textureLocation>0.0,0.0</textureLocation>
		<textureSize>1.0,1.0</textureSize>
		<mouseMotion>true</mouseMotion>
		<mouseSelection>true</mouseSelection>
		<visual type="BUTTON_ACTIVE" texture="menus\ks_memorial_medal_01.png" />
		<visual type="BUTTON_INACTIVE" texture="menus\ks_memorial_medal_01_6.png" />
		<visual type="BUTTON_PRESSED" texture="menus\ks_memorial_medal_01.png" />
		<visual type="BUTTON_RELEASED" texture="menus\ks_memorial_medal_01.png" />
	</widget>
	<widget class="DmglButton" name="underpants_1">
		<location>0.6191406,0.35286346,CENTER</location>
		<size>0.0625,0.083333336</size>
		<blending>true</blending>
		<textureLocation>0.0,0.0</textureLocation>
		<textureSize>1.0,1.0</textureSize>
		<mouseMotion>true</mouseMotion>
		<mouseSelection>true</mouseSelection>
		<visual type="BUTTON_ACTIVE" texture="menus\ks_memorial_underpants_01.png" />
		<visual type="BUTTON_INACTIVE" texture="menus\ks_memorial_underpants_02.png" />
		<visual type="BUTTON_PRESSED" texture="menus\ks_memorial_underpants_01.png" />
		<visual type="BUTTON_RELEASED" texture="menus\ks_memorial_underpants_01.png" />
	</widget>
	<widget class="DmglButton" name="key_1">
		<location>0.6611328,0.82551587,CENTER</location>
		<size>0.25,0.083333336</size>
		<blending>true</blending>
		<textureLocation>0.0,0.0</textureLocation>
		<textureSize>1.0,1.0</textureSize>
		<mouseMotion>true</mouseMotion>
		<mouseSelection>true</mouseSelection>
		<visual type="BUTTON_ACTIVE" texture="menus\ks_memorial_key_01.png" />
		<visual type="BUTTON_INACTIVE" texture="menus\ks_memorial_key_02.png" />
		<visual type="BUTTON_PRESSED" texture="menus\ks_memorial_key_01.png" />
		<visual type="BUTTON_RELEASED" texture="menus\ks_memorial_key_01.png" />
	</widget>
	<widget class="DmglLabel" name="back">
		<label>back</label>
		<location>0.8310547,0.2083316,BOTTOM_LEFT</location>
		<size>0.049804688,0.020833334</size>
		<blending>true</blending>
		<font>ARMYC___.TTF</font>
		<fontScale>0.7</fontScale>
		<fontColor>0.3203125,0.2109375,0.72265625,1.0</fontColor>
	</widget>
	<widget class="DmglLabel" name="Urbabist(s) :">
		<label>Urbanist (s)  : </label>
		<location>0.77734375,0.3945313,BOTTOM_LEFT</location>
		<size>0.059570312,0.009114583</size>
		<blending>true</blending>
		<font>ARMYC___.TTF</font>
		<fontScale>0.6</fontScale>
		<fontColor>0.3203125,0.2109375,0.72265625,1.0</fontColor>
	</widget>
	<widget class="DmglLabel" name="Legend :">
		<label>Legend  :</label>
		<location>0.7783203,0.24869782,BOTTOM_LEFT</location>
		<size>0.048828125,0.01171875</size>
		<blending>true</blending>
		<font>ARMYC___.TTF</font>
		<fontScale>0.7</fontScale>
		<fontColor>0.3203125,0.2109375,0.72265625,1.0</fontColor>
	</widget>
	<widget class="DmglLabel" name="MASTER">
		<label>MASTER</label>
		<location>0.056640625,0.82682234,BOTTOM_LEFT</location>
		<size>0.048828125,0.020833334</size>
		<blending>true</blending>
		<font>ARMYC___.TTF</font>
		<fontScale>0.9</fontScale>
		<fontColor>0.3203125,0.2109375,0.72265625,1.0</fontColor>
	</widget>
	<widget class="DmglLabel" name="SLAVE">
		<label>SLAVE</label>
		<location>0.056640625,0.34505218,BOTTOM_LEFT</location>
		<size>0.0625,0.020833334</size>
		<blending>true</blending>
		<font>ARMYC___.TTF</font>
		<fontScale>0.9</fontScale>
		<fontColor>0.3203125,0.2109375,0.72265625,1.0</fontColor>
	</widget>
	<widget class="DmglLabel" name="NOTE">
		<label>NOTE :</label>
		<location>0.056640625,0.054687474,BOTTOM_LEFT</location>
		<size>0.037109375,0.01171875</size>
		<blending>true</blending>
		<font>ARMYC___.TTF</font>
		<fontScale>0.9</fontScale>
		<fontColor>0.3203125,0.2109375,0.72265625,1.0</fontColor>
	</widget>
	<widget class="DmglLabel" name="LBL_MEDAL_TEXT">
		<label>Text de la medaille</label>
		<location>0.109375,0.054687455,BOTTOM_LEFT</location>
		<size>0.23730469,0.020833334</size>
		<blending>true</blending>
		<font>ARMYC___.TTF</font>
		<fontScale>0.9</fontScale>
		<fontColor>0.3203125,0.2109375,0.72265625,1.0</fontColor>
	</widget>
	<widget class="DmglLabel" name="title">
		<label>SINGLE  PLAYER</label>
		<location>0.055664062,0.89192677,BOTTOM_LEFT</location>
		<size>0.22363281,0.028645834</size>
		<blending>true</blending>
		<font>ARMYC___.TTF</font>
		<fontScale>1.9</fontScale>
		<fontColor>0.3203125,0.2109375,0.72265625,1.0</fontColor>
	</widget>
	<widget class="DmglLabel" name="location title">
		<label>Memorial</label>
		<location>0.82128906,0.5416664,BOTTOM_LEFT</location>
		<size>0.0546875,0.01171875</size>
		<blending>true</blending>
		<font>ARMYC___.TTF</font>
		<fontScale>0.9</fontScale>
		<fontColor>0.3203125,0.2109375,0.72265625,1.0</fontColor>
	</widget>
</panel>