<panel name="">
	<widget class="DmglImage" name="background_01">
		<location>0.0,0.33333334,BOTTOM_LEFT</location>
		<size>0.5,0.6666667</size>
		<blending>false</blending>
		<texture>menus\ks_common_background_01.jpg</texture>
		<textureLocation>0.0,0.0</textureLocation>
		<textureSize>1.0,1.0</textureSize>
	</widget>
	<widget class="DmglImage" name="background_02">
		<location>0.5,0.3333335,BOTTOM_LEFT</location>
		<size>0.5,0.6666667</size>
		<blending>false</blending>
		<texture>menus\ks_common_background_02.jpg</texture>
		<textureLocation>0.0,0.0</textureLocation>
		<textureSize>1.0,1.0</textureSize>
	</widget>
	<widget class="DmglImage" name="background_03">
		<location>0.0,0.0,BOTTOM_LEFT</location>
		<size>0.5,0.33333334</size>
		<blending>false</blending>
		<texture>menus\ks_common_background_03.jpg</texture>
		<textureLocation>0.0,0.0</textureLocation>
		<textureSize>1.0,1.0</textureSize>
	</widget>
	<widget class="DmglImage" name="background_04">
		<location>0.5,0.0,BOTTOM_LEFT</location>
		<size>0.5,0.33333334</size>
		<blending>false</blending>
		<texture>menus\ks_common_background_04.jpg</texture>
		<textureLocation>0.0,0.0</textureLocation>
		<textureSize>1.0,1.0</textureSize>
	</widget>
	<widget class="DmglImage" name="line_2">
		<location>0.7753906,0.16406244,BOTTOM_LEFT</location>
		<size>0.0546875,0.083333336</size>
		<blending>true</blending>
		<texture>menus\ks_common_line_01.png</texture>
		<textureLocation>0.0,0.0</textureLocation>
		<textureSize>1.0,1.0</textureSize>
	</widget>
	<widget class="DmglImage" name="plan_01">
		<location>0.7363281,0.524739,BOTTOM_LEFT</location>
		<size>0.25,0.33333334</size>
		<blending>true</blending>
		<texture>menus/ks_common_option_01.png</texture>
		<textureLocation>0.0,0.0</textureLocation>
		<textureSize>1.0,1.0</textureSize>
	</widget>
	<widget class="DmglImage" name="line_1">
		<location>0.8076172,0.45703244,BOTTOM_LEFT</location>
		<size>0.10253906,0.083333336</size>
		<blending>true</blending>
		<texture>menus\ks_common_line_01.png</texture>
		<textureLocation>0.0,0.0</textureLocation>
		<textureSize>1.0,1.0</textureSize>
	</widget>
	<widget class="DmglImage" name="name_box">
		<location>0.15722656,0.72786486,BOTTOM_LEFT</location>
		<size>0.25,0.083333336</size>
		<blending>true</blending>
		<texture>menus\ks_profile_box_01.png</texture>
		<textureLocation>0.0,0.0</textureLocation>
		<textureSize>1.0,1.0</textureSize>
	</widget>
	<widget class="DmglImage" name="outfit">
		<location>0.21679688,0.38932276,BOTTOM_LEFT</location>
		<size>0.0625,0.083333336</size>
		<blending>true</blending>
		<texture>menus\ks_profile_outfit_01.png</texture>
		<textureLocation>0.0,0.0</textureLocation>
		<textureSize>1.0,1.0</textureSize>
	</widget>
	<widget class="DmglImage" name="voice">
		<location>0.21484375,0.1796875,BOTTOM_LEFT</location>
		<size>0.0625,0.083333336</size>
		<blending>true</blending>
		<texture>menus\ks_profile_voice_01.png</texture>
		<textureLocation>0.0,0.0</textureLocation>
		<textureSize>1.0,1.0</textureSize>
	</widget>
	<widget class="DmglImage" name="gender">
		<location>0.21386719,0.58203125,BOTTOM_LEFT</location>
		<size>0.0625,0.083333336</size>
		<blending>true</blending>
		<texture>menus\ks_profile_gender_01.png</texture>
		<textureLocation>0.0,0.0</textureLocation>
		<textureSize>1.0,1.0</textureSize>
	</widget>
	<widget class="DmglImage" name="over_animation_01">
		<location>0.111328125,0.59244776,BOTTOM_LEFT</location>
		<size>0.060546875,0.061197918</size>
		<blending>true</blending>
		<texture>menus\ks_profile_arrows_01.png</texture>
		<textureLocation>0.265625,0.21875</textureLocation>
		<textureSize>0.2421875,0.734375</textureSize>
	</widget>
	<widget class="DmglImage" name="over_animation_02">
		<location>0.111328125,0.40104136,BOTTOM_LEFT</location>
		<size>0.060546875,0.061197918</size>
		<blending>true</blending>
		<texture>menus\ks_profile_arrows_01.png</texture>
		<textureLocation>0.265625,0.21875</textureLocation>
		<textureSize>0.2421875,0.734375</textureSize>
	</widget>
	<widget class="DmglImage" name="over_animation_03">
		<location>0.111328125,0.19921888,BOTTOM_LEFT</location>
		<size>0.060546875,0.061197918</size>
		<blending>true</blending>
		<texture>menus\ks_profile_arrows_01.png</texture>
		<textureLocation>0.265625,0.21875</textureLocation>
		<textureSize>0.2421875,0.734375</textureSize>
	</widget>
	<widget class="DmglImage" name="over_animation_04">
		<location>0.3251953,0.5924479,BOTTOM_LEFT</location>
		<size>0.060546875,0.061197918</size>
		<blending>true</blending>
		<texture>menus\ks_profile_arrows_02.png</texture>
		<textureLocation>0.265625,0.21875</textureLocation>
		<textureSize>0.2421875,0.734375</textureSize>
	</widget>
	<widget class="DmglImage" name="over_animation_05">
		<location>0.3251953,0.40104154,BOTTOM_LEFT</location>
		<size>0.060546875,0.061197918</size>
		<blending>true</blending>
		<texture>menus\ks_profile_arrows_02.png</texture>
		<textureLocation>0.265625,0.21875</textureLocation>
		<textureSize>0.2421875,0.734375</textureSize>
	</widget>
	<widget class="DmglImage" name="over_animation_06">
		<location>0.3251953,0.1992188,BOTTOM_LEFT</location>
		<size>0.060546875,0.061197918</size>
		<blending>true</blending>
		<texture>menus\ks_profile_arrows_02.png</texture>
		<textureLocation>0.265625,0.21875</textureLocation>
		<textureSize>0.2421875,0.734375</textureSize>
	</widget>
	<widget class="DmglButton" name="arrow_01">
		<location>0.14160156,0.622396,CENTER</location>
		<size>0.060546875,0.061197918</size>
		<blending>true</blending>
		<mouseMotion>true</mouseMotion>
		<mouseSelection>true</mouseSelection>
		<visual type="BUTTON_ACTIVE" texture="menus\ks_profile_arrows_01.png" textureCoordinates="0.01171875,0.21875,0.2421875,0.734375" />
		<visual type="BUTTON_INACTIVE" texture="menus\ks_profile_arrows_01.png" textureCoordinates="0.01171875,0.21875,0.2421875,0.734375" />
		<visual type="BUTTON_PRESSED" texture="menus\ks_profile_arrows_01.png" textureCoordinates="0.51953125,0.234375,0.234375,0.703125" />
		<visual type="BUTTON_RELEASED" texture="menus\ks_profile_arrows_01.png" textureCoordinates="0.51953125,0.234375,0.234375,0.703125" />
	</widget>
	<widget class="DmglButton" name="arrow_02">
		<location>0.14160156,0.4322912,CENTER</location>
		<size>0.060546875,0.061197918</size>
		<blending>true</blending>
		<mouseMotion>true</mouseMotion>
		<mouseSelection>true</mouseSelection>
		<visual type="BUTTON_ACTIVE" texture="menus\ks_profile_arrows_01.png" textureCoordinates="0.01171875,0.21875,0.2421875,0.734375" />
		<visual type="BUTTON_INACTIVE" texture="menus\ks_profile_arrows_01.png" textureCoordinates="0.01171875,0.21875,0.2421875,0.734375" />
		<visual type="BUTTON_PRESSED" texture="menus\ks_profile_arrows_01.png" textureCoordinates="0.51953125,0.234375,0.234375,0.703125" />
		<visual type="BUTTON_RELEASED" texture="menus\ks_profile_arrows_01.png" textureCoordinates="0.51953125,0.234375,0.234375,0.703125" />
	</widget>
	<widget class="DmglButton" name="arrow_03">
		<location>0.14160156,0.22916692,CENTER</location>
		<size>0.060546875,0.061197918</size>
		<blending>true</blending>
		<mouseMotion>true</mouseMotion>
		<mouseSelection>true</mouseSelection>
		<visual type="BUTTON_ACTIVE" texture="menus\ks_profile_arrows_01.png" textureCoordinates="0.01171875,0.21875,0.2421875,0.734375" />
		<visual type="BUTTON_INACTIVE" texture="menus\ks_profile_arrows_01.png" textureCoordinates="0.01171875,0.21875,0.2421875,0.734375" />
		<visual type="BUTTON_PRESSED" texture="menus\ks_profile_arrows_01.png" textureCoordinates="0.51953125,0.234375,0.234375,0.703125" />
		<visual type="BUTTON_RELEASED" texture="menus\ks_profile_arrows_01.png" textureCoordinates="0.51953125,0.234375,0.234375,0.703125" />
	</widget>
	<widget class="DmglButton" name="arrow_04">
		<location>0.35546875,0.6223961,CENTER</location>
		<size>0.060546875,0.061197918</size>
		<blending>true</blending>
		<mouseMotion>true</mouseMotion>
		<mouseSelection>true</mouseSelection>
		<visual type="BUTTON_ACTIVE" texture="menus\ks_profile_arrows_02.png" textureCoordinates="0.01171875,0.21875,0.2421875,0.734375" />
		<visual type="BUTTON_INACTIVE" texture="menus\ks_profile_arrows_02.png" textureCoordinates="0.01171875,0.21875,0.2421875,0.734375" />
		<visual type="BUTTON_PRESSED" texture="menus\ks_profile_arrows_02.png" textureCoordinates="0.51953125,0.234375,0.234375,0.703125" />
		<visual type="BUTTON_RELEASED" texture="menus\ks_profile_arrows_02.png" textureCoordinates="0.51953125,0.234375,0.234375,0.703125" />
	</widget>
	<widget class="DmglButton" name="arrow_06">
		<location>0.35546875,0.22916704,CENTER</location>
		<size>0.060546875,0.061197918</size>
		<blending>true</blending>
		<mouseMotion>true</mouseMotion>
		<mouseSelection>true</mouseSelection>
		<visual type="BUTTON_ACTIVE" texture="menus\ks_profile_arrows_02.png" textureCoordinates="0.01171875,0.21875,0.2421875,0.734375" />
		<visual type="BUTTON_INACTIVE" texture="menus\ks_profile_arrows_02.png" textureCoordinates="0.01171875,0.21875,0.2421875,0.734375" />
		<visual type="BUTTON_PRESSED" texture="menus\ks_profile_arrows_02.png" textureCoordinates="0.51953125,0.234375,0.234375,0.703125" />
		<visual type="BUTTON_RELEASED" texture="menus\ks_profile_arrows_02.png" textureCoordinates="0.51953125,0.234375,0.234375,0.703125" />
	</widget>
	<widget class="DmglButton" name="arrow_05">
		<location>0.35546875,0.4309897,CENTER</location>
		<size>0.060546875,0.061197918</size>
		<blending>true</blending>
		<mouseMotion>true</mouseMotion>
		<mouseSelection>true</mouseSelection>
		<visual type="BUTTON_ACTIVE" texture="menus\ks_profile_arrows_02.png" textureCoordinates="0.01171875,0.21875,0.2421875,0.734375" />
		<visual type="BUTTON_INACTIVE" texture="menus\ks_profile_arrows_02.png" textureCoordinates="0.01171875,0.21875,0.2421875,0.734375" />
		<visual type="BUTTON_PRESSED" texture="menus\ks_profile_arrows_02.png" textureCoordinates="0.51953125,0.234375,0.234375,0.703125" />
		<visual type="BUTTON_RELEASED" texture="menus\ks_profile_arrows_02.png" textureCoordinates="0.51953125,0.234375,0.234375,0.703125" />
	</widget>
	<widget class="DmglText" name="enter name">
		<label>Enter Name</label>
		<location>0.19140625,0.7265614,BOTTOM_LEFT</location>
		<size>0.2998047,0.049479168</size>
		<blending>true</blending>
		<font>ARMYC___.TTF</font>
		<fontScale>1.0</fontScale>
		<fontColor>0.3203125,0.2109375,0.72265625</fontColor>
		<backgroundColor>0.0,0.0,0.0,0.0</backgroundColor>
	</widget>
	<widget class="DmglLabel" name="back">
		<label>back</label>
		<location>0.8310547,0.2083316,BOTTOM_LEFT</location>
		<size>0.049804688,0.020833334</size>
		<blending>true</blending>
		<font>ARMYC___.TTF</font>
		<fontScale>0.7</fontScale>
		<fontColor>0.3203125,0.2109375,0.72265625,1.0</fontColor>
	</widget>
	<widget class="DmglLabel" name="Urbabist(s) :">
		<label>Urbanist (s)  : </label>
		<location>0.77734375,0.3945313,BOTTOM_LEFT</location>
		<size>0.059570312,0.009114583</size>
		<blending>true</blending>
		<font>ARMYC___.TTF</font>
		<fontScale>0.6</fontScale>
		<fontColor>0.3203125,0.2109375,0.72265625,1.0</fontColor>
	</widget>
	<widget class="DmglLabel" name="Legend :">
		<label>Legend  :</label>
		<location>0.7783203,0.24869782,BOTTOM_LEFT</location>
		<size>0.048828125,0.01171875</size>
		<blending>true</blending>
		<font>ARMYC___.TTF</font>
		<fontScale>0.7</fontScale>
		<fontColor>0.3203125,0.2109375,0.72265625,1.0</fontColor>
	</widget>
	<widget class="DmglLabel" name="Name">
		<label>Name:</label>
		<location>0.0625,0.7682295,BOTTOM_LEFT</location>
		<size>0.041015625,0.013020833</size>
		<blending>true</blending>
		<font>ARMYC___.TTF</font>
		<fontScale>0.9</fontScale>
		<fontColor>0.3203125,0.2109375,0.72265625,1.0</fontColor>
	</widget>
	<widget class="DmglLabel" name="title">
		<label>PROFILE</label>
		<location>0.056640625,0.89192677,BOTTOM_LEFT</location>
		<size>0.11425781,0.028645834</size>
		<blending>true</blending>
		<font>ARMYC___.TTF</font>
		<fontScale>1.9</fontScale>
		<fontColor>0.3203125,0.2109375,0.72265625,1.0</fontColor>
	</widget>
	<widget class="DmglLabel" name="location title">
		<label>Option   Alley</label>
		<location>0.81152344,0.5416664,BOTTOM_LEFT</location>
		<size>0.08496094,0.013020833</size>
		<blending>true</blending>
		<font>ARMYC___.TTF</font>
		<fontScale>0.9</fontScale>
		<fontColor>0.3203125,0.2109375,0.72265625,1.0</fontColor>
	</widget>
</panel>