<!-- Wasteball voice over mapping -->

<voiceOverMapping>

	<character>
		<skinID>kenny</skinID>
		<taunt1>voice02</taunt1>
		<taunt2>voice06</taunt2>
		<taunt3>voice07</taunt3>
		<frag1>voice03</frag1>
		<frag2>voice04</frag2>
		<frag3>voice08</frag3>
		<cfirst>voice01</cfirst>
		<gfirst>voice05</gfirst>
	</character>


	<character>
		<skinID>spenny</skinID>
		<taunt1>voice01</taunt1>
		<taunt2>voice02</taunt2>
		<taunt3>voice03</taunt3>
		<frag1>voice05</frag1>
		<frag2>voice06</frag2>
		<frag3>voice08</frag3>
		<cfirst>voice07</cfirst>
		<gfirst>voice04</gfirst>
	</character>


	<character>
		<skinID>miriam</skinID>
		<taunt1>voice04</taunt1>
		<taunt2>voice07</taunt2>
		<taunt3>voice08</taunt3>
		<frag1>voice02</frag1>
		<frag2>voice03</frag2>
		<frag3>voice06</frag3>
		<cfirst>voice05</cfirst>
		<gfirst>voice01</gfirst>
	</character>



	<character>
		<skinID>kristen</skinID>
		<taunt1>voice04</taunt1>
		<taunt2>voice05</taunt2>
		<taunt3>voice06</taunt3>
		<frag1>voice01</frag1>
		<frag2>voice03</frag2>
		<frag3>voice07</frag3>
		<cfirst>voice02</cfirst>
		<gfirst>voice08</gfirst>
	</character>

</voiceOverMapping>
