<panel name="">
     <widget class="DmglImage" name="lapCounterBox">
          <location>0.92578125,0.08333332,BOTTOM_LEFT</location>
          <zlocation>6</zlocation>
          <size>0.060546875,0.037760418</size>
          <blending>true</blending>
          <texture>hud/house/ks_hud_elements.png</texture>
          <textureLocation>0.627451,0.5411765</textureLocation>
          <textureSize>0.24313726,0.11372549</textureSize>
     </widget>
     <widget class="DmglImage" name="CurrentTimeBox">
          <location>0.8466797,0.92,BOTTOM_LEFT</location>
          <zlocation>6</zlocation>
          <size>0.140625,0.057291668</size>
          <blending>true</blending>
          <texture>hud/house/ks_hud_elements.png</texture>
          <textureLocation>0.0,0.32549018</textureLocation>
          <textureSize>0.5647059,0.17254902</textureSize>
     </widget>
     <widget class="DmglImage" name="BestTimeBox">
          <location>0.8466797,0.86,BOTTOM_LEFT</location>
          <zlocation>6</zlocation>
          <size>0.140625,0.057291668</size>
          <blending>true</blending>
          <texture>hud/house/ks_hud_elements.png</texture>
          <textureLocation>0.0,0.32549018</textureLocation>
          <textureSize>0.5647059,0.17254902</textureSize>
     </widget>
     <widget class="DmglImage" name="PreviousTimeBox">
          <location>0.8466797,0.8,BOTTOM_LEFT</location>
          <zlocation>6</zlocation>
          <size>0.140625,0.057291668</size>
          <blending>true</blending>
          <texture>hud/house/ks_hud_elements.png</texture>
          <textureLocation>0.0,0.32549018</textureLocation>
          <textureSize>0.5647059,0.17254902</textureSize>
     </widget>
     <widget class="DmglImage" name="scorebox">
          <location>0.43554688,0.92,BOTTOM_LEFT</location>
          <zlocation>6</zlocation>
          <size>0.12890625,0.057291668</size>
          <blending>true</blending>
          <texture>hud/house/ks_hud_elements.png</texture>
          <textureLocation>0.0,0.827451</textureLocation>
          <textureSize>0.5176471,0.17254902</textureSize>
     </widget>
     <widget class="DmglImage" name="itembox0">
          <location>0.41015625,0.018229166,BOTTOM_LEFT</location>
          <zlocation>6</zlocation>
          <size>0.04296875,0.057291668</size>
          <blending>true</blending>
          <texture>hud/house/ks_icon_ALL.png</texture>
          <textureLocation>0.0,0.0</textureLocation>
          <textureSize>1.0,1.0</textureSize>
     </widget>
     <widget class="DmglImage" name="itembox1">
          <location>0.45507812,0.018229166,BOTTOM_LEFT</location>
          <zlocation>6</zlocation>
          <size>0.04296875,0.057291668</size>
          <blending>true</blending>
          <texture>hud/house/ks_icon_ALL.png</texture>
          <textureLocation>0.0,0.0</textureLocation>
          <textureSize>1.0,1.0</textureSize>
     </widget>
     <widget class="DmglImage" name="itembox2">
          <location>0.5,0.018229166,BOTTOM_LEFT</location>
          <zlocation>6</zlocation>
          <size>0.04296875,0.057291668</size>
          <blending>true</blending>
          <texture>hud/house/ks_icon_ALL.png</texture>
          <textureLocation>0.0,0.0</textureLocation>
          <textureSize>1.0,1.0</textureSize>
     </widget>
     <widget class="DmglImage" name="itembox3">
          <location>0.5449219,0.018229166,BOTTOM_LEFT</location>
          <zlocation>6</zlocation>
          <size>0.04296875,0.057291668</size>
          <blending>true</blending>
          <texture>hud/house/ks_icon_ALL.png</texture>
          <textureLocation>0.0,0.0</textureLocation>
          <textureSize>1.0,1.0</textureSize>
     </widget>
     <widget class="DmglImage" name="itemback0">
          <location>0.41015625,0.018229166,BOTTOM_LEFT</location>
          <zlocation>6</zlocation>
          <size>0.04296875,0.057291668</size>
          <blending>true</blending>
          <texture>hud/house/ks_hud_elements.png</texture>
          <textureLocation>0.5176471,0.827451</textureLocation>
          <textureSize>0.17254902,0.17254902</textureSize>
     </widget>
     <widget class="DmglImage" name="itemback1">
          <location>0.45507812,0.018229166,BOTTOM_LEFT</location>
          <zlocation>6</zlocation>
          <size>0.04296875,0.057291668</size>
          <blending>true</blending>
          <texture>hud/house/ks_hud_elements.png</texture>
          <textureLocation>0.5176471,0.827451</textureLocation>
          <textureSize>0.17254902,0.17254902</textureSize>
     </widget>
     <widget class="DmglImage" name="itemback2">
          <location>0.5,0.018229166,BOTTOM_LEFT</location>
          <zlocation>6</zlocation>
          <size>0.04296875,0.057291668</size>
          <blending>true</blending>
          <texture>hud/house/ks_hud_elements.png</texture>
          <textureLocation>0.5176471,0.827451</textureLocation>
          <textureSize>0.17254902,0.17254902</textureSize>
     </widget>
     <widget class="DmglImage" name="itemback3">
          <location>0.5449219,0.018229166,BOTTOM_LEFT</location>
          <zlocation>6</zlocation>
          <size>0.04296875,0.057291668</size>
          <blending>true</blending>
          <texture>hud/house/ks_hud_elements.png</texture>
          <textureLocation>0.5176471,0.827451</textureLocation>
          <textureSize>0.17254902,0.17254902</textureSize>
     </widget>
     <widget class="DmglLabel" name="lblLap">
          <label>LBL_LAP</label>
          <location>0.12011719,0.9440094,BOTTOM_LEFT</location>
          <zlocation>1</zlocation>
          <size>0.078125,0.015625</size>
          <blending>true</blending>
          <font>ARMYC___.TTF</font>
          <fontScale>1.0</fontScale>
          <fontColor>1.0,1.0,1.0,1.0</fontColor>
     </widget>
     <widget class="DmglLabel" name="currentTime">
          <label>LBL_CURRENT_TIME_INFO</label>
          <location>0.7216797,0.9427059,BOTTOM_LEFT</location>
          <zlocation>1</zlocation>
          <size>0.13671875,0.020833334</size>
          <blending>true</blending>
          <font>ARMYC___.TTF</font>
          <fontScale>1.0</fontScale>
          <fontColor>1.0,1.0,1.0,1.0</fontColor>
     </widget>
     <widget class="DmglLabel" name="lastTime">
          <label>LBL_PREVIOUS_TIME_INFO</label>
          <location>0.72265625,0.82031256,BOTTOM_LEFT</location>
          <zlocation>1</zlocation>
          <size>0.07421875,0.015625</size>
          <blending>true</blending>
          <font>ARMYC___.TTF</font>
          <fontScale>1.0</fontScale>
          <fontColor>1.0,1.0,1.0,1.0</fontColor>
     </widget>
     <widget class="DmglLabel" name="bestTime">
          <label>LBL_BEST_TIME_INFO</label>
          <location>0.72265625,0.8828122,BOTTOM_LEFT</location>
          <zlocation>1</zlocation>
          <size>0.099609375,0.020833334</size>
          <blending>true</blending>
          <font>ARMYC___.TTF</font>
          <fontScale>1.0</fontScale>
          <fontColor>1.0,1.0,1.0,1.0</fontColor>
     </widget>
     <widget class="DmglLabel" name="scoreLabel">
          <label>000000</label>
          <location>0.5,0.9465103,CENTER</location>
          <zlocation>1</zlocation>
          <size>0.046875,0.020833334</size>
          <blending>true</blending>
          <font>ARMYC___.TTF</font>
          <fontScale>1.5</fontScale>
          <fontColor>1.0,1.0,1.0,1.0</fontColor>
     </widget>
     <widget class="DmglLabel" name="currentTimeLabel">
          <label>000000</label>
          <location>0.9140625,0.94520825,CENTER</location>
          <zlocation>1</zlocation>
          <size>0.046875,0.020833334</size>
          <blending>true</blending>
          <font>ARMYC___.TTF</font>
          <fontScale>1.5</fontScale>
          <fontColor>1.0,1.0,1.0,1.0</fontColor>
     </widget>
     <widget class="DmglLabel" name="bestTimeLabel">
          <label>000000</label>
          <location>0.91503906,0.8852083,CENTER</location>
          <zlocation>1</zlocation>
          <size>0.046875,0.020833334</size>
          <blending>true</blending>
          <font>ARMYC___.TTF</font>
          <fontScale>1.5</fontScale>
          <fontColor>1.0,1.0,1.0,1.0</fontColor>
     </widget>
     <widget class="DmglLabel" name="previousTimeLabel">
          <label>000000</label>
          <location>0.9160156,0.82520825,CENTER</location>
          <zlocation>1</zlocation>
          <size>0.046875,0.020833334</size>
          <blending>true</blending>
          <font>ARMYC___.TTF</font>
          <fontScale>1.5</fontScale>
          <fontColor>1.0,1.0,1.0,1.0</fontColor>
     </widget>
     <widget class="DmglLabel" name="lapCounterLabel">
          <label>00/00</label>
          <location>0.9550781,0.10026041,CENTER</location>
          <zlocation>1</zlocation>
          <size>0.0390625,0.020833334</size>
          <blending>true</blending>
          <font>ARMYC___.TTF</font>
          <fontScale>0.8</fontScale>
          <fontColor>1.0,1.0,1.0,1.0</fontColor>
     </widget>
     <widget class="DmglLabel" name="positionLabel">
          <label>1st</label>
          <location>0.041992188,0.95312494,CENTER</location>
          <zlocation>1</zlocation>
          <size>0.046875,0.020833334</size>
          <blending>true</blending>
          <font>ARMYC___.TTF</font>
          <fontScale>1.2</fontScale>
          <fontColor>1.0,1.0,1.0,1.0</fontColor>
     </widget>
</panel>
