<?xml version='1.0' encoding='ISO-8859-1'?>

	<!--

	ENGLISH XML base file.

	Base XML document for the GUI configuration of the
	Trimorph browser.

	-->

<GUI>
	<!--
	============================

		COMMON TO ALL PRE-GAME PANEL

	============================
	-->
	<!--
	<widget name="Cancel Button">
		<size> 0.0975, 0.13 </size>
		<location>0.3,0.12,CENTER</location>
		<blending>true</blending>
		<textureSize>0.25,0.25</textureSize>
		<textureLocation>0.5,0.5</textureLocation>

		<visual type="BUTTON_ACTIVE" texture="interface/buttons/boutons.png"></visual>
		<visual type="BUTTON_INACTIVE" texture="interface/buttons/boutons.png"></visual>
		<visual type="BUTTON_PRESSED" texture="interface/buttons/__push_boutons_glow.png"></visual>
		<visual type="BUTTON_RELEASED" texture="interface/buttons/boutons.png"></visual>
	</widget>
	-->

	<!--
		Specifies the sound to play while in the menus BEFORE entering the world.
		This sound can be played
	-->
	<sound name="Panel Background Sound" sound="common/menu_music.mp3" ></sound>

	<widget name="Slider Button">
		<size>0.02, 0.04</size>
		<blending> true </blending>

		<textureSize>0.05,0.2</textureSize>
		<textureLocation>0.51,0.02</textureLocation>

		<visual type="BUTTON_ACTIVE" texture="interface/buttons/browser_bouton_slider.png" ></visual>
		<visual type="BUTTON_INACTIVE" texture="interface/buttons/browser_bouton_slider.png" ></visual>
		<visual type="BUTTON_PRESSED" texture="interface/buttons/browser_bouton_slider.png" ></visual>
		<visual type="BUTTON_RELEASED" texture="interface/buttons/browser_bouton_slider.png" ></visual>
	</widget>

	<widget name="Slider Background">
		<size>0.12,0.035</size>
		<blending> true </blending>

		<textureSize>0.33,0.15</textureSize>
		<textureLocation>0.1,0</textureLocation>
		<texture>interface/buttons/browser_bouton_slider.png</texture>
	</widget>

	<widget name="Version Number Label">
		<location>0.85, 0.025, BOTTOM_LEFT</location>
		<blending> true </blending>
		<fontScale>0.8</fontScale>
		<fontColor>0,0,0.2,1.0</fontColor>
	</widget>

	<widget name="Copyright Notice">
		<location>0.01, 0.025, BOTTOM_LEFT</location>
		<blending> true </blending>
		<fontScale>0.7</fontScale>
		<fontColor>0,0,0.2,1.0</fontColor>
	</widget>


	<widget name="Animated Logo">
		<size>0.2,0.14</size>
		<location>0.01, 0.85, BOTTOM_LEFT</location>
		<blending>true</blending>
		<animation>logo.png,0,4,12</animation>
	</widget>

	<!--
	============================

		POPUPS

	============================
	-->
	<widget name="Application Popup">
		<width>0.52</width>
		<margins>0.02f, 0.02f, 0.02f, 0.02f</margins>
		<spacing>0.02f, 0.02f, 0.04f</spacing>
		<progressBarSize>0.35f, 0.02f</progressBarSize>
		<borderColor>1,1,1,1</borderColor>
		<backgroundColor>0.2,0.3,0.8,0.85</backgroundColor>
		<progressColor>0,1,0,0.5</progressColor>
	</widget>

	<widget name="Popup Title">
		<fontScale>1</fontScale>
		<fontColor>1,1,1,1</fontColor>
	</widget>

	<widget name="Popup Progress Number">
		<fontScale>1.0</fontScale>
		<fontColor>0,1,0,1</fontColor>
	</widget>

	<widget name="Popup Update String">
		<fontScale>1.0</fontScale>
		<fontColor>1,1,1,1</fontColor>
	</widget>

	<!--	Size and location is automatically computed by the popup	-->
	<widget name="Popup Content">
		<blending>true</blending>
		<fontScale>1.0</fontScale>
		<fontColor>1,1,1</fontColor>
	</widget>

	<!--	Location is automatically computed for all the popup button -->
	<widget name="Popup Ok Button">
		<blending>true</blending>
		<visual type="BUTTON_ACTIVE" fontSize="1.2" ></visual>
		<visual type="BUTTON_INACTIVE" fontSize="1.2" ></visual>
		<visual type="BUTTON_PRESSED" fontSize="1.2"  fontColor="0.0,1.0,0.0,1.0"></visual>
		<visual type="BUTTON_RELEASED" fontSize="1.2" fontColor="0.0,1.0,0.0,1.0"></visual>

		<action type="ACTION_ENTERED" sound="gui/button_over.wav"></action>
	</widget>

	<widget name="Popup Cancel Button">
		<blending>true</blending>
		<visual type="BUTTON_ACTIVE" fontSize="1.2" ></visual>
		<visual type="BUTTON_INACTIVE" fontSize="1.2" ></visual>
		<visual type="BUTTON_PRESSED" fontSize="1.2"  fontColor="1.0,0.0,0.0,1.0"></visual>
		<visual type="BUTTON_RELEASED" fontSize="1.2" fontColor="1.0,0.0,0.0,1.0"></visual>

		<action type="ACTION_ENTERED" sound="gui/button_over.wav"></action>
	</widget>

	<widget name="Popup Yes Button">
		<blending>true</blending>
		<visual type="BUTTON_ACTIVE" fontSize="1.2" ></visual>
		<visual type="BUTTON_INACTIVE" fontSize="1.2" ></visual>
		<visual type="BUTTON_PRESSED" fontSize="1.2"  fontColor="0.0,1.0,0.0,1.0"></visual>
		<visual type="BUTTON_RELEASED" fontSize="1.2" fontColor="0.0,1.0,0.0,1.0"></visual>

		<action type="ACTION_ENTERED" sound="gui/button_over.wav"></action>
	</widget>

	<widget name="Popup No Button">
		<blending>true</blending>
		<visual type="BUTTON_ACTIVE" fontSize="1.2" ></visual>
		<visual type="BUTTON_INACTIVE" fontSize="1.2" ></visual>
		<visual type="BUTTON_PRESSED" fontSize="1.2"  fontColor="1.0,0.0,0.0,1.0"></visual>
		<visual type="BUTTON_RELEASED" fontSize="1.2" fontColor="1.0,0.0,0.0,1.0"></visual>

		<action type="ACTION_ENTERED" sound="gui/button_over.wav"></action>
	</widget>

	<!--
	============================

		HEALTH INDICATOR

	============================
	-->

	<widget name="Health Indicator">
		<meterColor>0.2,1,0.2,0.8</meterColor>
		<backgroundMeterColor>0.8,0.1,0.1,0.8</backgroundMeterColor>
		<blinkColor>0.8,0.8,0.8,0.8</blinkColor>
		<blinkOn>true</blinkOn>
		<blinkDuration>250</blinkDuration>
	</widget>

	<!-- internal widgets-->
	<widget name="Health Indicator Background Image">
		<size>0.025,0.112</size>
		<location>0.95,0.9,CENTER</location>
		<blending>true</blending>
		<texture>texture/interface/healthindicator/health.jpg</texture>
	</widget>

	<widget name="Health Indicator Frame Image">
		<size>0.025,0.12</size>
		<location>0.95,0.9,CENTER</location>
		<blending>true</blending>
		<texture>texture/interface/healthindicator/frame.png</texture>
	</widget>

	<widget name="Health Indicator Label">
		<location>0.95,0.975,CENTER</location>
		<fontScale>0.8f</fontScale>
	</widget>

	<widget name="Health Indicator Number Label">
		<location>0.95,0.82,CENTER</location>
		<fontScale>0.8f</fontScale>
	</widget>

	<!--
	============================

		WORLD SELECTION PANEL

	============================
	-->
	<widget name="World Selection Top Left Image">
		<size> 0.5, 0.5 </size>
		<location> 0.0, 0.5, BOTTOM_LEFT </location>
		<blending> false </blending>
		<texture>interface/frame/__background_a.jpg</texture>
	</widget>

	<widget name="World Selection Top Right Image">
		<size> 0.5, 0.5 </size>
		<location> 0.5, 0.5, BOTTOM_LEFT </location>
		<blending> false </blending>
		<texture>interface/frame/__background_b.jpg</texture>
	</widget>

	<widget name="World Selection Bottom Left Image">
		<size> 0.5, 0.5 </size>
		<location> 0.0, 0.0, BOTTOM_LEFT </location>
		<blending> false </blending>
		<texture>interface/frame/__background_c.jpg</texture>
	</widget>

	<widget name="World Selection Bottom Right Image">
		<size> 0.5, 0.5 </size>
		<location> 0.5, 0.0, BOTTOM_LEFT </location>
		<blending> false </blending>
		<texture>interface/frame/__background_d.jpg</texture>
	</widget>

	<widget name="World Selection Player Selection Button">
		<size> 0.0975, 0.11 </size>
		<location>0.6,0.88,CENTER</location>
		<blending>true</blending>
		<focusScale>0.75</focusScale>
		<textureSize>0.25,0.21</textureSize>
		<textureLocation>0.5,0.52</textureLocation>

		<visual type="BUTTON_ACTIVE" texture="interface/buttons/__boutons.png"></visual>
		<visual type="BUTTON_INACTIVE" texture="interface/buttons/__boutons.png"></visual>
		<visual type="BUTTON_PRESSED" texture="interface/buttons/__push_boutons_glow.png"></visual>
		<visual type="BUTTON_RELEASED" texture="interface/buttons/__boutons.png"></visual>
	</widget>

	<widget name="World Selection Buddy List Button">
		<size> 0.0975, 0.11 </size>
		<location>0.695,0.838,CENTER</location>
		<blending>true</blending>
		<focusScale>0.75</focusScale>
		<textureSize>0.25,0.21</textureSize>
		<textureLocation>0.5,0.77</textureLocation>

		<visual type="BUTTON_ACTIVE" texture="interface/buttons/__boutons.png"></visual>
		<visual type="BUTTON_INACTIVE" texture="interface/buttons/__boutons.png"></visual>
		<visual type="BUTTON_PRESSED" texture="interface/buttons/__push_boutons_glow.png"></visual>
		<visual type="BUTTON_RELEASED" texture="interface/buttons/__boutons.png"></visual>
	</widget>

	<widget name="World Selection Setup Button">
		<size> 0.0975, 0.11 </size>
		<location>0.775,0.775,CENTER</location>
		<blending>true</blending>
		<focusScale>0.75</focusScale>
		<textureSize>0.25,0.21</textureSize>
		<textureLocation>0.5,0.27</textureLocation>

		<visual type="BUTTON_ACTIVE" texture="interface/buttons/__boutons.png"></visual>
		<visual type="BUTTON_INACTIVE" texture="interface/buttons/__boutons.png"></visual>
		<visual type="BUTTON_PRESSED" texture="interface/buttons/__push_boutons_glow.png"></visual>
		<visual type="BUTTON_RELEASED" texture="interface/buttons/__boutons.png"></visual>
	</widget>

	<widget name="World Selection Help Button">
		<size> 0.0975, 0.11 </size>
		<location>0.84,0.69,CENTER</location>
		<blending>true</blending>
		<focusScale>0.75</focusScale>
		<textureSize>0.25,0.21</textureSize>
		<textureLocation>0.75,0.77</textureLocation>

		<visual type="BUTTON_ACTIVE" texture="interface/buttons/__boutons.png"></visual>
		<visual type="BUTTON_INACTIVE" texture="interface/buttons/__boutons.png"></visual>
		<visual type="BUTTON_PRESSED" texture="interface/buttons/__push_boutons_glow.png"></visual>
		<visual type="BUTTON_RELEASED" texture="interface/buttons/__boutons.png"></visual>
	</widget>

	<widget name="World Selection Quit Button">
		<size> 0.0975, 0.11 </size>
		<location>0.88,0.595,CENTER</location>
		<blending>true</blending>
		<focusScale>0.75</focusScale>
		<textureSize>0.25,0.21</textureSize>
		<textureLocation>0.0,0.52</textureLocation>

		<visual type="BUTTON_ACTIVE" texture="interface/buttons/__boutons.png"></visual>
		<visual type="BUTTON_INACTIVE" texture="interface/buttons/__boutons.png"></visual>
		<visual type="BUTTON_PRESSED" texture="interface/buttons/__push_boutons_glow.png"></visual>
		<visual type="BUTTON_RELEASED" texture="interface/buttons/__boutons.png"></visual>
	</widget>

	<widget name="World Selection Go Button">
		<size> 0.5, 0.4 </size>
		<location>0.5,0.5,CENTER</location>
		<blending>true</blending>		
		<textureSize>0.25,0.25</textureSize>
		<textureLocation>0.25,0.75</textureLocation>

		<action type="ACTION_ENTERED" sound="gui/button_over.wav"></action>
	</widget>

	<widget name="World Selection Info Text">
		<size>0.35,0.08</size>
		<location>0.5,0.18,CENTER</location>
		<blending>true</blending>
		<fontScale>0.9</fontScale>
		<alignment>CENTER</alignment>
	</widget>

	<!--
	============================

		SETUP PANEL

	============================
	-->
	<widget name="Setup Title">
		<location>0.5, 0.8, CENTER</location>
		<fontScale>2.0</fontScale>
		<fontColor>1,1,1,1</fontColor>
	</widget>

	<widget name="Setup Top Left Image">
		<size> 0.5, 0.5 </size>
		<location> 0.0, 0.5, BOTTOM_LEFT </location>
		<blending> false </blending>
		<texture>interface/frame/__background_e.jpg</texture>
	</widget>

	<widget name="Setup Top Right Image">
		<size> 0.5, 0.5 </size>
		<location> 0.5, 0.5, BOTTOM_LEFT </location>
		<blending> false </blending>
		<texture>interface/frame/__background_f.jpg</texture>
	</widget>

	<widget name="Setup Bottom Left Image">
		<size> 0.5, 0.5 </size>
		<location> 0.0, 0.0, BOTTOM_LEFT </location>
		<blending> false </blending>
		<texture>interface/frame/__background_g.jpg</texture>
	</widget>

	<widget name="Setup Bottom Right Image">
		<size> 0.5, 0.5 </size>
		<location> 0.5, 0.0, BOTTOM_LEFT </location>
		<blending> false </blending>
		<texture>interface/frame/__background_h.jpg</texture>
	</widget>

	<widget name="Setup Ok Button">
		<size> 0.0975, 0.11 </size>
		<location>0.775,0.775,CENTER</location>
		<blending>true</blending>
		<focusScale>0.75</focusScale>
		<textureSize>0.25,0.21</textureSize>
		<textureLocation>0.0,0.77</textureLocation>

		<visual type="BUTTON_ACTIVE" texture="interface/buttons/__boutons.png"></visual>
		<visual type="BUTTON_INACTIVE" texture="interface/buttons/__boutons.png"></visual>
		<visual type="BUTTON_PRESSED" texture="interface/buttons/__push_boutons_glow.png"></visual>
		<visual type="BUTTON_RELEASED" texture="interface/buttons/__boutons.png"></visual>
	</widget>

	<widget name="Setup Controls Button">
		<location>0.2, 0.6, BOTTOM_LEFT</location>
		<blending> true </blending>

		<visual type="BUTTON_ACTIVE" 		fontSize="1.2" fontColor="1.0,1.0,1.0,0.7"></visual>
		<visual type="BUTTON_INACTIVE" 	fontSize="1.2" fontColor="1.0,1.0,1.0,1.0"></visual>
		<visual type="BUTTON_PRESSED"	font="lucidaglow" fontSize="1.2" fontColor="0.21,0.62,1.0,1.0"></visual>
		<visual type="BUTTON_RELEASED"	font="lucidaglow" fontSize="1.2" fontColor="0.21,0.62,1.0,1.0"></visual>

		<action type="ACTION_ENTERED" sound="gui/button_over.wav"></action>
		<action type="ACTION_PRESSED" sound="gui/button_click.wav"></action>
	</widget>

	<widget name="Setup Graphics Button">
		<location>0.2, 0.55, BOTTOM_LEFT</location>
		<blending> true </blending>

		<visual type="BUTTON_ACTIVE" 		fontSize="1.2" fontColor="1.0,1.0,1.0,0.7"></visual>
		<visual type="BUTTON_INACTIVE" 	fontSize="1.2" fontColor="1.0,1.0,1.0,1.0"></visual>
		<visual type="BUTTON_PRESSED"	font="lucidaglow" fontSize="1.2" fontColor="0.21,0.62,1.0,1.0"></visual>
		<visual type="BUTTON_RELEASED"	font="lucidaglow" fontSize="1.2" fontColor="0.21,0.62,1.0,1.0"></visual>

		<action type="ACTION_ENTERED" sound="gui/button_over.wav"></action>
		<action type="ACTION_PRESSED" sound="gui/button_click.wav"></action>
	</widget>

	<widget name="Setup Display Button">
		<location>0.2, 0.5, BOTTOM_LEFT</location>
		<blending> true </blending>

		<visual type="BUTTON_ACTIVE" 		fontSize="1.2" fontColor="1.0,1.0,1.0,0.7"></visual>
		<visual type="BUTTON_INACTIVE" 	fontSize="1.2" fontColor="1.0,1.0,1.0,1.0"></visual>
		<visual type="BUTTON_PRESSED"	font="lucidaglow" fontSize="1.2" fontColor="0.21,0.62,1.0,1.0"></visual>
		<visual type="BUTTON_RELEASED"	font="lucidaglow" fontSize="1.2" fontColor="0.21,0.62,1.0,1.0"></visual>

		<action type="ACTION_ENTERED" sound="gui/button_over.wav"></action>
		<action type="ACTION_PRESSED" sound="gui/button_click.wav"></action>
	</widget>

	<widget name="Setup Sound Button">
		<location>0.2, 0.45, BOTTOM_LEFT</location>
		<blending> true </blending>

		<visual type="BUTTON_ACTIVE" 		fontSize="1.2" fontColor="1.0,1.0,1.0,0.7"></visual>
		<visual type="BUTTON_INACTIVE" 	fontSize="1.2" fontColor="1.0,1.0,1.0,1.0"></visual>
		<visual type="BUTTON_PRESSED"	font="lucidaglow" fontSize="1.2" fontColor="0.21,0.62,1.0,1.0"></visual>
		<visual type="BUTTON_RELEASED"	font="lucidaglow" fontSize="1.2" fontColor="0.21,0.62,1.0,1.0"></visual>

		<action type="ACTION_ENTERED" sound="gui/button_over.wav"></action>
		<action type="ACTION_PRESSED" sound="gui/button_click.wav"></action>
	</widget>

	<widget name="Setup Parental Control Button">
		<location>0.2, 0.4, BOTTOM_LEFT</location>
		<blending> true </blending>

		<visual type="BUTTON_ACTIVE" 		fontSize="1.2" fontColor="1.0,1.0,1.0,0.7"></visual>
		<visual type="BUTTON_INACTIVE" 	fontSize="1.2" fontColor="1.0,1.0,1.0,1.0"></visual>
		<visual type="BUTTON_PRESSED"	font="lucidaglow" fontSize="1.2" fontColor="0.21,0.62,1.0,1.0"></visual>
		<visual type="BUTTON_RELEASED"	font="lucidaglow" fontSize="1.2" fontColor="0.21,0.62,1.0,1.0"></visual>

		<action type="ACTION_ENTERED" sound="gui/button_over.wav"></action>
		<action type="ACTION_PRESSED" sound="gui/button_click.wav"></action>
	</widget>

	<widget name="Setup Account Button">
		<location>0.2, 0.35, BOTTOM_LEFT</location>
		<blending> true </blending>

		<visual type="BUTTON_ACTIVE" 		fontSize="1.2" fontColor="1.0,1.0,1.0,0.7"></visual>
		<visual type="BUTTON_INACTIVE" 	fontSize="1.2" fontColor="1.0,1.0,1.0,1.0"></visual>
		<visual type="BUTTON_PRESSED"	font="lucidaglow" fontSize="1.2" fontColor="0.21,0.62,1.0,1.0"></visual>
		<visual type="BUTTON_RELEASED"	font="lucidaglow" fontSize="1.2" fontColor="0.21,0.62,1.0,1.0"></visual>

		<action type="ACTION_ENTERED" sound="gui/button_over.wav"></action>
		<action type="ACTION_PRESSED" sound="gui/button_click.wav"></action>
	</widget>

	<widget name="Setup Default Values">
		<location>0.2, 0.3, BOTTOM_LEFT</location>
		<blending> true </blending>

		<visual type="BUTTON_ACTIVE" 		fontSize="1.2" fontColor="1.0,1.0,1.0,0.7"></visual>
		<visual type="BUTTON_INACTIVE" 	fontSize="1.2" fontColor="1.0,1.0,1.0,1.0"></visual>
		<visual type="BUTTON_PRESSED"	font="lucidaglow" fontSize="1.2" fontColor="0.21,0.62,1.0,1.0"></visual>
		<visual type="BUTTON_RELEASED"	font="lucidaglow" fontSize="1.2" fontColor="0.21,0.62,1.0,1.0"></visual>

		<action type="ACTION_ENTERED" sound="gui/button_over.wav"></action>
		<action type="ACTION_PRESSED" sound="gui/button_click.wav"></action>
	</widget>

	<widget name="Setup Info Text">
		<size>0.35,0.08</size>
		<location>0.5,0.18,CENTER</location>
		<blending>true</blending>
		<fontScale>0.9</fontScale>
		<alignment>CENTER</alignment>
		<editable>false</editable>
	</widget>

	<widget name="Setup Animated Logo">
		<size>0.2,0.14</size>
		<location>0.01, 0.85, BOTTOM_LEFT</location>
		<blending>true</blending>
		<animation>logo.png,0,4,12</animation>
	</widget>

	<!--
	============================

		CONTROLS WIDGET

	============================
	-->

	<widget name= "Controls Invert Mouse Label" >
		<location>0.5, 0.6, BOTTOM_LEFT</location>
		<fontScale>1.0</fontScale>
	</widget>

	<widget name="Controls Mouse Speed Label">
		<location>0.5, 0.55, BOTTOM_LEFT</location>
		<fontScale>1.0</fontScale>
	</widget>

	<widget name="Invert Mouse Yes No Button">
		<location>0.7, 0.6, BOTTOM_LEFT</location>
		<blending> true </blending>

		<visual type="BUTTON_ACTIVE" 		fontSize="1" fontColor="1.0,1.0,1.0,0.7"></visual>
		<visual type="BUTTON_INACTIVE" 	fontSize="1" fontColor="1.0,1.0,1.0,1.0"></visual>
		<visual type="BUTTON_PRESSED"	font="lucidaglow" fontSize="1" fontColor="0,0.52,1.0,1.0"></visual>
		<visual type="BUTTON_RELEASED"	font="lucidaglow" fontSize="1" fontColor="0.21,0.62,1.0,1.0"></visual>

		<action type="ACTION_ENTERED" sound="gui/button_over.wav"></action>
		<action type="ACTION_PRESSED" sound="gui/button_click.wav"></action>
	</widget>

	<widget name="Mouse Speed Slider">
		<size>0.12,0.035</size>
		<location>0.7,0.55,BOTTOM_LEFT</location>

		<action type="ACTION_ENTERED" sound="gui/button_over.wav"></action>
	</widget>

	<!--
	============================

		GRAPHICS WIDGET

	============================
	-->

	<widget name="Graphics Resolution Label">
		<location>0.5,0.6,BOTTOM_LEFT</location>
		<fontScale>1.0</fontScale>
	</widget>

	<widget name="Graphics Resolution Button">
		<location>0.7, 0.6, BOTTOM_LEFT</location>
		<blending> true </blending>

		<visual type="BUTTON_ACTIVE" 		fontSize="1" fontColor="1.0,1.0,1.0,0.7"></visual>
		<visual type="BUTTON_INACTIVE" 	fontSize="1" fontColor="1.0,1.0,1.0,1.0"></visual>
		<visual type="BUTTON_PRESSED"	font="lucidaglow" fontSize="1" fontColor="0,0.52,1.0,1.0"></visual>
		<visual type="BUTTON_RELEASED"	font="lucidaglow" fontSize="1" fontColor="0.21,0.62,1.0,1.0"></visual>

		<action type="ACTION_ENTERED" sound="gui/button_over.wav"></action>
		<action type="ACTION_PRESSED" sound="gui/button_click.wav"></action>
	</widget>

	<widget name="Graphics Fullscreen Label">
		<location>0.5,0.55,BOTTOM_LEFT</location>
		<fontScale>1.0</fontScale>
	</widget>

	<widget name="Graphics Fullscreen Button">
		<location>0.7, 0.55, BOTTOM_LEFT</location>
		<blending> true </blending>

		<visual type="BUTTON_ACTIVE" 		fontSize="1" fontColor="1.0,1.0,1.0,0.7"></visual>
		<visual type="BUTTON_INACTIVE" 	fontSize="1" fontColor="1.0,1.0,1.0,1.0"></visual>
		<visual type="BUTTON_PRESSED"	font="lucidaglow" fontSize="1" fontColor="0,0.52,1.0,1.0"></visual>
		<visual type="BUTTON_RELEASED"	font="lucidaglow" fontSize="1" fontColor="0.21,0.62,1.0,1.0"></visual>

		<action type="ACTION_ENTERED" sound="gui/button_over.wav"></action>
		<action type="ACTION_PRESSED" sound="gui/button_click.wav"></action>
	</widget>

	<widget name="Graphics Texture Detail Label">
		<location>0.5,0.5,BOTTOM_LEFT</location>
		<fontScale>1.0</fontScale>
	</widget>

	<widget name="Graphics Texture Detail Button">
		<location>0.7, 0.5, BOTTOM_LEFT</location>
		<blending> true </blending>

		<visual type="BUTTON_ACTIVE" 		fontSize="1" fontColor="1.0,1.0,1.0,0.7"></visual>
		<visual type="BUTTON_INACTIVE" 	fontSize="1" fontColor="1.0,1.0,1.0,1.0"></visual>
		<visual type="BUTTON_PRESSED"	font="lucidaglow" fontSize="1" fontColor="0,0.52,1.0,1.0"></visual>
		<visual type="BUTTON_RELEASED"	font="lucidaglow" fontSize="1" fontColor="0.21,0.62,1.0,1.0"></visual>

		<action type="ACTION_ENTERED" sound="gui/button_over.wav"></action>
		<action type="ACTION_PRESSED" sound="gui/button_click.wav"></action>
	</widget>

	<widget name="Graphics Texture Quality Label">
		<location>0.5,0.45,BOTTOM_LEFT</location>
		<fontScale>1.0</fontScale>
	</widget>

	<widget name="Graphics Texture Quality Button">
		<location>0.7, 0.45, BOTTOM_LEFT</location>
		<blending> true </blending>

		<visual type="BUTTON_ACTIVE" 		fontSize="1" fontColor="1.0,1.0,1.0,0.7"></visual>
		<visual type="BUTTON_INACTIVE" 	fontSize="1" fontColor="1.0,1.0,1.0,1.0"></visual>
		<visual type="BUTTON_PRESSED"	font="lucidaglow" fontSize="1" fontColor="0,0.52,1.0,1.0"></visual>
		<visual type="BUTTON_RELEASED"	font="lucidaglow" fontSize="1" fontColor="0.21,0.62,1.0,1.0"></visual>

		<action type="ACTION_ENTERED" sound="gui/button_over.wav"></action>
		<action type="ACTION_PRESSED" sound="gui/button_click.wav"></action>
	</widget>

	<widget name="Graphics Texture Filter Label">
		<location>0.5,0.4,BOTTOM_LEFT</location>
		<fontScale>1.0</fontScale>
	</widget>

	<widget name="Graphics Texture Filter Button">
		<location>0.7, 0.4, BOTTOM_LEFT</location>
		<blending> true </blending>

		<visual type="BUTTON_ACTIVE" 		fontSize="1" fontColor="1.0,1.0,1.0,0.7"></visual>
		<visual type="BUTTON_INACTIVE" 	fontSize="1" fontColor="1.0,1.0,1.0,1.0"></visual>
		<visual type="BUTTON_PRESSED"	font="lucidaglow" fontSize="1" fontColor="0,0.52,1.0,1.0"></visual>
		<visual type="BUTTON_RELEASED"	font="lucidaglow" fontSize="1" fontColor="0.21,0.62,1.0,1.0"></visual>

		<action type="ACTION_ENTERED" sound="gui/button_over.wav"></action>
		<action type="ACTION_PRESSED" sound="gui/button_click.wav"></action>
	</widget>

	<widget name="Graphics Driver Selection Label">
		<location>0.5,0.35,BOTTOM_LEFT</location>
		<fontScale>1.0</fontScale>
	</widget>

	<widget name="Graphics Driver Selection Button">
		<location>0.7, 0.35, BOTTOM_LEFT</location>
		<blending> true </blending>

		<visual type="BUTTON_ACTIVE" 		fontSize="1" fontColor="1.0,1.0,1.0,0.7"></visual>
		<visual type="BUTTON_INACTIVE" 	fontSize="1" fontColor="1.0,1.0,1.0,1.0"></visual>
		<visual type="BUTTON_PRESSED"	font="lucidaglow" fontSize="1" fontColor="0,0.52,1.0,1.0"></visual>
		<visual type="BUTTON_RELEASED"	font="lucidaglow" fontSize="1" fontColor="0.21,0.62,1.0,1.0"></visual>

		<action type="ACTION_ENTERED" sound="gui/button_over.wav"></action>
		<action type="ACTION_PRESSED" sound="gui/button_click.wav"></action>
	</widget>

	<!--
	============================

		DISPLAY WIDGET

	============================
	-->
	<widget name="Display Nickname Label" >
		<location>0.5,0.6,BOTTOM_LEFT</location>
		<fontScale>1.0</fontScale>
	</widget>

	<widget name="Display Nickname Button">
		<location>0.7, 0.6, BOTTOM_LEFT</location>
		<blending> true </blending>

		<visual type="BUTTON_ACTIVE" 		fontSize="1" fontColor="1.0,1.0,1.0,0.7"></visual>
		<visual type="BUTTON_INACTIVE" 	fontSize="1" fontColor="1.0,1.0,1.0,1.0"></visual>
		<visual type="BUTTON_PRESSED"	font="lucidaglow" fontSize="1" fontColor="0,0.52,1.0,1.0"></visual>
		<visual type="BUTTON_RELEASED"	font="lucidaglow" fontSize="1" fontColor="0.21,0.62,1.0,1.0"></visual>

		<action type="ACTION_ENTERED" sound="gui/button_over.wav"></action>
		<action type="ACTION_PRESSED" sound="gui/button_click.wav"></action>
	</widget>

	<widget name="Display Crosshair Label">
		<location>0.5,0.55,BOTTOM_LEFT</location>
		<fontScale>1.0</fontScale>
	</widget>

	<widget name="Display Crosshair Button">
		<size>0.0375,0.05</size>
		<location>0.72, 0.565,CENTER</location>
		<blending> true </blending>

		<visual type="BUTTON_ACTIVE" 		fontSize="1" fontColor="1.0,1.0,1.0,0.7"></visual>
		<visual type="BUTTON_INACTIVE" 	fontSize="1" fontColor="1.0,1.0,1.0,1.0"></visual>
		<visual type="BUTTON_PRESSED"	font="lucidaglow" fontSize="1" fontColor="0,0.52,1.0,1.0"></visual>
		<visual type="BUTTON_RELEASED"	font="lucidaglow" fontSize="1" fontColor="0.21,0.62,1.0,1.0"></visual>

		<action type="ACTION_ENTERED" sound="gui/button_over.wav"></action>
		<action type="ACTION_PRESSED" sound="gui/button_click.wav"></action>
	</widget>

	<widget name="Display Language Label">
		<location>0.5,0.5,BOTTOM_LEFT</location>
		<fontScale>1.0</fontScale>
	</widget>

	<widget name="Display Language Button">
		<location>0.7, 0.5, BOTTOM_LEFT</location>
		<blending> true </blending>

		<visual type="BUTTON_ACTIVE" 		fontSize="1" fontColor="1.0,1.0,1.0,0.7"></visual>
		<visual type="BUTTON_INACTIVE" 	fontSize="1" fontColor="1.0,1.0,1.0,1.0"></visual>
		<visual type="BUTTON_PRESSED"	font="lucidaglow" fontSize="1" fontColor="0,0.52,1.0,1.0"></visual>
		<visual type="BUTTON_RELEASED"	font="lucidaglow" fontSize="1" fontColor="0.21,0.62,1.0,1.0"></visual>

		<action type="ACTION_ENTERED" sound="gui/button_over.wav"></action>
		<action type="ACTION_PRESSED" sound="gui/button_click.wav"></action>
	</widget>

	<widget name="Display Startup Tip Label">
		<location>0.5,0.45,BOTTOM_LEFT</location>
		<fontScale>1.0</fontScale>
	</widget>

	<widget name="Display Startup Tip Button">
		<location>0.7, 0.45, BOTTOM_LEFT</location>
		<blending> true </blending>

		<visual type="BUTTON_ACTIVE" 		fontSize="1" fontColor="1.0,1.0,1.0,0.7"></visual>
		<visual type="BUTTON_INACTIVE" 	fontSize="1" fontColor="1.0,1.0,1.0,1.0"></visual>
		<visual type="BUTTON_PRESSED"	font="lucidaglow" fontSize="1" fontColor="0,0.52,1.0,1.0"></visual>
		<visual type="BUTTON_RELEASED"	font="lucidaglow" fontSize="1" fontColor="0.21,0.62,1.0,1.0"></visual>

		<action type="ACTION_ENTERED" sound="gui/button_over.wav"></action>
		<action type="ACTION_PRESSED" sound="gui/button_click.wav"></action>
	</widget>

	<widget name="Display Video Render Label">
		<location>0.5,0.4,BOTTOM_LEFT</location>
		<fontScale>1.0</fontScale>
	</widget>

	<widget name="Display Video Render Button">
		<location>0.7, 0.4, BOTTOM_LEFT</location>
		<blending> true </blending>

		<visual type="BUTTON_ACTIVE" 		fontSize="1" fontColor="1.0,1.0,1.0,0.7"></visual>
		<visual type="BUTTON_INACTIVE" 	fontSize="1" fontColor="1.0,1.0,1.0,1.0"></visual>
		<visual type="BUTTON_PRESSED"	font="lucidaglow" fontSize="1" fontColor="0,0.52,1.0,1.0"></visual>
		<visual type="BUTTON_RELEASED"	font="lucidaglow" fontSize="1" fontColor="0.21,0.62,1.0,1.0"></visual>

		<action type="ACTION_ENTERED" sound="gui/button_over.wav"></action>
		<action type="ACTION_PRESSED" sound="gui/button_click.wav"></action>
	</widget>

	<widget name="Display Particle Density Label">
		<location>0.5,0.35,BOTTOM_LEFT</location>
		<fontScale>1.0</fontScale>
	</widget>

	<widget name="Particle Density Slider">
		<size>0.12,0.035</size>
		<location>0.7, 0.35, BOTTOM_LEFT</location>
		<blending> true </blending>

		<action type="ACTION_ENTERED" sound="gui/button_over.wav"></action>
	</widget>

	<widget name="Display Mirroring Label">
		<location>0.5,0.3,BOTTOM_LEFT</location>
		<fontScale>1.0</fontScale>
	</widget>

	<widget name="Display Mirroring Button">
		<location>0.7, 0.3, BOTTOM_LEFT</location>
		<blending> true </blending>

		<visual type="BUTTON_ACTIVE" 		fontSize="1" fontColor="1.0,1.0,1.0,0.7"></visual>
		<visual type="BUTTON_INACTIVE" 	fontSize="1" fontColor="1.0,1.0,1.0,1.0"></visual>
		<visual type="BUTTON_PRESSED"	font="lucidaglow" fontSize="1" fontColor="0,0.52,1.0,1.0"></visual>
		<visual type="BUTTON_RELEASED"	font="lucidaglow" fontSize="1" fontColor="0.21,0.62,1.0,1.0"></visual>

		<action type="ACTION_ENTERED" sound="gui/button_over.wav"></action>
		<action type="ACTION_PRESSED" sound="gui/button_click.wav"></action>
	</widget>
	<!--
	============================

		SOUND WIDGET

	============================
	-->

	<widget name="Enable Sound Label">
		<location>0.5,0.6,BOTTOM_LEFT</location>
		<fontScale>1.0</fontScale>
	</widget>

	<widget name="Environmental Sounds Label">
		<location>0.5,0.55,BOTTOM_LEFT</location>
		<fontScale>1.0</fontScale>
	</widget>

	<widget name="Sound Effects Label">
		<location>0.5,0.5,BOTTOM_LEFT</location>
		<fontScale>1.0</fontScale>
	</widget>

	<widget name="Speaker Configuration Label">
		<location>0.5,0.45,BOTTOM_LEFT</location>
		<fontScale>1.0</fontScale>
	</widget>

	<widget name="Enable Sound Button">
		<location>0.7,0.6,BOTTOM_LEFT</location>
		<blending> true </blending>

		<visual type="BUTTON_ACTIVE" 		fontSize="1" fontColor="1.0,1.0,1.0,0.7"></visual>
		<visual type="BUTTON_INACTIVE" 	fontSize="1" fontColor="1.0,1.0,1.0,1.0"></visual>
		<visual type="BUTTON_PRESSED"	font="lucidaglow" fontSize="1" fontColor="0,0.52,1.0,1.0"></visual>
		<visual type="BUTTON_RELEASED"	font="lucidaglow" fontSize="1" fontColor="0.21,0.62,1.0,1.0"></visual>

		<action type="ACTION_ENTERED" sound="gui/button_over.wav"></action>
		<action type="ACTION_PRESSED" sound="gui/button_click.wav"></action>
	</widget>

	<widget name="Environmental Sounds Slider">
		<size>0.12,0.035</size>
		<location>0.7,0.55,BOTTOM_LEFT</location>
		<blending>true</blending>

		<action type="ACTION_ENTERED" sound="gui/button_over.wav"></action>
	</widget>

	<widget name="Sound Effects Slider">
		<size>0.12,0.035</size>
		<location>0.7,0.5,BOTTOM_LEFT</location>
		<blending>true</blending>

		<action type="ACTION_ENTERED" sound="gui/button_over.wav"></action>
	</widget>

	<widget name="Speaker Configuration Button">
		<location>0.7, 0.45, BOTTOM_LEFT</location>
		<blending> true </blending>

		<visual type="BUTTON_ACTIVE" 		fontSize="1" fontColor="1.0,1.0,1.0,0.7"></visual>
		<visual type="BUTTON_INACTIVE" 	fontSize="1" fontColor="1.0,1.0,1.0,1.0"></visual>
		<visual type="BUTTON_PRESSED"	font="lucidaglow" fontSize="1" fontColor="0,0.52,1.0,1.0"></visual>
		<visual type="BUTTON_RELEASED"	font="lucidaglow" fontSize="1" fontColor="0.21,0.62,1.0,1.0"></visual>

		<action type="ACTION_ENTERED" sound="gui/button_over.wav"></action>
		<action type="ACTION_PRESSED" sound="gui/button_click.wav"></action>
	</widget>

	<!--
		Sounds that play when entering the slide bars for setting sound volume
	-->
	<sound name="Setup Panel Sound Effects" sound="fire.wav"></sound>
	<sound name="Setup Panel Ambiant Sound" sound="fountain.wav"></sound>

	<!--
	============================

		PARENTAL CONTROL WIDGET

	============================
	-->

	<widget name="PC Enable Chat Label">
		<location>0.5,0.6,BOTTOM_LEFT</location>
		<fontScale>1.0</fontScale>
	</widget>

	<widget name="PC Language Filter Label">
		<location>0.5,0.55,BOTTOM_LEFT</location>
		<fontScale>1.0</fontScale>
	</widget>

	<widget name="PC Enable Chat Button">
		<location>0.7,0.6,BOTTOM_LEFT</location>
		<blending> true </blending>

		<visual type="BUTTON_ACTIVE" 		fontSize="1" fontColor="1.0,1.0,1.0,0.7"></visual>
		<visual type="BUTTON_INACTIVE" 	fontSize="1" fontColor="1.0,1.0,1.0,1.0"></visual>
		<visual type="BUTTON_PRESSED"	font="lucidaglow" fontSize="1" fontColor="0,0.52,1.0,1.0"></visual>
		<visual type="BUTTON_RELEASED"	font="lucidaglow" fontSize="1" fontColor="0.21,0.62,1.0,1.0"></visual>

		<action type="ACTION_ENTERED" sound="gui/button_over.wav"></action>
		<action type="ACTION_PRESSED" sound="gui/button_click.wav"></action>
	</widget>

	<widget name="PC Language Filter Button">
		<location>0.7,0.55,BOTTOM_LEFT</location>
		<blending> true </blending>

		<visual type="BUTTON_ACTIVE" 		fontSize="1" fontColor="1.0,1.0,1.0,0.7"></visual>
		<visual type="BUTTON_INACTIVE" 	fontSize="1" fontColor="1.0,1.0,1.0,1.0"></visual>
		<visual type="BUTTON_PRESSED"	font="lucidaglow" fontSize="1" fontColor="0,0.52,1.0,1.0"></visual>
		<visual type="BUTTON_RELEASED"	font="lucidaglow" fontSize="1" fontColor="0.21,0.62,1.0,1.0"></visual>

		<action type="ACTION_ENTERED" sound="gui/button_over.wav"></action>
		<action type="ACTION_PRESSED" sound="gui/button_click.wav"></action>
	</widget>

	<widget name="PC Set Password Button">
		<location>0.5,0.5,BOTTOM_LEFT</location>
		<blending> true </blending>

		<visual type="BUTTON_ACTIVE" 		fontSize="1" fontColor="1.0,1.0,1.0,0.7"></visual>
		<visual type="BUTTON_INACTIVE" 	fontSize="1" fontColor="1.0,1.0,1.0,1.0"></visual>
		<visual type="BUTTON_PRESSED"	font="lucidaglow" fontSize="1" fontColor="0,0.52,1.0,1.0"></visual>
		<visual type="BUTTON_RELEASED"	font="lucidaglow" fontSize="1" fontColor="0.21,0.62,1.0,1.0"></visual>

		<action type="ACTION_ENTERED" sound="gui/button_over.wav"></action>
		<action type="ACTION_PRESSED" sound="gui/button_click.wav"></action>
	</widget>

	<widget name="PC First Password Label">
		<location>0.5,0.6,BOTTOM_LEFT</location>
		<fontScale>1.0</fontScale>
	</widget>

	<widget name="PC First Password Text">
		<location>0.5,0.55,BOTTOM_LEFT</location>
		<size>0.2,0.04</size>
		<blending> true </blending>
		<fontScale>1.0</fontScale>
		<backgroundColor>1,1,1,0.2</backgroundColor>
		<passwordMode>true</passwordMode>
		<editable>true</editable>
		<mouseSelection>true</mouseSelection>
	</widget>

	<widget name="PC Second Password Label">
		<location>0.5,0.5,BOTTOM_LEFT</location>
		<fontScale>1.0</fontScale>
	</widget>

	<widget name="PC Second Password Text">
		<location>0.5,0.45,BOTTOM_LEFT</location>
		<size>0.2,0.04</size>
		<blending> true </blending>
		<fontScale>1.0</fontScale>
		<backgroundColor>1,1,1,0.2</backgroundColor>
		<passwordMode>true</passwordMode>
		<editable>true</editable>
		<mouseSelection>true</mouseSelection>
	</widget>

	<widget name="PC Third Password Label">
		<location>0.5,0.4,BOTTOM_LEFT</location>
		<fontScale>1.0</fontScale>
	</widget>

	<widget name="PC Third Password Text">
		<location>0.5,0.35,BOTTOM_LEFT</location>
		<size>0.2,0.04</size>
		<blending> true </blending>
		<fontScale>1.0</fontScale>
		<backgroundColor>1,1,1,0.2</backgroundColor>
		<passwordMode>true</passwordMode>
		<editable>true</editable>
		<mouseSelection>true</mouseSelection>
	</widget>

	<!--
	============================

		USER ACCOUNT WIDGETS

	============================
	-->

	<widget name="User Name Label">
		<location>0.5,0.6,BOTTOM_LEFT</location>
		<fontScale>1.0</fontScale>
	</widget>

	<widget name="User Name Text">
		<location>0.5,0.55,BOTTOM_LEFT</location>
		<size>0.2,0.04</size>
		<blending> true </blending>
		<fontScale>1.0</fontScale>
		<backgroundColor>1,1,1,0.2</backgroundColor>
		<editable>true</editable>
		<mouseSelection>true</mouseSelection>
	</widget>

	<widget name="User Password Label">
		<location>0.5,0.5,BOTTOM_LEFT</location>
		<fontScale>1.0</fontScale>
	</widget>

	<widget name="User Password Text">
		<location>0.5,0.45,BOTTOM_LEFT</location>
		<size>0.2,0.04</size>
		<blending> true </blending>
		<fontScale>1.0</fontScale>
		<passwordMode>true</passwordMode>
		<backgroundColor>1,1,1,0.2</backgroundColor>
		<editable>true</editable>
		<mouseSelection>true</mouseSelection>
	</widget>

	<!--
	============================

		SELECT CHARACTER PANEL

	============================
	-->

	<widget name="Select Character Top Left Image">
		<size> 0.5, 0.5 </size>
		<location> 0.0, 0.5, BOTTOM_LEFT </location>
		<blending> false </blending>
		<texture>interface/frame/__background_e.jpg</texture>
	</widget>

	<widget name="Select Character Top Right Image">
		<size> 0.5, 0.5 </size>
		<location> 0.5, 0.5, BOTTOM_LEFT </location>
		<blending> false </blending>
		<texture>interface/frame/__background_i.jpg</texture>
	</widget>

	<widget name="Select Character Bottom Left Image">
		<size> 0.5, 0.5 </size>
		<location> 0.0, 0.0, BOTTOM_LEFT </location>
		<blending> false </blending>
		<texture>interface/frame/__background_j.jpg</texture>
	</widget>

	<widget name="Select Character Bottom Right Image">
		<size> 0.5, 0.5 </size>
		<location> 0.5, 0.0, BOTTOM_LEFT </location>
		<blending> false </blending>
		<texture>interface/frame/__background_h.jpg</texture>
	</widget>

	<widget name="Select Character Next Button">
		<size>0.062,0.11</size>
		<location>0.164,0.239,BOTTOM_LEFT</location>
		<blending>true</blending>
		<focusScale>0.75</focusScale>
		<textureSize>0.35,0.437</textureSize>
		<textureLocation>0.0,0.12</textureLocation>

		<visual type="BUTTON_ACTIVE" texture="interface/buttons/browsing_buttons_active.png"></visual>
		<visual type="BUTTON_INACTIVE" texture="interface/buttons/browsing_buttons_active.png"></visual>
		<visual type="BUTTON_PRESSED" texture="interface/buttons/browsing_buttons_pressed.png"></visual>
		<visual type="BUTTON_RELEASED" texture="interface/buttons/browsing_buttons_active.png"></visual>
	</widget>

	<widget name="Select Character Previous Button">
		<size>0.062,0.11</size>
		<location>0.131,0.329,BOTTOM_LEFT</location>
		<blending>true</blending>
		<focusScale>0.75</focusScale>
		<textureSize>0.35,0.437</textureSize>
		<textureLocation>0.0,0.55</textureLocation>

		<visual type="BUTTON_ACTIVE" texture="interface/buttons/browsing_buttons_active.png"></visual>
		<visual type="BUTTON_INACTIVE" texture="interface/buttons/browsing_buttons_active.png"></visual>
		<visual type="BUTTON_PRESSED" texture="interface/buttons/browsing_buttons_pressed.png"></visual>
		<visual type="BUTTON_RELEASED" texture="interface/buttons/browsing_buttons_active.png"></visual>
	</widget>

	<widget name="Select Character New Button">
		<size> 0.0975, 0.11 </size>
		<location>0.6,0.88,CENTER</location>
		<blending>true</blending>
		<focusScale>0.75</focusScale>
		<textureSize>0.25,0.21</textureSize>
		<textureLocation>0.25,0.52</textureLocation>

		<visual type="BUTTON_ACTIVE" texture="interface/buttons/__boutons.png"></visual>
		<visual type="BUTTON_INACTIVE" texture="interface/buttons/__boutons.png"></visual>
		<visual type="BUTTON_PRESSED" texture="interface/buttons/__push_boutons_glow.png"></visual>
		<visual type="BUTTON_RELEASED" texture="interface/buttons/__boutons.png"></visual>
	</widget>

	<widget name="Select Character Edit Button">
		<size> 0.0975, 0.11 </size>
		<location>0.695,0.838,CENTER</location>
		<blending>true</blending>
		<focusScale>0.75</focusScale>
		<textureSize>0.25,0.21</textureSize>
		<textureLocation>0.25,0.77</textureLocation>

		<visual type="BUTTON_ACTIVE" texture="interface/buttons/__boutons.png"></visual>
		<visual type="BUTTON_INACTIVE" texture="interface/buttons/__boutons.png"></visual>
		<visual type="BUTTON_PRESSED" texture="interface/buttons/__push_boutons_glow.png"></visual>
		<visual type="BUTTON_RELEASED" texture="interface/buttons/__boutons.png"></visual>
	</widget>

	<widget name="Select Character Return Button">
		<size> 0.0975, 0.11 </size>
		<location>0.775,0.775,CENTER</location>
		<blending>true</blending>
		<focusScale>0.75</focusScale>
		<textureSize>0.25,0.21</textureSize>
		<textureLocation>0.0,0.77</textureLocation>

		<visual type="BUTTON_ACTIVE" texture="interface/buttons/__boutons.png"></visual>
		<visual type="BUTTON_INACTIVE" texture="interface/buttons/__boutons.png"></visual>
		<visual type="BUTTON_PRESSED" texture="interface/buttons/__push_boutons_glow.png"></visual>
		<visual type="BUTTON_RELEASED" texture="interface/buttons/__boutons.png"></visual>
	</widget>

	<widget name="Select Character Delete Button">
		<size> 0.0975, 0.11 </size>
		<location>0.84,0.70,CENTER</location>
		<blending>true</blending>
		<focusScale>0.75</focusScale>
		<textureSize>0.25,0.21</textureSize>
		<textureLocation>0.75,0.52</textureLocation>

		<visual type="BUTTON_ACTIVE" texture="interface/buttons/__boutons.png"></visual>
		<visual type="BUTTON_INACTIVE" texture="interface/buttons/__boutons.png"></visual>
		<visual type="BUTTON_PRESSED" texture="interface/buttons/__push_boutons_glow.png"></visual>
		<visual type="BUTTON_RELEASED" texture="interface/buttons/__boutons.png"></visual>
	</widget>

	<widget name="Select Character Rotation Hot Spot Button">
		<size> 0.5, 0.4 </size>
		<location>0.5,0.5,CENTER</location>
		<blending>true</blending>

		<textureSize>0.25,0.25</textureSize>
		<textureLocation>0.25,0.75</textureLocation>

		<action type="ACTION_ENTERED" sound="gui/button_over.wav"></action>
	</widget>

	<widget name="Select Character Character Name">
		<location>0.3,0.55,CENTER</location>
		<fontScale>1.4</fontScale>
		<fontColor>0.21,0.62,1.0,1.0</fontColor>
	</widget>

	<widget name="Select Character Info Text">
		<size>0.35,0.08</size>
		<location>0.5,0.18,CENTER</location>
		<blending>true</blending>
		<fontScale>0.9</fontScale>
		<alignment>CENTER</alignment>
	</widget>

	<!--
	============================

		EDIT CHARACTER PANEL

	============================
	-->

	<widget name= "Edit Character Top Left Image">
		<size> 0.5, 0.5 </size>
		<location> 0.0, 0.5, BOTTOM_LEFT </location>
		<blending> false </blending>
		<texture>interface/frame/__background_e.jpg</texture>
	</widget>

	<widget name="Edit Character Top Right Image">
		<size> 0.5, 0.5 </size>
		<location> 0.5, 0.5, BOTTOM_LEFT </location>
		<blending> false </blending>
		<texture>interface/frame/__background_f.jpg</texture>
	</widget>

	<widget name="Edit Character Bottom Left Image">
		<size> 0.5, 0.5 </size>
		<location> 0.0, 0.0, BOTTOM_LEFT </location>
		<blending> false </blending>
		<texture>interface/frame/__background_j.jpg</texture>
	</widget>

	<widget name="Edit Character Bottom Right Image">
		<size> 0.5, 0.5 </size>
		<location> 0.5, 0.0, BOTTOM_LEFT </location>
		<blending> false </blending>
		<texture>interface/frame/__background_k.jpg</texture>
	</widget>

	<widget name="Edit Character Next Body Button">
		<size>0.062,0.11</size>
		<location>0.161,0.239,BOTTOM_LEFT</location>
		<blending>true</blending>
		<focusScale>0.75</focusScale>
		<textureSize>0.35,0.437</textureSize>
		<textureLocation>0.0,0.12</textureLocation>

		<visual type="BUTTON_ACTIVE" texture="interface/buttons/browsing_buttons_active.png"></visual>
		<visual type="BUTTON_INACTIVE" texture="interface/buttons/browsing_buttons_active.png"></visual>
		<visual type="BUTTON_PRESSED" texture="interface/buttons/browsing_buttons_pressed.png"></visual>
		<visual type="BUTTON_RELEASED" texture="interface/buttons/browsing_buttons_active.png"></visual>
	</widget>

	<widget name="Edit Character Previous Body Button">
		<size>0.062,0.11</size>
		<location>0.131,0.329,BOTTOM_LEFT</location>
		<blending>true</blending>
		<focusScale>0.75</focusScale>
		<textureSize>0.35,0.437</textureSize>
		<textureLocation>0.0,0.55</textureLocation>

		<visual type="BUTTON_ACTIVE" texture="interface/buttons/browsing_buttons_active.png"></visual>
		<visual type="BUTTON_INACTIVE" texture="interface/buttons/browsing_buttons_active.png"></visual>
		<visual type="BUTTON_PRESSED" texture="interface/buttons/browsing_buttons_pressed.png"></visual>
		<visual type="BUTTON_RELEASED" texture="interface/buttons/browsing_buttons_active.png"></visual>
	</widget>

	<widget name="Edit Character Next Look Button">
		<size>0.062,0.11</size>
		<location>0.816,0.329,BOTTOM_LEFT</location>
		<blending>true</blending>
		<focusScale>0.75</focusScale>
		<textureSize>0.322,0.442</textureSize>
		<textureLocation>0.36,0.562</textureLocation>

		<visual type="BUTTON_ACTIVE" texture="interface/buttons/browsing_buttons_active.png"></visual>
		<visual type="BUTTON_INACTIVE" texture="interface/buttons/browsing_buttons_active.png"></visual>
		<visual type="BUTTON_PRESSED" texture="interface/buttons/browsing_buttons_pressed.png"></visual>
		<visual type="BUTTON_RELEASED" texture="interface/buttons/browsing_buttons_active.png"></visual>
	</widget>

	<widget name="Edit Character Previous Look Button">
		<size>0.062,0.11</size>
		<location>0.786,0.239,BOTTOM_LEFT</location>
		<blending>true</blending>
		<focusScale>0.75</focusScale>
		<textureSize>0.322,0.442</textureSize>
		<textureLocation>0.367,0.109</textureLocation>

		<visual type="BUTTON_ACTIVE" texture="interface/buttons/browsing_buttons_active.png"></visual>
		<visual type="BUTTON_INACTIVE" texture="interface/buttons/browsing_buttons_active.png"></visual>
		<visual type="BUTTON_PRESSED" texture="interface/buttons/browsing_buttons_pressed.png"></visual>
		<visual type="BUTTON_RELEASED" texture="interface/buttons/browsing_buttons_active.png"></visual>
	</widget>

	<widget name="Edit Character Return Button">
		<size> 0.0975, 0.11 </size>
		<location>0.775,0.775,CENTER</location>
		<blending>true</blending>
		<focusScale>0.75</focusScale>
		<textureSize>0.25,0.21</textureSize>
		<textureLocation>0.0,0.77</textureLocation>

		<visual type="BUTTON_ACTIVE" texture="interface/buttons/__boutons.png"></visual>
		<visual type="BUTTON_INACTIVE" texture="interface/buttons/__boutons.png"></visual>
		<visual type="BUTTON_PRESSED" texture="interface/buttons/__push_boutons_glow.png"></visual>
		<visual type="BUTTON_RELEASED" texture="interface/buttons/__boutons.png"></visual>
	</widget>

	<widget name="Edit Character Rotation Hot Spot Button">
		<size> 0.2, 0.4 </size>
		<location>0.4,0.5,CENTER</location>
		<blending>true</blending>
		<textureSize>0.25,0.25</textureSize>
		<textureLocation>0.25,0.75</textureLocation>

		<action type="ACTION_ENTERED" sound="gui/button_over.wav"></action>
	</widget>

	<widget name="Edit Character Model Label">
		<location>0.2,0.6,BOTTOM_LEFT</location>
		<fontScale>1.0</fontScale>
	</widget>

	<widget name="Edit Character Model Name Label">
		<location>0.2,0.55,BOTTOM_LEFT</location>
		<fontScale>1.0</fontScale>
	</widget>

	<widget name="Edit Character Name Label">
		<location>0.5,0.75,BOTTOM_LEFT</location>
		<fontScale>1.0</fontScale>
	</widget>

	<widget name="Edit Character Name Text Field">
		<size>0.2,0.04</size>
		<location>0.5,0.7,BOTTOM_LEFT</location>
		<blending>true</blending>
		<fontScale>1.0</fontScale>
		<backgroundColor>1,1,1,0.05</backgroundColor>
		<editable>true</editable>
		<mouseSelection>true</mouseSelection>
	</widget>

	<widget name="Edit Character Description Label">
		<location>0.5,0.65,BOTTOM_LEFT</location>
		<fontScale>1.0</fontScale>
	</widget>

	<widget name="Edit Character Description Text Field">
		<size>0.3,0.28</size>
		<location>0.5,0.36,BOTTOM_LEFT</location>
		<blending>true</blending>
		<fontScale>1.0</fontScale>
		<backgroundColor>1,1,1,0.05</backgroundColor>
		<editable>true</editable>
		<mouseSelection>true</mouseSelection>
	</widget>

	<widget name="Edit Character Info Text">
		<size>0.35,0.08</size>
		<location>0.5,0.18,CENTER</location>
		<blending>true</blending>
		<fontScale>0.9</fontScale>
		<alignment>CENTER</alignment>
	</widget>

	<!--
	============================

		IN-GAME  PANEL

	============================
	-->

	<!-- In-Game Panel Widgets -->
	<widget name="In-Game Panel Background">
		<size> 0.68, 0.68 </size>
		<location> 0.5, 0.5, CENTER </location>
		<blending> true </blending>
		<mode> MIRROR</mode>
		<texture>interface/frame/__ingame_options_panel.png</texture>
	</widget>

	<widget name="In-Game Panel Help Button">
		<location>0.5, 0.7, CENTER</location>
		<blending> true </blending>

		<visual type="BUTTON_ACTIVE" fontSize="1.6" ></visual>
		<visual type="BUTTON_INACTIVE" fontSize="1.6" ></visual>
		<visual type="BUTTON_PRESSED" fontSize="1.6" fontColor="0.0f,1.0f,0.0,1.0" ></visual>
		<visual type="BUTTON_RELEASED" font="lucidaglow" fontSize="1.6" fontColor="0.0f,1.0f,0.0,1.0" ></visual>
	</widget>

	<widget name="In-Game Panel Setup Button">
		<location>0.5, 0.6, CENTER</location>
		<blending> true </blending>

		<visual type="BUTTON_ACTIVE" fontSize="1.6" ></visual>
		<visual type="BUTTON_INACTIVE" fontSize="1.6"></visual>
		<visual type="BUTTON_PRESSED" fontSize="1.6"  fontColor="0.0,1.0,0.0,1.0"></visual>
		<visual type="BUTTON_RELEASED" font="lucidaglow" fontSize="1.6" fontColor="0.0,1.0,0.0,1.0"></visual>
	</widget>

	<widget name="In-Game Panel Purchase Basket Button">
		<location>0.5, 0.5, CENTER</location>
		<blending> true </blending>

		<visual type="BUTTON_ACTIVE" fontSize="1.6" ></visual>
		<visual type="BUTTON_INACTIVE" fontSize="1.6"></visual>
		<visual type="BUTTON_PRESSED" fontSize="1.6"  fontColor="0.0,1.0,0.0,1.0"></visual>
		<visual type="BUTTON_RELEASED" font="lucidaglow" fontSize="1.6" fontColor="0.0,1.0,0.0,1.0"></visual>
	</widget>

	<widget name="In-Game Panel Resume Button">
		<location>0.5, 0.4, CENTER</location>
		<blending> true </blending>

		<visual type="BUTTON_ACTIVE" fontSize="1.6" ></visual>
		<visual type="BUTTON_INACTIVE" fontSize="1.6"></visual>
		<visual type="BUTTON_PRESSED" fontSize="1.6"  fontColor="0.0,1.0,0.0,1.0"></visual>
		<visual type="BUTTON_RELEASED" font="lucidaglow" fontSize="1.6" fontColor="0.0,1.0,0.0,1.0"></visual>
	</widget>

	<widget name="In-Game Panel Quit Button">
		<location>0.5, 0.3, CENTER</location>
		<blending> true </blending>

		<visual type="BUTTON_ACTIVE" fontSize="1.6" ></visual>
		<visual type="BUTTON_INACTIVE" fontSize="1.6"></visual>
		<visual type="BUTTON_PRESSED" fontSize="1.6"  fontColor="0.0,1.0,0.0,1.0"></visual>
		<visual type="BUTTON_RELEASED" font="lucidaglow" fontSize="1.6" fontColor="0.0,1.0,0.0,1.0"></visual>
	</widget>

	<!--
	============================

		CARD PANEL DESCRIPTION

	============================
	-->

	<!--
		The size of the button determines the size
		of the card.
	-->
	<widget name="Card Panel Button">
		<size> 0.406, 0.773 </size>
		<location>0.5,0.5,CENTER</location>
		<blending> true </blending>
		<mouseSelection> true </mouseSelection>
		<textureSize>0.6914f, 1f</textureSize>
		<textureLocation>0,0</textureLocation>
		<visible> false </visible>

		<visual type="BUTTON_ACTIVE" texture="texture/misc/white.jpg"></visual>
	</widget>

	<widget name="Card Panel TV Screen Image">
		<size> 0.5, 0.667 </size>
		<blending> true </blending>
		<visible> false </visible>
		<texture>texture/interface/client/detailedinfo/background/__tvscreen.png</texture>
	</widget>

	<widget name="Card Panel Media Status">
		<size>0.55, 0.075</size>
		<fontScale>1.0</fontScale>
		<location>0.297,0.04,BOTTOM_LEFT</location>
		<blocking> false </blocking>
		<visible> false </visible>
		<active> true </active>
		<blending> true </blending>
		<margins>0,0,0,0</margins>
		<mouseSelection> false </mouseSelection>
		<mouseMotion> false </mouseMotion>
	</widget>


	<!--
	======================================

		PRODUCT INFROMATION PANEL DESCRIPTION

	======================================
	-->
	<widget name="Product Information Top Left Image">
		<size>0.5,0.5</size>
		<location>0.25,0.75,CENTER</location>
		<blending>true</blending>
		<texture>interface/client/detailedinfo/background/topleft.png</texture>
	</widget>

	<widget name="Product Information Top Right Image">
		<size>0.5,0.5</size>
		<location>0.75,0.75,CENTER</location>
		<blending>true</blending>
		<texture>interface/client/detailedinfo/background/topright.png</texture>
	</widget>

	<widget name="Product Information Bottom Left Image">
		<size>0.5,0.5</size>
		<location>0.25,0.25,CENTER</location>
		<blending>true</blending>
		<texture>interface/client/detailedinfo/background/bottomleft.png</texture>
	</widget>

	<widget name="Product Information Bottom Right Image">
		<size>0.5,0.5</size>
		<location>0.75,0.25,CENTER</location>
		<blending>true</blending>
		<texture>interface/client/detailedinfo/background/bottomright.png</texture>
	</widget>

	<widget name="Product Information TV Screen Image">
		<size>0.5, 0.67</size>
		<location>0.6,0.45,CENTER</location>
		<blending>true</blending>
		<visible>false</visible>
		<texture>interface/client/detailedinfo/background/__tvscreen.png</texture>
	</widget>

	<widget name="Product Information TV Frame Image">
		<size>0.5,0.67</size>
		<location>0.6,0.45,CENTER</location>
		<blending>true</blending>
		<visible>false</visible>
		<texture>interface/client/detailedinfo/background/__tvframe.png</texture>
	</widget>

	<widget name="Product Information Detailed information">
		<fontScale>1.0</fontScale>
		<size>0.566,0.625</size>
		<location>0.348, 0.068, BOTTOM_LEFT</location>
		<blocking>false</blocking>
		<margins>0,0,0,0</margins>
		<visible>true</visible>
		<active>true</active>
		<blending>true</blending>
		<mouseSelection>false</mouseSelection>
		<mouseMotion>false</mouseMotion>
	</widget>

	<widget name="Product Information Product Name">
		<fontScale>1.0</fontScale>
		<size>0.469,0.067</size>
		<location> 0.427f, 0.843f, BOTTOM_LEFT </location>
		<blocking>false</blocking>
		<margins>0,0,0,0</margins>
		<visible>true</visible>
		<active>true</active>
		<blending>true</blending>
		<mouseSelection>false</mouseSelection>
		<mouseMotion>false</mouseMotion>
	</widget>

	<widget name="Product Information Short Description">
		<fontScale>1.0</fontScale>
		<size>0.469,0.067</size>
		<location>0.427f, 0.784f, BOTTOM_LEFT </location>
		<blocking>false</blocking>
		<margins>0,0,0,0</margins>
		<visible>true</visible>
		<active>true</active>
		<blending>true</blending>
		<mouseSelection>false</mouseSelection>
		<mouseMotion>false</mouseMotion>
	</widget>

	<widget name="Product Information Audio Button">
		<size>0.158, 0.094</size>
		<location> 0.13f, 0.416f, BOTTOM_LEFT </location>
		<blending>true</blending>
		<mouseSelection>true</mouseSelection>
		<mouseMotion>true</mouseMotion>

		<visual type="BUTTON_ACTIVE" texture="interface/client/detailedinfo/widgets/buttons/sound_a.png"></visual>
		<visual type="BUTTON_PRESSED" texture="interface/client/detailedinfo/widgets/buttons/sound_p.png"></visual>
		<visual type="BUTTON_RELEASED" texture="interface/client/detailedinfo/widgets/buttons/sound_f.png"></visual>
	</widget>

	<widget name="Product Information Video Button">
		<size>0.158, 0.094</size>
		<location> 0.13f, 0.336f, BOTTOM_LEFT </location>
		<blending>true</blending>
		<mouseSelection>true</mouseSelection>
		<mouseMotion>true</mouseMotion>
		<active>true</active>

		<visual type="BUTTON_ACTIVE" texture="interface/client/detailedinfo/widgets/buttons/video_a.png"></visual>
		<visual type="BUTTON_INACTIVE" texture="interface/client/detailedinfo/widgets/buttons/video_a.png"></visual>
		<visual type="BUTTON_PRESSED" texture="interface/client/detailedinfo/widgets/buttons/video_p.png"></visual>
		<visual type="BUTTON_RELEASED" texture="interface/client/detailedinfo/widgets/buttons/video_f.png"></visual>
	</widget>

	<widget name="Product Information Web Button">
		<size>0.158, 0.094</size>
		<location> 0.13f, 0.257f, BOTTOM_LEFT </location>
		<blending>true</blending>
		<mouseSelection>true</mouseSelection>
		<mouseMotion>true</mouseMotion>

		<visual type="BUTTON_ACTIVE" texture="interface/client/detailedinfo/widgets/buttons/web_a.png"></visual>
		<visual type="BUTTON_PRESSED" texture="interface/client/detailedinfo/widgets/buttons/web_p.png"></visual>
		<visual type="BUTTON_RELEASED" texture="interface/client/detailedinfo/widgets/buttons/web_f.png"></visual>
	</widget>

	<widget name="Product Information Add Button">
		<size>0.158, 0.094</size>
		<location>0.13f, 0.495f, BOTTOM_LEFT </location>
		<blending>true</blending>
		<mouseSelection>true</mouseSelection>
		<mouseMotion>true</mouseMotion>

		<visual type="BUTTON_ACTIVE" texture="interface/client/detailedinfo/widgets/buttons/cart_a.png"></visual>
		<!--
			Be carefull ! the inactive texture is used here when the basket contains products.
		-->
		<visual type="BUTTON_INACTIVE" texture="interface/client/detailedinfo/widgets/buttons/cart_ne.png"></visual>
		<visual type="BUTTON_PRESSED" texture="interface/client/detailedinfo/widgets/buttons/cart_p.png"></visual>
		<visual type="BUTTON_RELEASED" texture="interface/client/detailedinfo/widgets/buttons/cart_f.png"></visual>
	</widget>

	<widget name="Product Information Return Button">
		<size>0.158, 0.094</size>
		<location>0.13f, 0.178f, BOTTOM_LEFT </location>
		<blending>true</blending>
		<mouseSelection>true</mouseSelection>
		<mouseMotion>true</mouseMotion>

		<visual type="BUTTON_ACTIVE" texture="interface/client/detailedinfo/widgets/buttons/back_en_a.png"></visual>
		<visual type="BUTTON_PRESSED" texture="interface/client/detailedinfo/widgets/buttons/back_en_p.png"></visual>
		<visual type="BUTTON_RELEASED" texture="interface/client/detailedinfo/widgets/buttons/back_en_f.png"></visual>
	</widget>

	<widget  name="Product Information Status Button">
		<fontScale>1.0</fontScale>
		<size>0.55,0.067</size>
		<blocking>false</blocking>
		<margins>0,0,0,0</margins>
		<visible>true</visible>
		<active>true</active>
		<blending>true</blending>
		<mouseSelection>false</mouseSelection>
		<mouseMotion>false</mouseMotion>
	</widget>

	<!--
	======================================

		PRODUCT INFROMATION PANEL DESCRIPTION

	======================================
	-->
	<widget name="Purchase Basket Panel Top Left Image">
		<size>0.5,0.5</size>
		<location>0.25,0.75,CENTER</location>
		<blending>true</blending>		
		<texture>interface/client/detailedinfo/background/topleft.png</texture>
	</widget>

	<widget name="Purchase Basket Panel Top Right Image">
		<size>0.5,0.5</size>
		<location>0.75,0.75,CENTER</location>
		<blending>true</blending>		
		<texture>interface/client/detailedinfo/background/topright.png</texture>
	</widget>

	<widget name="Purchase Basket Panel Bottom Left Image">
		<size>0.5,0.5</size>
		<location>0.25,0.25,CENTER</location>
		<blending>true</blending>		
		<texture>interface/client/detailedinfo/background/bottomleft.png</texture>
	</widget>

	<widget name="Purchase Basket Panel Bottom Right Image">
		<size>0.5,0.5</size>
		<location>0.75,0.25,CENTER</location>
		<blending>true</blending>		
		<texture>interface/client/detailedinfo/background/bottomright.png</texture>
	</widget>

	<widget name="Purchase Basket Panel Increase Button">
		<size>0.158, 0.094</size>
		<location>0.13, 0.401, BOTTOM_LEFT </location>-->
		<blending>true</blending>
		<mouseSelection>true</mouseSelection>
		<mouseMotion>true</mouseMotion>

		<visual type="BUTTON_ACTIVE" texture="interface/client/inventory/widgets/buttons/plus_a.png"></visual>
		<visual type="BUTTON_PRESSED" texture="interface/client/inventory/widgets/buttons/plus_p.png"></visual>
		<visual type="BUTTON_RELEASED" texture="interface/client/inventory/widgets/buttons/plus_f.png"></visual>
	</widget>

	<widget name="Purchase Basket Panel Decrease Button">
		<size>0.158, 0.094</size>
		<location>0.13, 0.322, BOTTOM_LEFT </location>
		<blending>true</blending>
		<mouseSelection>true</mouseSelection>
		<mouseMotion>true</mouseMotion>

		<visual type="BUTTON_ACTIVE" texture="interface/client/inventory/widgets/buttons/minus_a.png"></visual>
		<visual type="BUTTON_PRESSED" texture="interface/client/inventory/widgets/buttons/minus_p.png"></visual>
		<visual type="BUTTON_RELEASED" texture="interface/client/inventory/widgets/buttons/minus_f.png"></visual>
	</widget>

	<widget name="Purchase Basket Panel Clear Button">
		<size>0.158, 0.094</size>
		<location>0.13, 0.243, BOTTOM_LEFT </location>
		<blending>true</blending>
		<mouseSelection>true</mouseSelection>
		<mouseMotion>true</mouseMotion>

		<visual type="BUTTON_ACTIVE" texture="interface/client/inventory/widgets/buttons/clear_en_a.png"></visual>
		<visual type="BUTTON_PRESSED" texture="interface/client/inventory/widgets/buttons/clear_en_p.png"></visual>
		<visual type="BUTTON_RELEASED" texture="interface/client/inventory/widgets/buttons/clear_en_f.png"></visual>
	</widget>

	<widget name="Purchase Basket Panel Buy Button">
		<size>0.158, 0.094</size>
		<location>0.13f, 0.48f, BOTTOM_LEFT </location>
		<blending>true</blending>
		<mouseSelection>true</mouseSelection>
		<mouseMotion>true</mouseMotion>

		<visual type="BUTTON_ACTIVE" texture="interface/client/inventory/widgets/buttons/buy_en_a.png"></visual>
		<visual type="BUTTON_PRESSED" texture="interface/client/inventory/widgets/buttons/buy_en_p.png"></visual>
		<visual type="BUTTON_RELEASED" texture="interface/client/inventory/widgets/buttons/buy_en_f.png"></visual>
	</widget>

	<widget name="Purchase Basket Panel Return Button">
		<size>0.158, 0.094</size>
		<location>0.13, 0.164, BOTTOM_LEFT </location>
		<blending>true</blending>
		<mouseSelection>true</mouseSelection>
		<mouseMotion>true</mouseMotion>

		<visual type="BUTTON_ACTIVE" texture="interface/client/inventory/widgets/buttons/quit_en_a.png"></visual>
		<visual type="BUTTON_PRESSED" texture="interface/client/inventory/widgets/buttons/quit_en_p.png"></visual>
		<visual type="BUTTON_RELEASED" texture="interface/client/inventory/widgets/buttons/quit_en_f.png"></visual>
	</widget>

	<widget name="Purchase Basket Panel Live Help Button">
		<size>0.158, 0.094</size>
		<location>0.13, 0.084, BOTTOM_LEFT </location>
		<blending>true</blending>
		<mouseSelection>true</mouseSelection>
		<mouseMotion>true</mouseMotion>

		<visual type="BUTTON_ACTIVE" texture="interface/client/inventory/widgets/buttons/livehelp_en_a.png"></visual>
		<visual type="BUTTON_INACTIVE" texture="interface/client/inventory/widgets/buttons/livehelp_en_f.png"></visual>
		<visual type="BUTTON_PRESSED" texture="interface/client/inventory/widgets/buttons/livehelp_en_p.png"></visual>
		<visual type="BUTTON_RELEASED" texture="interface/client/inventory/widgets/buttons/livehelp_en_f.png"></visual>
	</widget>

	<widget name="Purchase Basket Panel Subtotal Text">
		<fontScale>1.0</fontScale>
		<size>0.547,0.2</size>
		<location>0.349, 0.078, BOTTOM_LEFT</location>
		<margins>5,5,8,8</margins>
		<background>0f,0f,0f,0f</background>
		<blending>true</blending>
		<visible>true</visible>
		<active>false</active>
	</widget>

	<!--
		The subtotal amount is located 30% right of the subtotal text
	-->
	<widget name="Purchase Basket Panel Amount Text">
		<fontScale>1.0</fontScale>
		<size>0.547,0.2</size>
		<location>0.649, 0.078, BOTTOM_LEFT</location>
		<margins>5,5,8,8</margins>
		<background>0f,0f,0f,0f</background>
		<blending>true</blending>
		<visible>true</visible>
		<active>false</active>
	</widget>

	<widget name="Purchase Basket Panel Title">
		<fontScale>1.0</fontScale>
		<size>0.547,0.2</size>
		<location>0.5, 0.7, BOTTOM_LEFT</location>
		<margins>5,5,8,8</margins>
		<background>0f,0f,0f,0f</background>
		<blending>true</blending>
		<visible>true</visible>
		<active>false</active>
	</widget>

	<widget name="Purchase Basket Panel Item">
		<background>0f,0f,0f,0f</background>
		<blending>true</blending>
		<borderColor> 1f,1f,0f,1f </borderColor>
		<labelLocation>0.125,0</labelLocation>
		<mouseSelection> true </mouseSelection>
		<visible> true </visible>
		<active> true </active>
	</widget>

	<!--
	======================================

		HELP PANEL DESCRIPTION

	======================================
	-->
	<widget name="Help Panel Top Left">
		<size>0.5,0.5</size>
		<location>0.25,0.75,CENTER</location>
		<blending>true</blending>
		<texture>interface/client/detailedinfo/background/topleft.png</texture>
	</widget>

	<widget name="Help Panel Top Right">
		<size>0.5,0.5</size>
		<location>0.75,0.75,CENTER</location>
		<blending>true</blending>
		<texture>interface/client/detailedinfo/background/topright.png</texture>
	</widget>

	<widget name="Help Panel Bottom Left">
		<size>0.5,0.5</size>
		<location>0.25,0.25,CENTER</location>
		<blending>true</blending>
		<texture>interface/client/detailedinfo/background/bottomleft.png</texture>
	</widget>

	<widget name="Help Panel Bottom Right">
		<size>0.5,0.5</size>
		<location>0.75,0.25,CENTER</location>
		<blending>true</blending>
		<texture>interface/client/detailedinfo/background/bottomright.png</texture>
	</widget>

	<widget name="Help Panel Previous Button">
		<size>0.158,0.094</size>
		<location>0.13,0.158,BOTTOM_LEFT</location>
		<background> 0f,0f,0f,1f </background>
		<blending>true </blending>
		<visible>true</visible>
		<active>false</active>
		<mouseMotion>true</mouseMotion>
		<mouseSelection>true</mouseSelection>

		<visual type="BUTTON_ACTIVE" texture="interface/client/detailedinfo/widgets/buttons/previous_en_a.png"></visual>
		<visual type="BUTTON_PRESSED" texture="interface/client/detailedinfo/widgets/buttons/previous_en_p.png"></visual>
		<visual type="BUTTON_RELEASED" texture="interface/client/detailedinfo/widgets/buttons/previous_en_f.png"></visual>
	</widget>

	<widget name="Help Panel Next Button">
		<size>0.158,0.094</size>
		<location>0.13,0.237,BOTTOM_LEFT</location>
		<background> 0f,0f,0f,1f </background>
		<blending>true </blending>
		<visible>true</visible>
		<active>true</active>
		<mouseMotion>true</mouseMotion>
		<mouseSelection>true</mouseSelection>

		<visual type="BUTTON_ACTIVE" texture="interface/client/detailedinfo/widgets/buttons/next_en_a.png"></visual>
		<visual type="BUTTON_PRESSED" texture="interface/client/detailedinfo/widgets/buttons/next_en_p.png"></visual>
		<visual type="BUTTON_RELEASED" texture="interface/client/detailedinfo/widgets/buttons/next_en_f.png"></visual>
	</widget>

	<widget name="Help Panel Return Button">
		<background> 0f,0f,0f,1f </background>
		<blending>true </blending>
		<visible>true</visible>
		<active>true</active>
		<mouseMotion>true</mouseMotion>
		<mouseSelection>true</mouseSelection>
		<size>0.158,0.094</size>
		<location>0.13, 0.078, BOTTOM_LEFT</location>

		<visual type="BUTTON_ACTIVE" texture="interface/client/detailedinfo/widgets/buttons/quit_en_a.png"></visual>
		<visual type="BUTTON_PRESSED" texture="interface/client/detailedinfo/widgets/buttons/quit_en_p.png"></visual>
		<visual type="BUTTON_RELEASED" texture="interface/client/detailedinfo/widgets/buttons/quit_en_f.png"></visual>
	</widget>

	<widget name="Help Panel Help Page">
		<fontScale>1.0</fontScale>
		<size>0.625,0.75</size>
		<location>0.317,-0.016,BOTTOM_LEFT</location>
		<blocking>false</blocking>
		<margins>0,0,0,0</margins>
		<active>true</active>
		<background>0f,0f,0f,0f</background>
		<blending>true</blending>
		<mouseSelection>false</mouseSelection>
		<mouseMotion>false</mouseMotion>
	</widget>

	<!--
	======================================

		GAZETTE PANEL DESCRIPTION

	======================================
	-->
	<!--
		Background is perfectly center
	-->
	<widget name="Gazette Panel Background">
		<size>0.906,0.906</size>
		<location>0.5,0.5,CENTER</location>
		<blending>true</blending>
		<texture>texture/misc/white.jpg</texture>
	</widget>

	<!--
		Headers are flush with the top of the background and in the center of each page
	-->
	<widget name="Gazette Panel Header Left">
		<size>0.359,0.177</size>
		<location>0.094,0.776,BOTTOM_LEFT</location>
		<blending>true</blending>
		<texture>texture/misc/white.jpg</texture>
	</widget>

	<widget name="Gazette Panel Header Right">
		<size>0.359,0.177</size>
		<location>0.547,0.776,BOTTOM_LEFT</location>
		<blending>true</blending>
		<texture>texture/misc/white.jpg</texture>
	</widget>

	<!--
		Previous button is at the bottom left of the background
	-->
	<widget name="Gazette Panel Previous Button">
		<size>0.047,0.0625</size>
		<location>0.084,0.047,BOTTOM_LEFT</location>
		<visible>true</visible>
		<blending>true</blending>
		<active>true</active>
		<mouseMotion>true</mouseMotion>
		<mouseSelection>true</mouseSelection>
	</widget>

	<!--
		Next button is at the bottom right of the background
	-->
	<widget name="Gazette Panel Next Button">
		<size>0.047,0.0625</size>
		<location>0.869,0.047,BOTTOM_LEFT</location>
		<visible>true</visible>
		<blending>true</blending>
		<active>true</active>
		<mouseMotion>true</mouseMotion>
		<mouseSelection>true</mouseSelection>
	</widget>

	<!--
		Return button is at the bottom right of the background
	-->
	<widget name="Gazette Panel Return Button">
		<size>0.025,0.033</size>
		<location>0.881,0.91,BOTTOM_LEFT</location>
		<visible>true</visible>
		<active>true</active>
		<blending>true</blending>
		<mouseMotion>true</mouseMotion>
		<mouseSelection>true</mouseSelection>

		<visual type="BUTTON_ACTIVE" texture="interface/buttons/x_quit.png"></visual>
		<action type="ACTION_RELEASED" sound="tong.wav"></action>
	</widget>

	<!--
		News text location is flush with the left of each header
	-->
	<widget name="Gazette Panel Page Left">
		<fontScale>0.68</fontScale>
		<size>0.32,0.683</size>
		<location>0.094,0.094,BOTTOM_LEFT</location>
		<blocking>false</blocking>
		<margins>0,0,0,0</margins>
		<visible>true</visible>
		<active>true</active>
		<background>0,0,0,0</background>
		<blending>true</blending>
		<fontColor>0,0,0</fontColor>
		<mouseSelection>false</mouseSelection>
		<windowSize>40,27</windowSize>
		<viewSize>40,27</viewSize>
	</widget>

	<widget name="Gazette Panel Page Right">
		<fontScale>0.68</fontScale>
		<size>0.32,0.683</size>
		<location>0.547,0.094,BOTTOM_LEFT</location>
		<blocking>false</blocking>
		<margins>0,0,0,0</margins>
		<visible>true</visible>
		<active>true</active>
		<background>0,0,0,0</background>
		<blending>true</blending>
		<fontColor>0,0,0</fontColor>
		<mouseSelection>false</mouseSelection>
		<windowSize>40,27</windowSize>
		<viewSize>40,27</viewSize>
	</widget>

	<!--
		Page numbers are at the bottom center of each page
	-->
	<widget name="Gazette Panel Left Page Number">
		<location>0.274, 0.067, CENTER</location>
		<blending> true </blending>
		<fontScale>0.8</fontScale>
		<fontColor>0,0,0,1.0</fontColor>
	</widget>

	<widget name="Gazette Panel Right Page Number">
		<location>0.727, 0.067, CENTER</location>
		<blending> true </blending>
		<fontScale>0.8</fontScale>
		<fontColor>0,0,0,1.0</fontColor>
	</widget>

	<!--
	======================================

		DATAPAD PANEL DESCRIPTION

	======================================
	-->
	<!--
		Background is perfectly center
	-->
	<widget name="Datapad Background">
		<size>0.52,0.90</size>
		<location>0.5,0.5,CENTER</location>
		<blending>true</blending>
		<texture>texture/misc/white.jpg</texture>
	</widget>

	<!--
		Previous button is at the bottom left of the background
	-->
	<widget name="Datapad Previous Button">
		<size>0.062,0.038</size>
		<location>0.445,0.183,BOTTOM_LEFT</location>
		<visible>true</visible>
		<blending>true</blending>
		<active>true</active>
		<mouseMotion>true</mouseMotion>
		<mouseSelection>true</mouseSelection>
		<action type="ACTION_ENTERED" sound="gui/button_over.wav"></action>
		<action type="ACTION_PRESSED" sound="gui/button_click.wav"></action>
	</widget>

	<!--
		Return button is at the bottom right of the background
	-->
	<widget name="Datapad Return Button">
		<size>0.062,0.038</size>
		<location>0.642,0.183,BOTTOM_LEFT</location>
		<visible>true</visible>
		<active>true</active>
		<blending>true</blending>
		<mouseMotion>true</mouseMotion>
		<mouseSelection>true</mouseSelection>
		<action type="ACTION_ENTERED" sound="gui/button_over.wav"></action>
		<action type="ACTION_PRESSED" sound="gui/button_click.wav"></action>
	</widget>

	<!--
		Next button is at the bottom right of the background
	-->
	<widget name="Datapad Next Button">
		<size>0.062,0.038</size>
		<location>0.515,0.183,BOTTOM_LEFT</location>
		<visible>true</visible>
		<blending>true</blending>
		<active>true</active>
		<mouseMotion>true</mouseMotion>
		<mouseSelection>true</mouseSelection>
		<action type="ACTION_ENTERED" sound="gui/button_over.wav"></action>
		<action type="ACTION_PRESSED" sound="gui/button_click.wav"></action>
	</widget>

	<!--
		Datapad text location
	-->
	<widget name="Datapad Page">
		<fontScale>0.7</fontScale>
		<size>0.32,0.683</size>
		<location>0.5,0.5,CENTER</location>
		<blocking>false</blocking>
		<margins>0,0,0,0</margins>
		<visible>true</visible>
		<active>true</active>
		<background>0,0,0,0</background>
		<blending>true</blending>
		<fontColor>0,0,0</fontColor>
		<mouseSelection>false</mouseSelection>
		<windowSize>50,40</windowSize>
		<viewSize>50,40</viewSize>
	</widget>
</GUI>
