<panel name="popup panel">
	<widget class="DmglImage" name="Background">
		<location>0.12207031,0.39973965,BOTTOM_LEFT</location>
		<zlocation>6</zlocation>
		<size>0.51660156,0.35677084</size>
		<blending>true</blending>
		<texture>gui/common/ks_common_minicard_01.jpg</texture>
		<textureLocation>0.0,0.0</textureLocation>
		<textureSize>1.0,1.0</textureSize>
	</widget>
	<widget class="DmglImage" name="Ripdown">
		<location>0.10253906,0.41145805,BOTTOM_LEFT</location>
		<zlocation>6</zlocation>
		<size>0.5517578,0.3763021</size>
		<blending>true</blending>
		<texture>gui/options/ks_options_ripdown_01.png</texture>
		<textureLocation>0.0,0.0</textureLocation>
		<textureSize>1.0,1.0</textureSize>
	</widget>
	<widget class="DmglImage" name="Ripup">
		<location>0.10253906,0.38151002,BOTTOM_LEFT</location>
		<zlocation>6</zlocation>
		<size>0.5517578,0.3763021</size>
		<blending>true</blending>
		<texture>gui/options/ks_options_ripup_01.png</texture>
		<textureLocation>0.0,0.0</textureLocation>
		<textureSize>1.0,1.0</textureSize>
	</widget>
	<widget class="DmglImage" name="button_ok_scroll_01">
		<location>0.25683594,0.48567697,CENTER</location>
		<zlocation>6</zlocation>
		<size>0.20019531,0.044270832</size>
		<blending>true</blending>
		<texture>gui/common/ks_common_legendbuttons_01.png</texture>
		<textureLocation>0.00390625,0.46875</textureLocation>
		<textureSize>0.80078125,0.2578125</textureSize>
	</widget>
	<widget class="DmglImage" name="button_ok_scroll_02">
		<location>0.25683594,0.48567706,CENTER</location>
		<zlocation>6</zlocation>
		<size>0.20019531,0.044270832</size>
		<blending>true</blending>
		<texture>gui/common/ks_common_legendbuttons_01.png</texture>
		<textureLocation>0.00390625,0.46875</textureLocation>
		<textureSize>0.80078125,0.2578125</textureSize>
	</widget>
	<widget class="DmglImage" name="button_ok_static">
		<location>0.15527344,0.46223956,BOTTOM_LEFT</location>
		<zlocation>6</zlocation>
		<size>0.203125,0.045572918</size>
		<blending>true</blending>
		<texture>gui/common/ks_common_legendbuttons_01.png</texture>
		<textureLocation>0.0,0.1953125</textureLocation>
		<textureSize>0.8125,0.2734375</textureSize>
	</widget>
	<widget class="DmglImage" name="password_box">
		<location>0.33691406,0.6015628,BOTTOM_LEFT</location>
		<zlocation>6</zlocation>
		<size>0.19628906,0.04296875</size>
		<blending>true</blending>
		<texture>gui/common/ks_common_legendbuttons_01.png</texture>
		<textureLocation>0.00390625,0.203125</textureLocation>
		<textureSize>0.8046875,0.2578125</textureSize>
	</widget>
	<widget class="DmglButton" name="button_custom_Ok">
		<location>0.15527344,0.46223956,BOTTOM_LEFT</location>
		<zlocation>3</zlocation>
		<size>0.203125,0.045572918</size>
		<blending>true</blending>
		<mouseMotion>true</mouseMotion>
		<mouseSelection>true</mouseSelection>
		<visual type="BUTTON_ACTIVE" texture="gui/common/ks_common_legendbuttons_01.png" textureCoordinates="0.0,0.7265625,0.8125,0.2734375" />
		<visual type="BUTTON_INACTIVE" texture="gui/common/ks_common_legendbuttons_01.png" textureCoordinates="0.0,0.7265625,0.8125,0.2734375" />
		<visual type="BUTTON_PRESSED" texture="gui/common/ks_common_legendbuttons_01.png" textureCoordinates="0.0,0.7265625,0.8125,0.2734375" />
		<visual type="BUTTON_RELEASED" texture="gui/common/ks_common_legendbuttons_01.png" textureCoordinates="0.0,0.7265625,0.8125,0.2734375" />
	</widget>
	<widget class="DmglText" name="password">
		<label>password</label>
		<location>0.3466797,0.6282282,BOTTOM_LEFT</location>
		<zlocation>3</zlocation>
		<size>0.2998047,0.049479168</size>
		<blending>true</blending>
		<font>ARMYC___.TTF</font>
		<fontScale>1.0</fontScale>
		<fontColor>0.3203125,0.2109375,0.71875</fontColor>
		<backgroundColor>0.0,0.0,0.0,0.0</backgroundColor>
	</widget>
	<widget class="DmglSimpleText" name="Message">
		<label>Password : </label>
		<location>0.15722656,0.6106782,BOTTOM_LEFT</location>
		<zlocation>3</zlocation>
		<size>0.6074219,0.0390625</size>
		<blending>true</blending>
		<font>ARMYC___.TTF</font>
		<fontScale>1.7</fontScale>
		<margins>1,1,1,1</margins>
		<maximumCharactersPerLine>30</maximumCharactersPerLine>
		<fontColor>0.3203125,0.2109375,0.72265625</fontColor>
		<backgroundColor>0.0,0.0,0.0,0.0</backgroundColor>
	</widget>
	<widget class="DmglLabel" name="Label Yes">
		<label>yes</label>
		<location>0.2548828,0.48307303,CENTER</location>
		<zlocation>1</zlocation>
		<size>0.024414062,0.014322917</size>
		<blending>true</blending>
		<font>ARMYC___.TTF</font>
		<fontScale>0.94</fontScale>
		<fontColor>0.3203125,0.2109375,0.72265625,1.0</fontColor>
	</widget>
	<widget class="DmglLabel" name="Label Ok">
		<label>yes</label>
		<location>0.2548828,0.48307303,CENTER</location>
		<zlocation>1</zlocation>
		<size>0.024414062,0.014322917</size>
		<blending>true</blending>
		<font>ARMYC___.TTF</font>
		<fontScale>0.94</fontScale>
		<fontColor>0.3203125,0.2109375,0.72265625,1.0</fontColor>
	</widget>
</panel>