<panel name="character panel">
	<widget class="DmglImage" name="background_01">
		<location>0.0,0.33333334,BOTTOM_LEFT</location>
		<zlocation>6</zlocation>
		<size>0.5,0.6666667</size>
		<blending>false</blending>
		<texture>gui/common/ks_common_background_01.jpg</texture>
		<textureLocation>0.0,0.0</textureLocation>
		<textureSize>1.0,1.0</textureSize>
	</widget>
	<widget class="DmglImage" name="background_02">
		<location>0.5,0.3333335,BOTTOM_LEFT</location>
		<zlocation>6</zlocation>
		<size>0.5,0.6666667</size>
		<blending>false</blending>
		<texture>gui/common/ks_common_background_02.jpg</texture>
		<textureLocation>0.0,0.0</textureLocation>
		<textureSize>1.0,1.0</textureSize>
	</widget>
	<widget class="DmglImage" name="background_03">
		<location>0.0,0.0,BOTTOM_LEFT</location>
		<zlocation>6</zlocation>
		<size>0.5,0.33333334</size>
		<blending>false</blending>
		<texture>gui/common/ks_common_background_03.jpg</texture>
		<textureLocation>0.0,0.0</textureLocation>
		<textureSize>1.0,1.0</textureSize>
	</widget>
	<widget class="DmglImage" name="background_04">
		<location>0.5,0.0,BOTTOM_LEFT</location>
		<zlocation>6</zlocation>
		<size>0.5,0.33333334</size>
		<blending>false</blending>
		<texture>gui/common/ks_common_background_04.jpg</texture>
		<textureLocation>0.0,0.0</textureLocation>
		<textureSize>1.0,1.0</textureSize>
	</widget>
	<widget class="DmglImage" name="line_1">
		<location>0.7763672,0.45703244,BOTTOM_LEFT</location>
		<zlocation>6</zlocation>
		<size>0.16113281,0.083333336</size>
		<blending>true</blending>
		<texture>gui/common/ks_common_line_01.png</texture>
		<textureLocation>0.0,0.0</textureLocation>
		<textureSize>1.0,1.0</textureSize>
	</widget>
	<widget class="DmglImage" name="line_2">
		<location>0.7753906,0.16406244,BOTTOM_LEFT</location>
		<zlocation>6</zlocation>
		<size>0.0546875,0.083333336</size>
		<blending>true</blending>
		<texture>gui/common/ks_common_line_01.png</texture>
		<textureLocation>0.0,0.0</textureLocation>
		<textureSize>1.0,1.0</textureSize>
	</widget>
	<widget class="DmglImage" name="image_map_wasteball">
		<location>0.7363281,0.52473986,BOTTOM_LEFT</location>
		<zlocation>6</zlocation>
		<size>0.25,0.33333334</size>
		<blending>true</blending>
		<texture>gui/common/ks_common_wasteball_01.png</texture>
		<textureLocation>0.0,0.0</textureLocation>
		<textureSize>1.0,1.0</textureSize>
	</widget>
	<widget class="DmglImage" name="image_map_cemetery">
		<location>0.7363281,0.5247396,BOTTOM_LEFT</location>
		<zlocation>6</zlocation>
		<size>0.25,0.33333334</size>
		<blending>true</blending>
		<texture>gui/common/ks_common_loser_01.png</texture>
		<textureLocation>0.0,0.0</textureLocation>
		<textureSize>1.0,1.0</textureSize>
	</widget>
	<widget class="DmglImage" name="image_map_market">
		<location>0.7363281,0.524739,BOTTOM_LEFT</location>
		<zlocation>6</zlocation>
		<size>0.25,0.33333334</size>
		<blending>true</blending>
		<texture>gui/common/ks_common_market_01.png</texture>
		<textureLocation>0.0,0.0</textureLocation>
		<textureSize>1.0,1.0</textureSize>
	</widget>
	<widget class="DmglImage" name="plan_01">
		<location>0.7363281,0.524739,BOTTOM_LEFT</location>
		<zlocation>6</zlocation>
		<size>0.25,0.33333334</size>
		<blending>true</blending>
		<texture>gui/common/ks_common_option_01.png</texture>
		<textureLocation>0.0,0.0</textureLocation>
		<textureSize>1.0,1.0</textureSize>
	</widget>
	<widget class="DmglImage" name="name_box">
		<location>0.18359375,0.7565105,BOTTOM_LEFT</location>
		<zlocation>3</zlocation>
		<size>0.20117188,0.04296875</size>
		<blending>true</blending>
		<texture>gui/common/ks_common_legendbuttons_01.png</texture>
		<textureLocation>0.00390625,0.203125</textureLocation>
		<textureSize>0.8046875,0.2578125</textureSize>
	</widget>
	<widget class="DmglImage" name="outfit">
		<location>0.21679688,0.38932276,BOTTOM_LEFT</location>
		<zlocation>6</zlocation>
		<size>0.0625,0.083333336</size>
		<blending>true</blending>
		<texture>gui/profile/ks_profile_outfit_01.png</texture>
		<textureLocation>0.0,0.0</textureLocation>
		<textureSize>1.0,1.0</textureSize>
	</widget>
	<widget class="DmglImage" name="voice">
		<location>0.21484375,0.1796875,BOTTOM_LEFT</location>
		<zlocation>6</zlocation>
		<size>0.0625,0.083333336</size>
		<blending>true</blending>
		<texture>gui/profile/ks_profile_voice_01.png</texture>
		<textureLocation>0.0,0.0</textureLocation>
		<textureSize>1.0,1.0</textureSize>
	</widget>
	<widget class="DmglImage" name="gender">
		<location>0.21386719,0.58203125,BOTTOM_LEFT</location>
		<zlocation>6</zlocation>
		<size>0.0625,0.083333336</size>
		<blending>true</blending>
		<texture>gui/profile/ks_profile_gender_01.png</texture>
		<textureLocation>0.0,0.0</textureLocation>
		<textureSize>1.0,1.0</textureSize>
	</widget>
	
	<widget class="DmglImage" name="imgLegendMain">
		<location>0.80078125,0.21354166,CENTER</location>
		<zlocation>6</zlocation>
		<size>0.026367188,0.03515625</size>
		<blending>true</blending>
		<texture>gui/common/ks_common_legendbuttons_01.png</texture>
		<textureLocation>0.89453125,0.7890625</textureLocation>
		<textureSize>0.10546875,0.2109375</textureSize>
	</widget>
	<widget class="DmglImage" name="imgLegendReset">
		<location>0.79785156,0.16666666,CENTER</location>
		<zlocation>6</zlocation>
		<size>0.03125,0.03515625</size>
		<blending>true</blending>
		<texture>gui/common/ks_common_legendbuttons_01.png</texture>
		<textureLocation>0.875,0.15625</textureLocation>
		<textureSize>0.125,0.2109375</textureSize>
	</widget>
	<widget class="DmglImage" name="imgLegendCancel">
		<location>0.80078125,0.1184896,CENTER</location>
		<zlocation>6</zlocation>
		<size>0.026367188,0.03515625</size>
		<blending>true</blending>
		<texture>gui/common/ks_common_legendbuttons_01.png</texture>
		<textureLocation>0.89453125,0.3671875</textureLocation>
		<textureSize>0.10546875,0.2109375</textureSize>
	</widget>
	<widget class="DmglImage" name="imgLegendOk">
		<location>0.80078125,0.06901043,CENTER</location>
		<zlocation>6</zlocation>
		<size>0.026367188,0.03515625</size>
		<blending>true</blending>
		<texture>gui/common/ks_common_legendbuttons_01.png</texture>
		<textureLocation>0.89453125,0.578125</textureLocation>
		<textureSize>0.10546875,0.2109375</textureSize>
	</widget>
	<widget class="DmglImage" name="imgLegendAnimMain">
		<location>0.86328125,0.21354198,CENTER</location>
		<zlocation>6</zlocation>
		<size>0.20117188,0.04296875</size>
		<blending>true</blending>
		<texture>gui/common/ks_common_legendbuttons_01.png</texture>
		<textureLocation>0.0,0.46875</textureLocation>
		<textureSize>0.8046875,0.2578125</textureSize>
	</widget>
	<widget class="DmglImage" name="imgLegendAnimReset">
		<location>0.86328125,0.1666666,CENTER</location>
		<zlocation>6</zlocation>
		<size>0.20117188,0.04296875</size>
		<blending>true</blending>
		<texture>gui/common/ks_common_legendbuttons_01.png</texture>
		<textureLocation>0.0,0.46875</textureLocation>
		<textureSize>0.8046875,0.2578125</textureSize>
	</widget>
	<widget class="DmglImage" name="imgLegendAnimCancel">
		<location>0.86328125,0.117187776,CENTER</location>
		<zlocation>6</zlocation>
		<size>0.20117188,0.04296875</size>
		<blending>true</blending>
		<texture>gui/common/ks_common_legendbuttons_01.png</texture>
		<textureLocation>0.0,0.46875</textureLocation>
		<textureSize>0.8046875,0.2578125</textureSize>
	</widget>
	<widget class="DmglImage" name="imgLegendAnimOk">
		<location>0.86328125,0.06901072,CENTER</location>
		<zlocation>6</zlocation>
		<size>0.20117188,0.04296875</size>
		<blending>true</blending>
		<texture>gui/common/ks_common_legendbuttons_01.png</texture>
		<textureLocation>0.0,0.46875</textureLocation>
		<textureSize>0.8046875,0.2578125</textureSize>
	</widget>
	<widget class="DmglImage" name="imgLegendAnimScrollMain">
		<location>0.86328125,0.21354198,CENTER</location>
		<zlocation>6</zlocation>
		<size>0.20117188,0.04296875</size>
		<blending>true</blending>
		<texture>gui/common/ks_common_legendbuttons_01.png</texture>
		<textureLocation>0.0,0.46875</textureLocation>
		<textureSize>0.8046875,0.2578125</textureSize>
	</widget>
	<widget class="DmglImage" name="imgLegendAnimScrollReset">
		<location>0.86328125,0.1666666,CENTER</location>
		<zlocation>6</zlocation>
		<size>0.20117188,0.04296875</size>
		<blending>true</blending>
		<texture>gui/common/ks_common_legendbuttons_01.png</texture>
		<textureLocation>0.0,0.46875</textureLocation>
		<textureSize>0.8046875,0.2578125</textureSize>
	</widget>
	<widget class="DmglImage" name="imgLegendAnimScrollCancel">
		<location>0.86328125,0.117187776,CENTER</location>
		<zlocation>6</zlocation>
		<size>0.20117188,0.04296875</size>
		<blending>true</blending>
		<texture>gui/common/ks_common_legendbuttons_01.png</texture>
		<textureLocation>0.0,0.46875</textureLocation>
		<textureSize>0.8046875,0.2578125</textureSize>
	</widget>
	<widget class="DmglImage" name="imgLegendAnimScrollOk">
		<location>0.86328125,0.06901072,CENTER</location>
		<zlocation>6</zlocation>
		<size>0.20117188,0.04296875</size>
		<blending>true</blending>
		<texture>gui/common/ks_common_legendbuttons_01.png</texture>
		<textureLocation>0.0,0.46875</textureLocation>
		<textureSize>0.8046875,0.2578125</textureSize>
	</widget>
	<widget class="DmglImage" name="imgLegendInactiveMain">
		<location>0.86328125,0.21354198,CENTER</location>
		<zlocation>6</zlocation>
		<size>0.20117188,0.04296875</size>
		<blending>true</blending>
		<texture>gui/common/ks_common_legendbuttons_01.png</texture>
		<textureLocation>0.0,0.2</textureLocation>
		<textureSize>0.8046875,0.2578125</textureSize>
	</widget>
	<widget class="DmglImage" name="imgLegendInactiveReset">
		<location>0.86328125,0.1666666,CENTER</location>
		<zlocation>6</zlocation>
		<size>0.20117188,0.04296875</size>
		<blending>true</blending>
		<texture>gui/common/ks_common_legendbuttons_01.png</texture>
		<textureLocation>0.0,0.2</textureLocation>
		<textureSize>0.8046875,0.2578125</textureSize>
	</widget>
	<widget class="DmglImage" name="imgLegendInactiveCancel">
		<location>0.86328125,0.117187776,CENTER</location>
		<zlocation>6</zlocation>
		<size>0.20117188,0.04296875</size>
		<blending>true</blending>
		<texture>gui/common/ks_common_legendbuttons_01.png</texture>
		<textureLocation>0.0,0.2</textureLocation>
		<textureSize>0.8046875,0.2578125</textureSize>
	</widget>
	<widget class="DmglImage" name="imgLegendInactiveOk">
		<location>0.86328125,0.06901072,CENTER</location>
		<zlocation>6</zlocation>
		<size>0.20117188,0.04296875</size>
		<blending>true</blending>
		<texture>gui/common/ks_common_legendbuttons_01.png</texture>
		<textureLocation>0.0,0.2</textureLocation>
		<textureSize>0.8046875,0.2578125</textureSize>
	</widget>

<!--
	<widget class="DmglButton" name="SelectModelDown">
		<location>0.14160156,0.622396,CENTER</location>
		<zlocation>4</zlocation>
		<size>0.060546875,0.061197918</size>
		<blending>true</blending>
		<mouseMotion>true</mouseMotion>
		<mouseSelection>true</mouseSelection>
		<visual type="BUTTON_ACTIVE" texture="gui/profile/ks_profile_arrows_01.png" textureCoordinates="0.01171875,0.21875,0.2421875,0.734375" />
		<visual type="BUTTON_INACTIVE" texture="gui/profile/ks_profile_arrows_01.png" textureCoordinates="0.01171875,0.21875,0.2421875,0.734375" />
		<visual type="BUTTON_PRESSED" texture="gui/profile/ks_profile_arrows_01.png" textureCoordinates="0.51953125,0.234375,0.234375,0.703125" />
		<visual type="BUTTON_RELEASED" texture="gui/profile/ks_profile_arrows_01.png" textureCoordinates="0.51953125,0.234375,0.234375,0.703125" />
	</widget>
	<widget class="DmglButton" name="SelectModelUp">
		<location>0.35546875,0.6223961,CENTER</location>
		<zlocation>4</zlocation>
		<size>0.060546875,0.061197918</size>
		<blending>true</blending>
		<mouseMotion>true</mouseMotion>
		<mouseSelection>true</mouseSelection>
		<visual type="BUTTON_ACTIVE" texture="gui/profile/ks_profile_arrows_02.png" textureCoordinates="0.01171875,0.21875,0.2421875,0.734375" />
		<visual type="BUTTON_INACTIVE" texture="gui/profile/ks_profile_arrows_02.png" textureCoordinates="0.01171875,0.21875,0.2421875,0.734375" />
		<visual type="BUTTON_PRESSED" texture="gui/profile/ks_profile_arrows_02.png" textureCoordinates="0.51953125,0.234375,0.234375,0.703125" />
		<visual type="BUTTON_RELEASED" texture="gui/profile/ks_profile_arrows_02.png" textureCoordinates="0.51953125,0.234375,0.234375,0.703125" />
	</widget>
	<widget class="DmglButton" name="SelectTextureDown">
		<location>0.14160156,0.4322912,CENTER</location>
		<zlocation>4</zlocation>
		<size>0.060546875,0.061197918</size>
		<blending>true</blending>
		<mouseMotion>true</mouseMotion>
		<mouseSelection>true</mouseSelection>
		<visual type="BUTTON_ACTIVE" texture="gui/profile/ks_profile_arrows_01.png" textureCoordinates="0.01171875,0.21875,0.2421875,0.734375" />
		<visual type="BUTTON_INACTIVE" texture="gui/profile/ks_profile_arrows_01.png" textureCoordinates="0.01171875,0.21875,0.2421875,0.734375" />
		<visual type="BUTTON_PRESSED" texture="gui/profile/ks_profile_arrows_01.png" textureCoordinates="0.51953125,0.234375,0.234375,0.703125" />
		<visual type="BUTTON_RELEASED" texture="gui/profile/ks_profile_arrows_01.png" textureCoordinates="0.51953125,0.234375,0.234375,0.703125" />
	</widget>
	<widget class="DmglButton" name="SelectTextureUp">
		<location>0.35546875,0.4309897,CENTER</location>
		<zlocation>4</zlocation>
		<size>0.060546875,0.061197918</size>
		<blending>true</blending>
		<mouseMotion>true</mouseMotion>
		<mouseSelection>true</mouseSelection>
		<visual type="BUTTON_ACTIVE" texture="gui/profile/ks_profile_arrows_02.png" textureCoordinates="0.01171875,0.21875,0.2421875,0.734375" />
		<visual type="BUTTON_INACTIVE" texture="gui/profile/ks_profile_arrows_02.png" textureCoordinates="0.01171875,0.21875,0.2421875,0.734375" />
		<visual type="BUTTON_PRESSED" texture="gui/profile/ks_profile_arrows_02.png" textureCoordinates="0.51953125,0.234375,0.234375,0.703125" />
		<visual type="BUTTON_RELEASED" texture="gui/profile/ks_profile_arrows_02.png" textureCoordinates="0.51953125,0.234375,0.234375,0.703125" />
	</widget>
	<widget class="DmglButton" name="SelectVoiceDown">
		<location>0.14160156,0.22916692,CENTER</location>
		<zlocation>4</zlocation>
		<size>0.060546875,0.061197918</size>
		<blending>true</blending>
		<mouseMotion>true</mouseMotion>
		<mouseSelection>true</mouseSelection>
		<visual type="BUTTON_ACTIVE" texture="gui/profile/ks_profile_arrows_01.png" textureCoordinates="0.01171875,0.21875,0.2421875,0.734375" />
		<visual type="BUTTON_INACTIVE" texture="gui/profile/ks_profile_arrows_01.png" textureCoordinates="0.01171875,0.21875,0.2421875,0.734375" />
		<visual type="BUTTON_PRESSED" texture="gui/profile/ks_profile_arrows_01.png" textureCoordinates="0.51953125,0.234375,0.234375,0.703125" />
		<visual type="BUTTON_RELEASED" texture="gui/profile/ks_profile_arrows_01.png" textureCoordinates="0.51953125,0.234375,0.234375,0.703125" />
	</widget>
	<widget class="DmglButton" name="SelectVoiceUp">
		<location>0.35546875,0.22916704,CENTER</location>
		<zlocation>4</zlocation>
		<size>0.060546875,0.061197918</size>
		<blending>true</blending>
		<mouseMotion>true</mouseMotion>
		<mouseSelection>true</mouseSelection>
		<visual type="BUTTON_ACTIVE" texture="gui/profile/ks_profile_arrows_02.png" textureCoordinates="0.01171875,0.21875,0.2421875,0.734375" />
		<visual type="BUTTON_INACTIVE" texture="gui/profile/ks_profile_arrows_02.png" textureCoordinates="0.01171875,0.21875,0.2421875,0.734375" />
		<visual type="BUTTON_PRESSED" texture="gui/profile/ks_profile_arrows_02.png" textureCoordinates="0.51953125,0.234375,0.234375,0.703125" />
		<visual type="BUTTON_RELEASED" texture="gui/profile/ks_profile_arrows_02.png" textureCoordinates="0.51953125,0.234375,0.234375,0.703125" />
	</widget>
	
-->

	<!-- Image when not scrolling -->

	<widget class="DmglImage" name="imgModelDownStatic">
		<location>0.14160156,0.622396,CENTER</location>
		<zlocation>3</zlocation>
		<size>0.060546875,0.061197918</size>
		<blending>true</blending>
		<texture>gui/profile/ks_profile_arrows_01.png</texture>
		<textureLocation>0.01171875,0.21875</textureLocation>
		<textureSize>0.2421875,0.734375</textureSize>
	</widget>
	<widget class="DmglImage" name="imgModelUpStatic">
		<location>0.35546875,0.6223961,CENTER</location>
		<zlocation>3</zlocation>
		<size>0.060546875,0.061197918</size>
		<blending>true</blending>
		<texture>gui/profile/ks_profile_arrows_02.png</texture>
		<textureLocation>0.01171875,0.21875</textureLocation>
		<textureSize>0.2421875,0.734375</textureSize>
	</widget>
	<widget class="DmglImage" name="imgTextureDownStatic">
		<location>0.14160156,0.4322912,CENTER</location>
		<zlocation>3</zlocation>
		<size>0.060546875,0.061197918</size>
		<blending>true</blending>
		<texture>gui/profile/ks_profile_arrows_01.png</texture>
		<textureLocation>0.01171875,0.21875</textureLocation>
		<textureSize>0.2421875,0.734375</textureSize>
	</widget>	
	<widget class="DmglImage" name="imgTextureUpStatic">
		<location>0.35546875,0.4309897,CENTER</location>
		<zlocation>3</zlocation>
		<size>0.060546875,0.061197918</size>
		<blending>true</blending>
		<texture>gui/profile/ks_profile_arrows_02.png</texture>
		<textureLocation>0.01171875,0.21875</textureLocation>
		<textureSize>0.2421875,0.734375</textureSize>
	</widget>
	<widget class="DmglImage" name="imgVoiceDownStatic">
		<location>0.14160156,0.22916692,CENTER</location>
		<zlocation>3</zlocation>
		<size>0.060546875,0.061197918</size>
		<blending>true</blending>
		<texture>gui/profile/ks_profile_arrows_01.png</texture>
		<textureLocation>0.01171875,0.21875</textureLocation>
		<textureSize>0.2421875,0.734375</textureSize>
	</widget>
	<widget class="DmglImage" name="imgVoiceUpStatic">
		<location>0.35546875,0.22916704,CENTER</location>
		<zlocation>3</zlocation>
		<size>0.060546875,0.061197918</size>
		<blending>true</blending>
		<texture>gui/profile/ks_profile_arrows_02.png</texture>
		<textureLocation>0.01171875,0.21875</textureLocation>
		<textureSize>0.2421875,0.734375</textureSize>
	</widget>


	<!-- IMAGE FOR SCROLLING BUTTON -->
	<widget class="DmglImage" name="imgModelDownScroll">
		<location>0.14160156,0.622396,CENTER</location>
		<zlocation>3</zlocation>
		<size>0.060546875,0.061197918</size>
		<blending>true</blending>
		<texture>gui/profile/ks_profile_arrows_01.png</texture>
		<textureLocation>0.51953125,0.234375</textureLocation>
		<textureSize>0.234375,0.703125</textureSize>
	</widget>
	<widget class="DmglImage" name="imgModelUpScroll">
		<location>0.35546875,0.6223961,CENTER</location>
		<zlocation>3</zlocation>
		<size>0.060546875,0.061197918</size>
		<blending>true</blending>
		<texture>gui/profile/ks_profile_arrows_02.png</texture>
		<textureLocation>0.51953125,0.234375</textureLocation>
		<textureSize>0.234375,0.703125</textureSize>
	</widget>
	<widget class="DmglImage" name="imgTextureDownScroll">
		<location>0.14160156,0.4322912,CENTER</location>
		<zlocation>3</zlocation>
		<size>0.060546875,0.061197918</size>
		<blending>true</blending>
		<texture>gui/profile/ks_profile_arrows_01.png</texture>
		<textureLocation>0.51953125,0.234375</textureLocation>
		<textureSize>0.234375,0.703125</textureSize>
	</widget>	
	<widget class="DmglImage" name="imgTextureUpScroll">
		<location>0.35546875,0.4309897,CENTER</location>
		<zlocation>3</zlocation>
		<size>0.060546875,0.061197918</size>
		<blending>true</blending>
		<texture>gui/profile/ks_profile_arrows_02.png</texture>
		<textureLocation>0.51953125,0.234375</textureLocation>
		<textureSize>0.234375,0.703125</textureSize>
	</widget>
	<widget class="DmglImage" name="imgVoiceDownScroll">
		<location>0.14160156,0.22916692,CENTER</location>
		<zlocation>3</zlocation>
		<size>0.060546875,0.061197918</size>
		<blending>true</blending>
		<texture>gui/profile/ks_profile_arrows_01.png</texture>
		<textureLocation>0.51953125,0.234375</textureLocation>
		<textureSize>0.234375,0.703125</textureSize>
	</widget>
	<widget class="DmglImage" name="imgVoiceUpScroll">
		<location>0.35546875,0.22916704,CENTER</location>
		<zlocation>3</zlocation>
		<size>0.060546875,0.061197918</size>
		<blending>true</blending>
		<texture>gui/profile/ks_profile_arrows_02.png</texture>
		<textureLocation>0.51953125,0.234375</textureLocation>
		<textureSize>0.234375,0.703125</textureSize>
	</widget>

	<!-- Second image for scrolling -->

	<widget class="DmglImage" name="imgModelDown">
		<location>0.14160156,0.622396,CENTER</location>
		<zlocation>3</zlocation>
		<size>0.060546875,0.061197918</size>
		<blending>true</blending>
		<texture>gui/profile/ks_profile_arrows_01.png</texture>
		<textureLocation>0.51953125,0.234375</textureLocation>
		<textureSize>0.234375,0.703125</textureSize>
	</widget>
	<widget class="DmglImage" name="imgModelUp">
		<location>0.35546875,0.6223961,CENTER</location>
		<zlocation>3</zlocation>
		<size>0.060546875,0.061197918</size>
		<blending>true</blending>
		<texture>gui/profile/ks_profile_arrows_02.png</texture>
		<textureLocation>0.51953125,0.234375</textureLocation>
		<textureSize>0.234375,0.703125</textureSize>
	</widget>
	<widget class="DmglImage" name="imgTextureDown">
		<location>0.14160156,0.4322912,CENTER</location>
		<zlocation>3</zlocation>
		<size>0.060546875,0.061197918</size>
		<blending>true</blending>
		<texture>gui/profile/ks_profile_arrows_01.png</texture>
		<textureLocation>0.51953125,0.234375</textureLocation>
		<textureSize>0.234375,0.703125</textureSize>
	</widget>	
	<widget class="DmglImage" name="imgTextureUp">
		<location>0.35546875,0.4309897,CENTER</location>
		<zlocation>3</zlocation>
		<size>0.060546875,0.061197918</size>
		<blending>true</blending>
		<texture>gui/profile/ks_profile_arrows_02.png</texture>
		<textureLocation>0.51953125,0.234375</textureLocation>
		<textureSize>0.234375,0.703125</textureSize>
	</widget>
	<widget class="DmglImage" name="imgVoiceDown">
		<location>0.14160156,0.22916692,CENTER</location>
		<zlocation>3</zlocation>
		<size>0.060546875,0.061197918</size>
		<blending>true</blending>
		<texture>gui/profile/ks_profile_arrows_01.png</texture>
		<textureLocation>0.51953125,0.234375</textureLocation>
		<textureSize>0.234375,0.703125</textureSize>
	</widget>
	<widget class="DmglImage" name="imgVoiceUp">
		<location>0.35546875,0.22916704,CENTER</location>
		<zlocation>3</zlocation>
		<size>0.060546875,0.061197918</size>
		<blending>true</blending>
		<texture>gui/profile/ks_profile_arrows_02.png</texture>
		<textureLocation>0.51953125,0.234375</textureLocation>
		<textureSize>0.234375,0.703125</textureSize>
	</widget>


	



	<!-- BLANK BUTTON -->
	<widget class="DmglButton" name="SelectModelDown_BLANK">
		<location>0.14160156,0.622396,CENTER</location>
		<zlocation>3</zlocation>
		<size>0.060546875,0.061197918</size>
		<blending>true</blending>
		<mouseMotion>true</mouseMotion>
		<mouseSelection>true</mouseSelection>
		<visual type="BUTTON_ACTIVE" texture="gui/profile/ks_profile_arrows_01.png" textureCoordinates="0.0,0.0,0.0,0.0" />
		<visual type="BUTTON_INACTIVE" texture="gui/profile/ks_profile_arrows_01.png" textureCoordinates="0.0,0.0,0.0,0.0" />
		<visual type="BUTTON_PRESSED" texture="gui/profile/ks_profile_arrows_01.png" textureCoordinates="0.0,0.0,0.0,0.0" />
		<visual type="BUTTON_RELEASED" texture="gui/profile/ks_profile_arrows_01.png" textureCoordinates="0.0,0.0,0.0,0.0" />
	</widget>
	<widget class="DmglButton" name="SelectModelUp_BLANK">
		<location>0.35546875,0.6223961,CENTER</location>
		<zlocation>3</zlocation>
		<size>0.060546875,0.061197918</size>
		<blending>true</blending>
		<mouseMotion>true</mouseMotion>
		<mouseSelection>true</mouseSelection>
		<visual type="BUTTON_ACTIVE" texture="gui/profile/ks_profile_arrows_02.png" textureCoordinates="0.0,0.0,0.0,0.0" />
		<visual type="BUTTON_INACTIVE" texture="gui/profile/ks_profile_arrows_02.png" textureCoordinates="0.0,0.0,0.0,0.0" />
		<visual type="BUTTON_PRESSED" texture="gui/profile/ks_profile_arrows_02.png" textureCoordinates="0.0,0.0,0.0,0.0" />
		<visual type="BUTTON_RELEASED" texture="gui/profile/ks_profile_arrows_02.png" textureCoordinates="0.0,0.0,0.0,0.0" />
	</widget>
	<widget class="DmglButton" name="SelectTextureDown_BLANK">
		<location>0.14160156,0.4322912,CENTER</location>
		<zlocation>3</zlocation>
		<size>0.060546875,0.061197918</size>
		<blending>true</blending>
		<mouseMotion>true</mouseMotion>
		<mouseSelection>true</mouseSelection>
		<visual type="BUTTON_ACTIVE" texture="gui/profile/ks_profile_arrows_01.png" textureCoordinates="0.0,0.0,0.0,0.0" />
		<visual type="BUTTON_INACTIVE" texture="gui/profile/ks_profile_arrows_01.png" textureCoordinates="0.0,0.0,0.0,0.0" />
		<visual type="BUTTON_PRESSED" texture="gui/profile/ks_profile_arrows_01.png" textureCoordinates="0.0,0.0,0.0,0.0" />
		<visual type="BUTTON_RELEASED" texture="gui/profile/ks_profile_arrows_01.png" textureCoordinates="0.0,0.0,0.0,0.0" />
	</widget>
	<widget class="DmglButton" name="SelectTextureUp_BLANK">
		<location>0.35546875,0.4309897,CENTER</location>
		<zlocation>3</zlocation>
		<size>0.060546875,0.061197918</size>
		<blending>true</blending>
		<mouseMotion>true</mouseMotion>
		<mouseSelection>true</mouseSelection>
		<visual type="BUTTON_ACTIVE" texture="gui/profile/ks_profile_arrows_02.png" textureCoordinates="0.0,0.0,0.0,0.0" />
		<visual type="BUTTON_INACTIVE" texture="gui/profile/ks_profile_arrows_02.png" textureCoordinates="0.0,0.0,0.0,0.0" />
		<visual type="BUTTON_PRESSED" texture="gui/profile/ks_profile_arrows_02.png" textureCoordinates="0.0,0.0,0.0,0.0" />
		<visual type="BUTTON_RELEASED" texture="gui/profile/ks_profile_arrows_02.png" textureCoordinates="0.0,0.0,0.0,0.0" />
	</widget>
	<widget class="DmglButton" name="SelectVoiceDown_BLANK">
		<location>0.14160156,0.22916692,CENTER</location>
		<zlocation>3</zlocation>
		<size>0.060546875,0.061197918</size>
		<blending>true</blending>
		<mouseMotion>true</mouseMotion>
		<mouseSelection>true</mouseSelection>
		<visual type="BUTTON_ACTIVE" texture="gui/profile/ks_profile_arrows_01.png" textureCoordinates="0.0,0.0,0.0,0.0" />
		<visual type="BUTTON_INACTIVE" texture="gui/profile/ks_profile_arrows_01.png" textureCoordinates="0.0,0.0,0.0,0.0" />
		<visual type="BUTTON_PRESSED" texture="gui/profile/ks_profile_arrows_01.png" textureCoordinates="0.0,0.0,0.0,0.0" />
		<visual type="BUTTON_RELEASED" texture="gui/profile/ks_profile_arrows_01.png" textureCoordinates="0.0,0.0,0.0,0.0" />
	</widget>


	<widget class="DmglButton" name="SelectVoiceUp_BLANK">
		<location>0.35546875,0.22916704,CENTER</location>
		<zlocation>3</zlocation>
		<size>0.060546875,0.061197918</size>
		<blending>true</blending>
		<mouseMotion>true</mouseMotion>
		<mouseSelection>true</mouseSelection>
		<visual type="BUTTON_ACTIVE" texture="gui/profile/ks_profile_arrows_02.png" textureCoordinates="0.0,0.0,0.0,0.0" />
		<visual type="BUTTON_INACTIVE" texture="gui/profile/ks_profile_arrows_02.png" textureCoordinates="0.0,0.0,0.0,0.0" />
		<visual type="BUTTON_PRESSED" texture="gui/profile/ks_profile_arrows_02.png" textureCoordinates="0.0,0.0,0.0,0.0" />
		<visual type="BUTTON_RELEASED" texture="gui/profile/ks_profile_arrows_02.png" textureCoordinates="0.0,0.0,0.0,0.0" />
	</widget>




	<widget class="DmglText" name="Name Input Text">
		<label>Enter Name</label>
		<location>0.19140625,0.7825614,BOTTOM_LEFT</location>
		<zlocation>3</zlocation>
		<size>0.2998047,0.049479168</size>
		<blending>true</blending>
		<font>ARMYC___.TTF</font>
		<fontScale>1.0</fontScale>
		<fontColor>0.3203125,0.2109375,0.72265625</fontColor>
		<backgroundColor>0.0,0.0,0.0,0.0</backgroundColor>
	</widget>
	<widget class="DmglButton" name="btnLegendMain">
		<location>0.86328125,0.2135417,CENTER</location>
		<zlocation>3</zlocation>
		<size>0.203125,0.045572918</size>
		<blending>true</blending>
		<mouseMotion>true</mouseMotion>
		<mouseSelection>true</mouseSelection>
		<visual type="BUTTON_ACTIVE" texture="gui/common/ks_common_legendbuttons_01.png" textureCoordinates="0.0,0.7265625,0.8125,0.2734375" />
		<visual type="BUTTON_INACTIVE" texture="gui/common/ks_common_legendbuttons_01.png" textureCoordinates="0.0,0.7265625,0.8125,0.2734375" />
		<visual type="BUTTON_PRESSED" texture="gui/common/ks_common_legendbuttons_01.png" textureCoordinates="0.0,0.7265625,0.8125,0.2734375" />
		<visual type="BUTTON_RELEASED" texture="gui/common/ks_common_legendbuttons_01.png" textureCoordinates="0.0,0.7265625,0.8125,0.2734375" />
	</widget>
	<widget class="DmglButton" name="btnLegendReset">
		<location>0.86328125,0.16536462,CENTER</location>
		<zlocation>3</zlocation>
		<size>0.203125,0.045572918</size>
		<blending>true</blending>
		<mouseMotion>true</mouseMotion>
		<mouseSelection>true</mouseSelection>
		<visual type="BUTTON_ACTIVE" texture="gui/common/ks_common_legendbuttons_01.png" textureCoordinates="0.0,0.7265625,0.8125,0.2734375" />
		<visual type="BUTTON_INACTIVE" texture="gui/common/ks_common_legendbuttons_01.png" textureCoordinates="0.0,0.7265625,0.8125,0.2734375" />
		<visual type="BUTTON_PRESSED" texture="gui/common/ks_common_legendbuttons_01.png" textureCoordinates="0.0,0.7265625,0.8125,0.2734375" />
		<visual type="BUTTON_RELEASED" texture="gui/common/ks_common_legendbuttons_01.png" textureCoordinates="0.0,0.7265625,0.8125,0.2734375" />
	</widget>
	<widget class="DmglButton" name="btnLegendCancel">
		<location>0.86328125,0.11848957,CENTER</location>
		<zlocation>3</zlocation>
		<size>0.203125,0.045572918</size>
		<blending>true</blending>
		<mouseMotion>true</mouseMotion>
		<mouseSelection>true</mouseSelection>
		<visual type="BUTTON_ACTIVE" texture="gui/common/ks_common_legendbuttons_01.png" textureCoordinates="0.0,0.7265625,0.8125,0.2734375" />
		<visual type="BUTTON_INACTIVE" texture="gui/common/ks_common_legendbuttons_01.png" textureCoordinates="0.0,0.7265625,0.8125,0.2734375" />
		<visual type="BUTTON_PRESSED" texture="gui/common/ks_common_legendbuttons_01.png" textureCoordinates="0.0,0.7265625,0.8125,0.2734375" />
		<visual type="BUTTON_RELEASED" texture="gui/common/ks_common_legendbuttons_01.png" textureCoordinates="0.0,0.7265625,0.8125,0.2734375" />
	</widget>
	<widget class="DmglButton" name="btnLegendOk">
		<location>0.86328125,0.06901044,CENTER</location>
		<zlocation>3</zlocation>
		<size>0.203125,0.045572918</size>
		<blending>true</blending>
		<mouseMotion>true</mouseMotion>
		<mouseSelection>true</mouseSelection>
		<visual type="BUTTON_ACTIVE" texture="gui/common/ks_common_legendbuttons_01.png" textureCoordinates="0.0,0.7265625,0.8125,0.2734375" />
		<visual type="BUTTON_INACTIVE" texture="gui/common/ks_common_legendbuttons_01.png" textureCoordinates="0.0,0.7265625,0.8125,0.2734375" />
		<visual type="BUTTON_PRESSED" texture="gui/common/ks_common_legendbuttons_01.png" textureCoordinates="0.0,0.7265625,0.8125,0.2734375" />
		<visual type="BUTTON_RELEASED" texture="gui/common/ks_common_legendbuttons_01.png" textureCoordinates="0.0,0.7265625,0.8125,0.2734375" />
	</widget>
	<widget class="DmglLabel" name="lblLocationTitle">
		<label>MENU_COMMON_LOCATION_OPTIONS</label>
		<location>0.855,0.5516664,CENTER</location>
		<zlocation>1</zlocation>
		<size>0.13476562,0.013020833</size>
		<blending>true</blending>
		<font>ARMYC___.TTF</font>
		<fontScale>0.9</fontScale>
		<fontColor>0.3203125,0.2109375,0.72265625,1.0</fontColor>
	</widget>
	<widget class="DmglLabel" name="lblUrbanists">
		<label>MENU_LEGEND_URBANISTS</label>
		<location>0.77734375,0.3945313,BOTTOM_LEFT</location>
		<zlocation>1</zlocation>
		<size>0.059570312,0.009114583</size>
		<blending>true</blending>
		<font>ARMYC___.TTF</font>
		<fontScale>0.6</fontScale>
		<fontColor>0.3203125,0.2109375,0.72265625,1.0</fontColor>
	</widget>
	<widget class="DmglLabel" name="lblKenny">
		<label>MENU_LEGEND_KENNY</label>
		<location>0.859375,0.39453134,BOTTOM_LEFT</location>
		<zlocation>2</zlocation>
		<size>0.125,0.020833334</size>
		<blending>true</blending>
		<font>ARMYC___.TTF</font>
		<fontScale>0.63</fontScale>
		<fontColor>0.3203125,0.2109375,0.72265625,1.0</fontColor>
	</widget>
	<widget class="DmglLabel" name="lblSpenny">
		<label>MENU_LEGEND_SPENNY</label>
		<location>0.859375,0.37109384,BOTTOM_LEFT</location>
		<zlocation>2</zlocation>
		<size>0.14941406,0.020833334</size>
		<blending>true</blending>
		<font>ARMYC___.TTF</font>
		<fontScale>0.63</fontScale>
		<fontColor>0.3203125,0.2109375,0.72265625,1.0</fontColor>
	</widget>
	<widget class="DmglLabel" name="lblPlanNumber">
		<label>MENU_COMMON_PLAN_NUMBER</label>
		<location>0.859375,0.32812518,CENTER</location>
		<zlocation>2</zlocation>
		<size>0.13183594,0.015625</size>
		<blending>true</blending>
		<font>ARMYC___.TTF</font>
		<fontScale>0.76</fontScale>
		<fontColor>0.3203125,0.2109375,0.72265625,1.0</fontColor>
	</widget>
	<widget class="DmglLabel" name="lblLegend">
		<label>MENU_LEGEND_TITLE</label>
		<location>0.7783203,0.24869782,BOTTOM_LEFT</location>
		<zlocation>1</zlocation>
		<size>0.048828125,0.01171875</size>
		<blending>true</blending>
		<font>ARMYC___.TTF</font>
		<fontScale>0.7</fontScale>
		<fontColor>0.3203125,0.2109375,0.72265625,1.0</fontColor>
	</widget>
	<widget class="DmglLabel" name="lblName">
		<label>MENU_OPTIONS_NAME</label>
		<location>0.0625,0.7682295,BOTTOM_LEFT</location>
		<zlocation>1</zlocation>
		<size>0.041015625,0.013020833</size>
		<blending>true</blending>
		<font>ARMYC___.TTF</font>
		<fontScale>0.9</fontScale>
		<fontColor>0.3203125,0.2109375,0.72265625,1.0</fontColor>
	</widget>
	<widget class="DmglButton" name="Edit Character Rotation Hot Spot Button">
		<size> 0.2, 0.7 </size>
		<location>0.55,0.45,CENTER</location>
		<zlocation>4</zlocation>
		<blending>true</blending>
		<textureSize>0.25,0.55</textureSize>
      	<textureLocation>0.30,0.85</textureLocation>
		<mouseMotion>true</mouseMotion>
		<mouseSelection>true</mouseSelection>
	</widget>

	<widget class="DmglLabel" name="lblLegendMain">
		<label>MENU_LEGEND_MAIN</label>
		<location>0.83203125,0.20703171,BOTTOM_LEFT</location>
		<zlocation>1</zlocation>
		<size>0.080078125,0.015625</size>
		<blending>true</blending>
		<font>ARMYC___.TTF</font>
		<fontScale>0.6</fontScale>
		<fontColor>0.3203125,0.2109375,0.72265625,1.0</fontColor>
	</widget>
	<widget class="DmglLabel" name="lblLegendReset">
		<label>MENU_LEGEND_RESET</label>
		<location>0.83203125,0.1588546,BOTTOM_LEFT</location>
		<zlocation>1</zlocation>
		<size>0.0625,0.020833334</size>
		<blending>true</blending>
		<font>ARMYC___.TTF</font>
		<fontScale>0.6</fontScale>
		<fontColor>0.3203125,0.2109375,0.72265625,1.0</fontColor>
	</widget>
	<widget class="DmglLabel" name="lblLegendCancel">
		<label>MENU_LEGEND_CANCEL</label>
		<location>0.83203125,0.11067739,BOTTOM_LEFT</location>
		<zlocation>1</zlocation>
		<size>0.049804688,0.020833334</size>
		<blending>true</blending>
		<font>ARMYC___.TTF</font>
		<fontScale>0.6</fontScale>
		<fontColor>0.3203125,0.2109375,0.72265625,1.0</fontColor>
	</widget>
	<widget class="DmglLabel" name="lblLegendOk">
		<label>MENU_LEGEND_OK</label>
		<location>0.83203125,0.06250028,BOTTOM_LEFT</location>
		<zlocation>1</zlocation>
		<size>0.024414062,0.020833334</size>
		<blending>true</blending>
		<font>ARMYC___.TTF</font>
		<fontScale>0.6</fontScale>
		<fontColor>0.3203125,0.2109375,0.72265625,1.0</fontColor>
	</widget>

<widget class="DmglImage" name="over_modelDown">
		<location>0.111328125,0.59244776,BOTTOM_LEFT</location>
		<zlocation>6</zlocation>
		<size>0.060546875,0.061197918</size>
		<blending>true</blending>
		<texture>gui/profile/ks_profile_arrows_01.png</texture>
		<textureLocation>0.265625,0.21875</textureLocation>
		<textureSize>0.2421875,0.734375</textureSize>
	</widget>
	<widget class="DmglImage" name="over_textureDown">
		<location>0.111328125,0.40104136,BOTTOM_LEFT</location>
		<zlocation>6</zlocation>
		<size>0.060546875,0.061197918</size>
		<blending>true</blending>
		<texture>gui/profile/ks_profile_arrows_01.png</texture>
		<textureLocation>0.265625,0.21875</textureLocation>
		<textureSize>0.2421875,0.734375</textureSize>
	</widget>
	<widget class="DmglImage" name="over_voiceDown">
		<location>0.111328125,0.19921888,BOTTOM_LEFT</location>
		<zlocation>6</zlocation>
		<size>0.060546875,0.061197918</size>
		<blending>true</blending>
		<texture>gui/profile/ks_profile_arrows_01.png</texture>
		<textureLocation>0.265625,0.21875</textureLocation>
		<textureSize>0.2421875,0.734375</textureSize>
	</widget>
	<widget class="DmglImage" name="over_modelUp">
		<location>0.3251953,0.5924479,BOTTOM_LEFT</location>
		<zlocation>6</zlocation>
		<size>0.060546875,0.061197918</size>
		<blending>true</blending>
		<texture>gui/profile/ks_profile_arrows_02.png</texture>
		<textureLocation>0.265625,0.21875</textureLocation>
		<textureSize>0.2421875,0.734375</textureSize>
	</widget>
	<widget class="DmglImage" name="over_textureUp">
		<location>0.3251953,0.40104154,BOTTOM_LEFT</location>
		<zlocation>6</zlocation>
		<size>0.060546875,0.061197918</size>
		<blending>true</blending>
		<texture>gui/profile/ks_profile_arrows_02.png</texture>
		<textureLocation>0.265625,0.21875</textureLocation>
		<textureSize>0.2421875,0.734375</textureSize>
	</widget>
	<widget class="DmglImage" name="over_voiceUp">
		<location>0.3251953,0.1992188,BOTTOM_LEFT</location>
		<zlocation>6</zlocation>
		<size>0.060546875,0.061197918</size>
		<blending>true</blending>
		<texture>gui/profile/ks_profile_arrows_02.png</texture>
		<textureLocation>0.265625,0.21875</textureLocation>
		<textureSize>0.2421875,0.734375</textureSize>
	</widget>

</panel>