<panel name="InGamePanel">
	<widget class="DmglImage" name="minicard_01">
		<location>0.25,0.3458333,BOTTOM_LEFT</location>
		<zlocation>6</zlocation>
		<size>0.5,0.35677084</size>
		<blending>true</blending>
		<texture>gui/common/ks_common_minicard_01.jpg</texture>
		<textureLocation>0.0,0.0</textureLocation>
		<textureSize>1.0,1.0</textureSize>
	</widget>
	<widget class="DmglButton" name="button_resume">
		<label>MENU_INGAME_RESUME</label>
		<location>0.5,0.57,CENTER</location>
		<zlocation>3</zlocation>
		<size>0.22460938,0.020833334</size>
		<blending>true</blending>
		<mouseMotion>true</mouseMotion>
		<mouseSelection>true</mouseSelection>
		<visual type="BUTTON_ACTIVE" font="ARMYC___.TTF" fontColor="0.32,0.21,0.72,1.0" fontSize="2.0" />
		<visual type="BUTTON_INACTIVE" font="ARMYC___.TTF" fontColor="1.0,1.0,1.0,1.0" fontSize="2.0" />
		<visual type="BUTTON_PRESSED" font="ARMYC___.TTF" fontColor="0.66, 0.57, 0.93, 1.0" fontSize="2.0" />
		<visual type="BUTTON_RELEASED" font="ARMYC___.TTF" fontColor="0.66, 0.57, 0.93, 1.0" fontSize="2.0" />
	</widget>
	<widget class="DmglButton" name="button_quit">
		<label>MENU_INGAME_QUIT</label>
		<location>0.5,0.45,CENTER</location>
		<zlocation>3</zlocation>
		<size>0.22460938,0.020833334</size>
		<blending>true</blending>
		<mouseMotion>true</mouseMotion>
		<mouseSelection>true</mouseSelection>
		<visual type="BUTTON_ACTIVE" font="ARMYC___.TTF" fontColor="0.32,0.21,0.72,1.0" fontSize="2.0" />
		<visual type="BUTTON_INACTIVE" font="ARMYC___.TTF" fontColor="1.0,1.0,1.0,1.0" fontSize="2.0" />
		<visual type="BUTTON_PRESSED" font="ARMYC___.TTF" fontColor="0.66, 0.57, 0.93, 1.0" fontSize="2.0" />
		<visual type="BUTTON_RELEASED" font="ARMYC___.TTF" fontColor="0.66, 0.57, 0.93, 1.0" fontSize="2.0" />
	</widget>
</panel>