<panel name="kartdart multiplayer host">
     <widget class="DmglImage" name="background_01">
          <location>0.0,0.33333346,BOTTOM_LEFT</location>
          <zlocation>6</zlocation>
          <size>0.5,0.6666667</size>
          <blending>true</blending>
          <texture>gui/common/ks_common_background_01.jpg</texture>
          <textureLocation>0.0,0.0</textureLocation>
          <textureSize>1.0,1.0</textureSize>
     </widget>
     <widget class="DmglImage" name="background_02">
          <location>0.5,0.3333335,BOTTOM_LEFT</location>
          <zlocation>6</zlocation>
          <size>0.5,0.6666667</size>
          <blending>false</blending>
          <texture>gui/common/ks_common_background_02.jpg</texture>
          <textureLocation>0.0,0.0</textureLocation>
          <textureSize>1.0,1.0</textureSize>
     </widget>
     <widget class="DmglImage" name="background_03">
          <location>0.0,-1.6298145E-9,BOTTOM_LEFT</location>
          <zlocation>6</zlocation>
          <size>0.5,0.33333334</size>
          <blending>false</blending>
          <texture>gui/common/ks_common_background_03.jpg</texture>
          <textureLocation>0.0,0.0</textureLocation>
          <textureSize>1.0,1.0</textureSize>
     </widget>
     <widget class="DmglImage" name="background_04">
          <location>0.5,0.0,BOTTOM_LEFT</location>
          <zlocation>6</zlocation>
          <size>0.5,0.33333334</size>
          <blending>false</blending>
          <texture>gui/common/ks_common_background_04.jpg</texture>
          <textureLocation>0.0,0.0</textureLocation>
          <textureSize>1.0,1.0</textureSize>
     </widget>
     <widget class="DmglImage" name="top_line">
          <location>0.056640625,0.8710944,BOTTOM_LEFT</location>
          <zlocation>6</zlocation>
          <size>0.6455078,0.0013020834</size>
          <blending>true</blending>
          <texture>gui/common/ks_common_line_01.png</texture>
          <textureLocation>0.03125,0.96875</textureLocation>
          <textureSize>0.9375,0.015625</textureSize>
     </widget>
     <widget class="DmglImage" name="cercle_join">
          <location>0.38085938,0.89843816,BOTTOM_LEFT</location>
          <zlocation>6</zlocation>
          <size>0.017578125,0.024739584</size>
          <blending>true</blending>
          <texture>gui/common/ks_common_addbox_01.png</texture>
          <textureLocation>0.390625,0.109375</textureLocation>
          <textureSize>0.140625,0.296875</textureSize>
     </widget>
     <widget class="DmglImage" name="cercle_host">
          <location>0.5371094,0.8984384,BOTTOM_LEFT</location>
          <zlocation>6</zlocation>
          <size>0.017578125,0.024739584</size>
          <blending>true</blending>
          <texture>gui/common/ks_common_addbox_01.png</texture>
          <textureLocation>0.390625,0.109375</textureLocation>
          <textureSize>0.140625,0.296875</textureSize>
     </widget>
     <widget class="DmglImage" name="host_fill">
          <location>0.53808594,0.89974034,BOTTOM_LEFT</location>
          <zlocation>6</zlocation>
          <size>0.015625,0.020833334</size>
          <blending>true</blending>
          <texture>gui/common/ks_common_addbox_01.png</texture>
          <textureLocation>0.546875,0.125</textureLocation>
          <textureSize>0.125,0.25</textureSize>
     </widget>
     <widget class="DmglImage" name="cercle_private">
          <location>0.38085938,0.82942784,BOTTOM_LEFT</location>
          <zlocation>6</zlocation>
          <size>0.017578125,0.024739584</size>
          <blending>true</blending>
          <texture>gui/common/ks_common_addbox_01.png</texture>
          <textureLocation>0.390625,0.109375</textureLocation>
          <textureSize>0.140625,0.296875</textureSize>
     </widget>
     <widget class="DmglImage" name="cercle_public">
          <location>0.5371094,0.8294271,BOTTOM_LEFT</location>
          <zlocation>6</zlocation>
          <size>0.017578125,0.024739584</size>
          <blending>true</blending>
          <texture>gui/common/ks_common_addbox_01.png</texture>
          <textureLocation>0.390625,0.109375</textureLocation>
          <textureSize>0.140625,0.296875</textureSize>
     </widget>
     <widget class="DmglImage" name="private_fill">
          <location>0.38183594,0.8307293,BOTTOM_LEFT</location>
          <zlocation>6</zlocation>
          <size>0.015625,0.020833334</size>
          <blending>true</blending>
          <texture>gui/common/ks_common_addbox_01.png</texture>
          <textureLocation>0.546875,0.125</textureLocation>
          <textureSize>0.125,0.25</textureSize>
     </widget>
     <widget class="DmglImage" name="public_fill">
          <location>0.53808594,0.8307292,BOTTOM_LEFT</location>
          <zlocation>6</zlocation>
          <size>0.015625,0.020833334</size>
          <blending>true</blending>
          <texture>gui/common/ks_common_addbox_01.png</texture>
          <textureLocation>0.546875,0.125</textureLocation>
          <textureSize>0.125,0.25</textureSize>
     </widget>
     <widget class="DmglImage" name="server_name_box_01">
          <location>0.18359375,0.671875,BOTTOM_LEFT</location>
          <zlocation>6</zlocation>
          <size>0.044921875,0.04296875</size>
          <blending>true</blending>
          <texture>gui/common/ks_common_legendbuttons_01.png</texture>
          <textureLocation>0.00390625,0.203125</textureLocation>
          <textureSize>0.1796845,0.2578125</textureSize>
     </widget>
     <widget class="DmglImage" name="server_name_box_02">
          <location>0.22851562,0.671875,BOTTOM_LEFT</location>
          <zlocation>6</zlocation>
          <size>0.123046875,0.04296875</size>
          <blending>true</blending>
          <texture>gui/common/ks_common_legendbuttons_01.png</texture>
          <textureLocation>0.18359375,0.203125</textureLocation>
          <textureSize>0.4921875,0.2578125</textureSize>
     </widget>
     <widget class="DmglImage" name="server_name_box_03">
          <location>0.3515625,0.671875,BOTTOM_LEFT</location>
          <zlocation>6</zlocation>
          <size>0.123046875,0.04296875</size>
          <blending>true</blending>
          <texture>gui/common/ks_common_legendbuttons_01.png</texture>
          <textureLocation>0.18359375,0.203125</textureLocation>
          <textureSize>0.4921875,0.2578125</textureSize>
     </widget>
     <widget class="DmglImage" name="server_name_box_04">
          <location>0.47460938,0.671875,BOTTOM_LEFT</location>
          <zlocation>6</zlocation>
          <size>0.033203125,0.04296875</size>
          <blending>true</blending>
          <texture>gui/common/ks_common_legendbuttons_01.png</texture>
          <textureLocation>0.67578125,0.203125</textureLocation>
          <textureSize>0.1328125,0.2578125</textureSize>
     </widget>
     <widget class="DmglImage" name="password_box">
          <location>0.18359375,0.6236979,BOTTOM_LEFT</location>
          <zlocation>6</zlocation>
          <size>0.19628906,0.04296875</size>
          <blending>true</blending>
          <texture>gui/common/ks_common_legendbuttons_01.png</texture>
          <textureLocation>0.00390625,0.203125</textureLocation>
          <textureSize>0.8046875,0.2578125</textureSize>
     </widget>
     <widget class="DmglImage" name="password_outline">
          <location>0.18359375,0.6236979,BOTTOM_LEFT</location>
          <zlocation>6</zlocation>
          <size>0.19628906,0.04296875</size>
          <blending>true</blending>
          <texture>gui/common/ks_common_legendbuttons_01.png</texture>
          <textureLocation>0.00390625,0.734375</textureLocation>
          <textureSize>0.8046875,0.2578125</textureSize>
     </widget>
     <widget class="DmglImage" name="frags_+button_scroll_01">
          <location>0.3076172,0.134301,CENTER</location>
          <zlocation>6</zlocation>
          <size>0.048828125,0.061197918</size>
          <blending>true</blending>
          <texture>gui/common/ks_common_addboxlines_01.png</texture>
          <textureLocation>0.3984375,0.265625</textureLocation>
          <textureSize>0.375,0.734375</textureSize>
     </widget>
     <widget class="DmglImage" name="frags_+button_scroll_02">
          <location>0.3076172,0.134301,CENTER</location>
          <zlocation>6</zlocation>
          <size>0.048828125,0.061197918</size>
          <blending>true</blending>
          <texture>gui/common/ks_common_addboxlines_01.png</texture>
          <textureLocation>0.3984375,0.265625</textureLocation>
          <textureSize>0.375,0.734375</textureSize>
     </widget>
     <widget class="DmglImage" name="frags_-button_scroll_01">
          <location>0.18647656,0.134301,CENTER</location>
          <zlocation>6</zlocation>
          <size>0.048828125,0.061197918</size>
          <blending>true</blending>
          <texture>gui/common/ks_common_addboxlines_01.png</texture>
          <textureLocation>0.3984375,0.265625</textureLocation>
          <textureSize>0.375,0.734375</textureSize>
     </widget>
     <widget class="DmglImage" name="frags_-button_scroll_02">
          <location>0.18647656,0.134301,CENTER</location>
          <zlocation>6</zlocation>
          <size>0.048828125,0.061197918</size>
          <blending>true</blending>
          <texture>gui/common/ks_common_addboxlines_01.png</texture>
          <textureLocation>0.3984375,0.265625</textureLocation>
          <textureSize>0.375,0.734375</textureSize>
     </widget>
     <widget class="DmglImage" name="frags_-button_static">
          <location>0.18647656,0.134301,CENTER</location>
          <zlocation>6</zlocation>
          <size>0.048828125,0.061197918</size>
          <blending>true</blending>
          <texture>gui/common/ks_common_addboxlines_01.png</texture>
          <textureLocation>0.0,0.265625</textureLocation>
          <textureSize>0.390625,0.734375</textureSize>
     </widget>
     <widget class="DmglImage" name="frags_+button_static">
          <location>0.3076172,0.134301,CENTER</location>
          <zlocation>6</zlocation>
          <size>0.048828125,0.061197918</size>
          <blending>true</blending>
          <texture>gui/common/ks_common_addboxlines_01.png</texture>
          <textureLocation>0.0,0.265625</textureLocation>
          <textureSize>0.390625,0.734375</textureSize>
     </widget>
     <widget class="DmglImage" name="image_map_wasteball">
          <location>0.7363281,0.52473986,BOTTOM_LEFT</location>
          <zlocation>6</zlocation>
          <size>0.25,0.33333334</size>
          <blending>true</blending>
          <texture>gui/common/ks_common_wasteball_01.png</texture>
          <textureLocation>0.0,0.0</textureLocation>
          <textureSize>1.0,1.0</textureSize>
     </widget>
     <widget class="DmglImage" name="image_map_cemetery">
          <location>0.7363281,0.5247396,BOTTOM_LEFT</location>
          <zlocation>6</zlocation>
          <size>0.25,0.33333334</size>
          <blending>true</blending>
          <texture>gui/common/ks_common_loser_01.png</texture>
          <textureLocation>0.0,0.0</textureLocation>
          <textureSize>1.0,1.0</textureSize>
     </widget>
     <widget class="DmglImage" name="image_map_market">
          <location>0.7363281,0.524739,BOTTOM_LEFT</location>
          <zlocation>6</zlocation>
          <size>0.25,0.33333334</size>
          <blending>true</blending>
          <texture>gui/common/ks_common_market_01.png</texture>
          <textureLocation>0.0,0.0</textureLocation>
          <textureSize>1.0,1.0</textureSize>
     </widget>
     <widget class="DmglImage" name="imgLegendMain">
          <location>0.80078125,0.21354166,CENTER</location>
          <zlocation>6</zlocation>
          <size>0.026367188,0.03515625</size>
          <blending>true</blending>
          <texture>gui/common/ks_common_legendbuttons_01.png</texture>
          <textureLocation>0.89453125,0.7890625</textureLocation>
          <textureSize>0.10546875,0.2109375</textureSize>
     </widget>
     <widget class="DmglImage" name="imgLegendReset">
          <location>0.79785156,0.16666666,CENTER</location>
          <zlocation>6</zlocation>
          <size>0.03125,0.03515625</size>
          <blending>true</blending>
          <texture>gui/common/ks_common_legendbuttons_01.png</texture>
          <textureLocation>0.875,0.15625</textureLocation>
          <textureSize>0.125,0.2109375</textureSize>
     </widget>
     <widget class="DmglImage" name="imgLegendCancel">
          <location>0.80078125,0.1184896,CENTER</location>
          <zlocation>6</zlocation>
          <size>0.026367188,0.03515625</size>
          <blending>true</blending>
          <texture>gui/common/ks_common_legendbuttons_01.png</texture>
          <textureLocation>0.89453125,0.3671875</textureLocation>
          <textureSize>0.10546875,0.2109375</textureSize>
     </widget>
     <widget class="DmglImage" name="imgLegendOk">
          <location>0.80078125,0.06901043,CENTER</location>
          <zlocation>6</zlocation>
          <size>0.026367188,0.03515625</size>
          <blending>true</blending>
          <texture>gui/common/ks_common_legendbuttons_01.png</texture>
          <textureLocation>0.89453125,0.578125</textureLocation>
          <textureSize>0.10546875,0.2109375</textureSize>
     </widget>
     <widget class="DmglImage" name="imgLegendAnimMain">
          <location>0.86328125,0.21354198,CENTER</location>
          <zlocation>6</zlocation>
          <size>0.20117188,0.04296875</size>
          <blending>true</blending>
          <texture>gui/common/ks_common_legendbuttons_01.png</texture>
          <textureLocation>0.0,0.46875</textureLocation>
          <textureSize>0.8046875,0.2578125</textureSize>
     </widget>
     <widget class="DmglImage" name="imgLegendAnimReset">
          <location>0.86328125,0.1666666,CENTER</location>
          <zlocation>6</zlocation>
          <size>0.20117188,0.04296875</size>
          <blending>true</blending>
          <texture>gui/common/ks_common_legendbuttons_01.png</texture>
          <textureLocation>0.0,0.46875</textureLocation>
          <textureSize>0.8046875,0.2578125</textureSize>
     </widget>
     <widget class="DmglImage" name="imgLegendAnimCancel">
          <location>0.86328125,0.117187776,CENTER</location>
          <zlocation>6</zlocation>
          <size>0.20117188,0.04296875</size>
          <blending>true</blending>
          <texture>gui/common/ks_common_legendbuttons_01.png</texture>
          <textureLocation>0.0,0.46875</textureLocation>
          <textureSize>0.8046875,0.2578125</textureSize>
     </widget>
     <widget class="DmglImage" name="imgLegendAnimOk">
          <location>0.86328125,0.06901072,CENTER</location>
          <zlocation>6</zlocation>
          <size>0.20117188,0.04296875</size>
          <blending>true</blending>
          <texture>gui/common/ks_common_legendbuttons_01.png</texture>
          <textureLocation>0.0,0.46875</textureLocation>
          <textureSize>0.8046875,0.2578125</textureSize>
     </widget>
     <widget class="DmglImage" name="imgLegendAnimScrollMain">
          <location>0.86328125,0.21354198,CENTER</location>
          <zlocation>6</zlocation>
          <size>0.20117188,0.04296875</size>
          <blending>true</blending>
          <texture>gui/common/ks_common_legendbuttons_01.png</texture>
          <textureLocation>0.0,0.46875</textureLocation>
          <textureSize>0.8046875,0.2578125</textureSize>
     </widget>
     <widget class="DmglImage" name="imgLegendAnimScrollReset">
          <location>0.86328125,0.1666666,CENTER</location>
          <zlocation>6</zlocation>
          <size>0.20117188,0.04296875</size>
          <blending>true</blending>
          <texture>gui/common/ks_common_legendbuttons_01.png</texture>
          <textureLocation>0.0,0.46875</textureLocation>
          <textureSize>0.8046875,0.2578125</textureSize>
     </widget>
     <widget class="DmglImage" name="imgLegendAnimScrollCancel">
          <location>0.86328125,0.117187776,CENTER</location>
          <zlocation>6</zlocation>
          <size>0.20117188,0.04296875</size>
          <blending>true</blending>
          <texture>gui/common/ks_common_legendbuttons_01.png</texture>
          <textureLocation>0.0,0.46875</textureLocation>
          <textureSize>0.8046875,0.2578125</textureSize>
     </widget>
     <widget class="DmglImage" name="imgLegendAnimScrollOk">
          <location>0.86328125,0.06901072,CENTER</location>
          <zlocation>6</zlocation>
          <size>0.20117188,0.04296875</size>
          <blending>true</blending>
          <texture>gui/common/ks_common_legendbuttons_01.png</texture>
          <textureLocation>0.0,0.46875</textureLocation>
          <textureSize>0.8046875,0.2578125</textureSize>
     </widget>
     <widget class="DmglImage" name="imgLegendInactiveMain">
          <location>0.86328125,0.21354198,CENTER</location>
          <zlocation>6</zlocation>
          <size>0.20117188,0.04296875</size>
          <blending>true</blending>
          <texture>gui/common/ks_common_legendbuttons_01.png</texture>
          <textureLocation>0.0,0.2</textureLocation>
          <textureSize>0.8046875,0.2578125</textureSize>
     </widget>
     <widget class="DmglImage" name="imgLegendInactiveReset">
          <location>0.86328125,0.1666666,CENTER</location>
          <zlocation>6</zlocation>
          <size>0.20117188,0.04296875</size>
          <blending>true</blending>
          <texture>gui/common/ks_common_legendbuttons_01.png</texture>
          <textureLocation>0.0,0.2</textureLocation>
          <textureSize>0.8046875,0.2578125</textureSize>
     </widget>
     <widget class="DmglImage" name="imgLegendInactiveCancel">
          <location>0.86328125,0.117187776,CENTER</location>
          <zlocation>6</zlocation>
          <size>0.20117188,0.04296875</size>
          <blending>true</blending>
          <texture>gui/common/ks_common_legendbuttons_01.png</texture>
          <textureLocation>0.0,0.2</textureLocation>
          <textureSize>0.8046875,0.2578125</textureSize>
     </widget>
     <widget class="DmglImage" name="imgLegendInactiveOk">
          <location>0.86328125,0.06901072,CENTER</location>
          <zlocation>6</zlocation>
          <size>0.20117188,0.04296875</size>
          <blending>true</blending>
          <texture>gui/common/ks_common_legendbuttons_01.png</texture>
          <textureLocation>0.0,0.2</textureLocation>
          <textureSize>0.8046875,0.2578125</textureSize>
     </widget>
     <widget class="DmglImage" name="line_2">
          <location>0.7753906,0.16406244,BOTTOM_LEFT</location>
          <zlocation>6</zlocation>
          <size>0.0546875,0.083333336</size>
          <blending>true</blending>
          <texture>gui/common/ks_common_line_01.png</texture>
          <textureLocation>0.0,0.0</textureLocation>
          <textureSize>1.0,1.0</textureSize>
     </widget>
     <widget class="DmglImage" name="plan_01">
          <location>0.7363281,0.524739,BOTTOM_LEFT</location>
          <zlocation>6</zlocation>
          <size>0.25,0.33333334</size>
          <blending>true</blending>
          <texture>gui/common/ks_common_market_01.png</texture>
          <textureLocation>0.0,0.0</textureLocation>
          <textureSize>1.0,1.0</textureSize>
     </widget>
     <widget class="DmglImage" name="line_1">
          <location>0.79003906,0.45703244,BOTTOM_LEFT</location>
          <zlocation>6</zlocation>
          <size>0.13671875,0.083333336</size>
          <blending>true</blending>
          <texture>gui/common/ks_common_line_01.png</texture>
          <textureLocation>0.0,0.0</textureLocation>
          <textureSize>1.0,1.0</textureSize>
     </widget>
     <widget class="DmglImage" name="frags_box">
          <location>0.24609375,0.1343008,CENTER</location>
          <zlocation>6</zlocation>
          <size>0.07519531,0.048177082</size>
          <blending>true</blending>
          <texture>gui/common/ks_common_addbox_01.png</texture>
          <textureLocation>0.3828125,0.421875</textureLocation>
          <textureSize>0.5078125,0.578125</textureSize>
     </widget>
     <widget class="DmglImage" name="frags_+">
          <location>0.30078125,0.12648821,BOTTOM_LEFT</location>
          <zlocation>6</zlocation>
          <size>0.0126953125,0.016927084</size>
          <blending>true</blending>
          <texture>gui/common/ks_common_addbox_01.png</texture>
          <textureLocation>0.0,0.0</textureLocation>
          <textureSize>0.1015625,0.203125</textureSize>
     </widget>
     <widget class="DmglImage" name="frags_-">
          <location>0.1796875,0.1303944,BOTTOM_LEFT</location>
          <zlocation>6</zlocation>
          <size>0.0107421875,0.009114583</size>
          <blending>true</blending>
          <texture>gui/common/ks_common_addbox_01.png</texture>
          <textureLocation>0.1015625,0.046875</textureLocation>
          <textureSize>0.0859375,0.109375</textureSize>
     </widget>
     <widget class="DmglImage" name="track outline">
          <location>0.15527344,0.29356393,BOTTOM_LEFT</location>
          <zlocation>6</zlocation>
          <size>0.203125,0.045572918</size>
          <blending>true</blending>
          <texture>gui/common/ks_common_legendbuttons_01.png</texture>
          <textureLocation>0.0,0.7265625</textureLocation>
          <textureSize>0.8125,0.2734375</textureSize>
     </widget>
     <widget class="DmglImage" name="left_arrow">
          <location>0.11328125,0.30788687,BOTTOM_LEFT</location>
          <zlocation>6</zlocation>
          <size>0.020507812,0.016927084</size>
          <blending>true</blending>
          <texture>gui/common/ks_common_arrows_01.png</texture>
          <textureLocation>0.0,0.0</textureLocation>
          <textureSize>0.328125,0.203125</textureSize>
     </widget>
     <widget class="DmglImage" name="right_arrow">
          <location>0.3779297,0.30788687,BOTTOM_LEFT</location>
          <zlocation>6</zlocation>
          <size>0.020507812,0.016927084</size>
          <blending>true</blending>
          <texture>gui/common/ks_common_brokenarrowup_01.png</texture>
          <textureLocation>0.671875,0.015625</textureLocation>
          <textureSize>0.328125,0.203125</textureSize>
     </widget>
     <widget class="DmglImage" name="track_left_btn_scroll_01">
          <location>0.12109375,0.31700078,CENTER</location>
          <zlocation>6</zlocation>
          <size>0.048828125,0.061197918</size>
          <blending>true</blending>
          <texture>gui/common/ks_common_addboxlines_01.png</texture>
          <textureLocation>0.3984375,0.265625</textureLocation>
          <textureSize>0.375,0.734375</textureSize>
     </widget>
     <widget class="DmglImage" name="track_left_btn_scroll_02">
          <location>0.12109375,0.31700078,CENTER</location>
          <zlocation>6</zlocation>
          <size>0.048828125,0.061197918</size>
          <blending>true</blending>
          <texture>gui/common/ks_common_addboxlines_01.png</texture>
          <textureLocation>0.3984375,0.265625</textureLocation>
          <textureSize>0.375,0.734375</textureSize>
     </widget>
     <widget class="DmglImage" name="track_left_btn_static">
          <location>0.12109375,0.31700078,CENTER</location>
          <zlocation>6</zlocation>
          <size>0.048828125,0.061197918</size>
          <blending>true</blending>
          <texture>gui/common/ks_common_addboxlines_01.png</texture>
          <textureLocation>0.0,0.265625</textureLocation>
          <textureSize>0.390625,0.734375</textureSize>
     </widget>
     <widget class="DmglImage" name="track_right_btn_scroll_01">
          <location>0.38867188,0.31569943,CENTER</location>
          <zlocation>6</zlocation>
          <size>0.048828125,0.061197918</size>
          <blending>true</blending>
          <texture>gui/common/ks_common_addboxlines_01.png</texture>
          <textureLocation>0.3984375,0.265625</textureLocation>
          <textureSize>0.375,0.734375</textureSize>
     </widget>
     <widget class="DmglImage" name="track_right_btn_scroll_02">
          <location>0.38867188,0.31569943,CENTER</location>
          <zlocation>6</zlocation>
          <size>0.048828125,0.061197918</size>
          <blending>true</blending>
          <texture>gui/common/ks_common_addboxlines_01.png</texture>
          <textureLocation>0.3984375,0.265625</textureLocation>
          <textureSize>0.375,0.734375</textureSize>
     </widget>
     <widget class="DmglImage" name="track_right_btn_static">
          <location>0.38867188,0.31569943,CENTER</location>
          <zlocation>6</zlocation>
          <size>0.048828125,0.061197918</size>
          <blending>true</blending>
          <texture>gui/common/ks_common_addboxlines_01.png</texture>
          <textureLocation>0.0,0.265625</textureLocation>
          <textureSize>0.390625,0.734375</textureSize>
     </widget>
     <widget class="DmglButton" name="button_join">
          <location>0.38085938,0.8984375,BOTTOM_LEFT</location>
          <zlocation>3</zlocation>
          <size>0.055664062,0.024739584</size>
          <blending>true</blending>
          <mouseMotion>true</mouseMotion>
          <mouseSelection>true</mouseSelection>
          <visual type="BUTTON_ACTIVE" texture="gui/common/ks_common_line_01.png" textureCoordinates="0.0,0.578125,1.0,0.296875"/>
          <visual type="BUTTON_INACTIVE" texture="gui/common/ks_common_line_01.png" textureCoordinates="0.0,0.578125,1.0,0.296875"/>
          <visual type="BUTTON_PRESSED" texture="gui/common/ks_common_line_01.png" textureCoordinates="0.0,0.578125,1.0,0.296875"/>
          <visual type="BUTTON_RELEASED" texture="gui/common/ks_common_line_01.png" textureCoordinates="0.0,0.578125,1.0,0.296875"/>
     </widget>
     <widget class="DmglButton" name="invisible_host">
          <location>0.5371094,0.8984375,BOTTOM_LEFT</location>
          <zlocation>3</zlocation>
          <size>0.06542969,0.024739584</size>
          <blending>true</blending>
          <mouseMotion>true</mouseMotion>
          <mouseSelection>true</mouseSelection>
          <visual type="BUTTON_ACTIVE" texture="gui/common/ks_common_line_01.png" textureCoordinates="0.0,0.578125,1.0,0.296875"/>
          <visual type="BUTTON_INACTIVE" texture="gui/common/ks_common_line_01.png" textureCoordinates="0.0,0.578125,1.0,0.296875"/>
          <visual type="BUTTON_PRESSED" texture="gui/common/ks_common_line_01.png" textureCoordinates="0.0,0.578125,1.0,0.296875"/>
          <visual type="BUTTON_RELEASED" texture="gui/common/ks_common_line_01.png" textureCoordinates="0.0,0.578125,1.0,0.296875"/>
     </widget>
     <widget class="DmglButton" name="button_private">
          <location>0.38085938,0.8294271,BOTTOM_LEFT</location>
          <zlocation>3</zlocation>
          <size>0.13476562,0.024739584</size>
          <blending>true</blending>
          <mouseMotion>true</mouseMotion>
          <mouseSelection>true</mouseSelection>
          <visual type="BUTTON_ACTIVE" texture="gui/common/ks_common_line_01.png" textureCoordinates="0.015625,0.625,0.96875,0.296875"/>
          <visual type="BUTTON_INACTIVE" texture="gui/common/ks_common_line_01.png" textureCoordinates="0.015625,0.625,0.96875,0.296875"/>
          <visual type="BUTTON_PRESSED" texture="gui/common/ks_common_line_01.png" textureCoordinates="0.015625,0.625,0.96875,0.296875"/>
          <visual type="BUTTON_RELEASED" texture="gui/common/ks_common_line_01.png" textureCoordinates="0.015625,0.625,0.96875,0.296875"/>
     </widget>
     <widget class="DmglButton" name="button_public">
          <location>0.5371094,0.8294271,BOTTOM_LEFT</location>
          <zlocation>3</zlocation>
          <size>0.12988281,0.024739584</size>
          <blending>true</blending>
          <mouseMotion>true</mouseMotion>
          <mouseSelection>true</mouseSelection>
          <visual type="BUTTON_ACTIVE" texture="gui/common/ks_common_line_01.png" textureCoordinates="0.015625,0.625,0.96875,0.296875"/>
          <visual type="BUTTON_INACTIVE" texture="gui/common/ks_common_line_01.png" textureCoordinates="0.015625,0.625,0.96875,0.296875"/>
          <visual type="BUTTON_PRESSED" texture="gui/common/ks_common_line_01.png" textureCoordinates="0.015625,0.625,0.96875,0.296875"/>
          <visual type="BUTTON_RELEASED" texture="gui/common/ks_common_line_01.png" textureCoordinates="0.015625,0.625,0.96875,0.296875"/>
     </widget>
     <widget class="DmglButton" name="frags_-button">
          <location>0.18554688,0.134301,CENTER</location>
          <zlocation>3</zlocation>
          <size>0.049804688,0.063802086</size>
          <blending>true</blending>
          <mouseMotion>true</mouseMotion>
          <mouseSelection>true</mouseSelection>
          <visual type="BUTTON_ACTIVE" texture="gui/common/ks_common_addbox_01.png" textureCoordinates="0.0,0.234375,0.3828125,0.765625"/>
          <visual type="BUTTON_INACTIVE" texture="gui/common/ks_common_addbox_01.png" textureCoordinates="0.0,0.234375,0.3828125,0.765625"/>
          <visual type="BUTTON_PRESSED" texture="gui/common/ks_common_addbox_01.png" textureCoordinates="0.0,0.234375,0.3828125,0.765625"/>
          <visual type="BUTTON_RELEASED" texture="gui/common/ks_common_addbox_01.png" textureCoordinates="0.0,0.234375,0.3828125,0.765625"/>
     </widget>
     <widget class="DmglButton" name="frags_+button">
          <location>0.3076172,0.134301,CENTER</location>
          <zlocation>3</zlocation>
          <size>0.049804688,0.063802086</size>
          <blending>true</blending>
          <mouseMotion>true</mouseMotion>
          <mouseSelection>true</mouseSelection>
          <visual type="BUTTON_ACTIVE" texture="gui/common/ks_common_addbox_01.png" textureCoordinates="0.0,0.234375,0.3828125,0.765625"/>
          <visual type="BUTTON_INACTIVE" texture="gui/common/ks_common_addbox_01.png" textureCoordinates="0.0,0.234375,0.3828125,0.765625"/>
          <visual type="BUTTON_PRESSED" texture="gui/common/ks_common_addbox_01.png" textureCoordinates="0.0,0.234375,0.3828125,0.765625"/>
          <visual type="BUTTON_RELEASED" texture="gui/common/ks_common_addbox_01.png" textureCoordinates="0.0,0.234375,0.3828125,0.765625"/>
     </widget>
     <widget class="DmglButton" name="track_left_btn">
          <location>0.12109375,0.31700078,CENTER</location>
          <zlocation>3</zlocation>
          <size>0.049804688,0.063802086</size>
          <blending>true</blending>
          <mouseMotion>true</mouseMotion>
          <mouseSelection>true</mouseSelection>
          <visual type="BUTTON_ACTIVE" texture="gui/common/ks_common_addbox_01.png" textureCoordinates="0.0,0.234375,0.3828125,0.765625"/>
          <visual type="BUTTON_INACTIVE" texture="gui/common/ks_common_addbox_01.png" textureCoordinates="0.0,0.234375,0.3828125,0.765625"/>
          <visual type="BUTTON_PRESSED" texture="gui/common/ks_common_addbox_01.png" textureCoordinates="0.0,0.234375,0.3828125,0.765625"/>
          <visual type="BUTTON_RELEASED" texture="gui/common/ks_common_addbox_01.png" textureCoordinates="0.0,0.234375,0.3828125,0.765625"/>
     </widget>
     <widget class="DmglButton" name="track_right_btn">
          <location>0.38867188,0.31569943,CENTER</location>
          <zlocation>3</zlocation>
          <size>0.049804688,0.063802086</size>
          <blending>true</blending>
          <mouseMotion>true</mouseMotion>
          <mouseSelection>true</mouseSelection>
          <visual type="BUTTON_ACTIVE" texture="gui/common/ks_common_addbox_01.png" textureCoordinates="0.0,0.234375,0.3828125,0.765625"/>
          <visual type="BUTTON_INACTIVE" texture="gui/common/ks_common_addbox_01.png" textureCoordinates="0.0,0.234375,0.3828125,0.765625"/>
          <visual type="BUTTON_PRESSED" texture="gui/common/ks_common_addbox_01.png" textureCoordinates="0.0,0.234375,0.3828125,0.765625"/>
          <visual type="BUTTON_RELEASED" texture="gui/common/ks_common_addbox_01.png" textureCoordinates="0.0,0.234375,0.3828125,0.765625"/>
     </widget>
     <widget class="DmglButton" name="btnLegendMain">
          <location>0.86328125,0.2135417,CENTER</location>
          <zlocation>3</zlocation>
          <size>0.203125,0.045572918</size>
          <blending>true</blending>
          <mouseMotion>true</mouseMotion>
          <mouseSelection>true</mouseSelection>
          <visual type="BUTTON_ACTIVE" texture="gui/common/ks_common_legendbuttons_01.png" textureCoordinates="0.0,0.7265625,0.8125,0.2734375"/>
          <visual type="BUTTON_INACTIVE" texture="gui/common/ks_common_legendbuttons_01.png" textureCoordinates="0.0,0.7265625,0.8125,0.2734375"/>
          <visual type="BUTTON_PRESSED" texture="gui/common/ks_common_legendbuttons_01.png" textureCoordinates="0.0,0.7265625,0.8125,0.2734375"/>
          <visual type="BUTTON_RELEASED" texture="gui/common/ks_common_legendbuttons_01.png" textureCoordinates="0.0,0.7265625,0.8125,0.2734375"/>
     </widget>
     <widget class="DmglButton" name="btnLegendReset">
          <location>0.86328125,0.16536462,CENTER</location>
          <zlocation>3</zlocation>
          <size>0.203125,0.045572918</size>
          <blending>true</blending>
          <mouseMotion>true</mouseMotion>
          <mouseSelection>true</mouseSelection>
          <visual type="BUTTON_ACTIVE" texture="gui/common/ks_common_legendbuttons_01.png" textureCoordinates="0.0,0.7265625,0.8125,0.2734375"/>
          <visual type="BUTTON_INACTIVE" texture="gui/common/ks_common_legendbuttons_01.png" textureCoordinates="0.0,0.7265625,0.8125,0.2734375"/>
          <visual type="BUTTON_PRESSED" texture="gui/common/ks_common_legendbuttons_01.png" textureCoordinates="0.0,0.7265625,0.8125,0.2734375"/>
          <visual type="BUTTON_RELEASED" texture="gui/common/ks_common_legendbuttons_01.png" textureCoordinates="0.0,0.7265625,0.8125,0.2734375"/>
     </widget>
     <widget class="DmglButton" name="btnLegendCancel">
          <location>0.86328125,0.11848957,CENTER</location>
          <zlocation>3</zlocation>
          <size>0.203125,0.045572918</size>
          <blending>true</blending>
          <mouseMotion>true</mouseMotion>
          <mouseSelection>true</mouseSelection>
          <visual type="BUTTON_ACTIVE" texture="gui/common/ks_common_legendbuttons_01.png" textureCoordinates="0.0,0.7265625,0.8125,0.2734375"/>
          <visual type="BUTTON_INACTIVE" texture="gui/common/ks_common_legendbuttons_01.png" textureCoordinates="0.0,0.7265625,0.8125,0.2734375"/>
          <visual type="BUTTON_PRESSED" texture="gui/common/ks_common_legendbuttons_01.png" textureCoordinates="0.0,0.7265625,0.8125,0.2734375"/>
          <visual type="BUTTON_RELEASED" texture="gui/common/ks_common_legendbuttons_01.png" textureCoordinates="0.0,0.7265625,0.8125,0.2734375"/>
     </widget>
     <widget class="DmglButton" name="btnLegendOk">
          <location>0.86328125,0.06901044,CENTER</location>
          <zlocation>3</zlocation>
          <size>0.203125,0.045572918</size>
          <blending>true</blending>
          <mouseMotion>true</mouseMotion>
          <mouseSelection>true</mouseSelection>
          <visual type="BUTTON_ACTIVE" texture="gui/common/ks_common_legendbuttons_01.png" textureCoordinates="0.0,0.7265625,0.8125,0.2734375"/>
          <visual type="BUTTON_INACTIVE" texture="gui/common/ks_common_legendbuttons_01.png" textureCoordinates="0.0,0.7265625,0.8125,0.2734375"/>
          <visual type="BUTTON_PRESSED" texture="gui/common/ks_common_legendbuttons_01.png" textureCoordinates="0.0,0.7265625,0.8125,0.2734375"/>
          <visual type="BUTTON_RELEASED" texture="gui/common/ks_common_legendbuttons_01.png" textureCoordinates="0.0,0.7265625,0.8125,0.2734375"/>
     </widget>
     <widget class="DmglButton" name="button_server">
          <location>0.18554688,0.6731771,BOTTOM_LEFT</location>
          <zlocation>3</zlocation>
          <size>0.32226562,0.0390625</size>
          <blending>true</blending>
          <mouseMotion>true</mouseMotion>
          <mouseSelection>true</mouseSelection>
          <visual type="BUTTON_ACTIVE" texture="gui/common/ks_common_option_01.png" textureCoordinates="0.0,0.0,0.0,0.0"/>
          <visual type="BUTTON_INACTIVE" texture="gui/common/ks_common_option_01.png" textureCoordinates="0.0,0.0,0.0,0.0"/>
          <visual type="BUTTON_PRESSED" texture="gui/common/ks_common_option_01.png" textureCoordinates="0.0,0.0,0.0,0.0"/>
          <visual type="BUTTON_RELEASED" texture="gui/common/ks_common_option_01.png" textureCoordinates="0.0,0.0,0.0,0.0"/>
     </widget>
     <widget class="DmglButton" name="button_password">
          <location>0.18554688,0.625,BOTTOM_LEFT</location>
          <zlocation>3</zlocation>
          <size>0.19042969,0.0390625</size>
          <blending>true</blending>
          <mouseMotion>true</mouseMotion>
          <mouseSelection>true</mouseSelection>
          <visual type="BUTTON_ACTIVE" texture="gui/common/ks_common_option_01.png" textureCoordinates="0.0,0.0,0.0,0.0"/>
          <visual type="BUTTON_INACTIVE" texture="gui/common/ks_common_option_01.png" textureCoordinates="0.0,0.0,0.0,0.0"/>
          <visual type="BUTTON_PRESSED" texture="gui/common/ks_common_option_01.png" textureCoordinates="0.0,0.0,0.0,0.0"/>
          <visual type="BUTTON_RELEASED" texture="gui/common/ks_common_option_01.png" textureCoordinates="0.0,0.0,0.0,0.0"/>
     </widget>
     <widget class="DmglText" name="serverName">
          <label>serverName</label>
          <location>0.1875,0.69836384,BOTTOM_LEFT</location>
          <zlocation>3</zlocation>
          <size>1.0,0.04</size>
          <blending>true</blending>
          <font>ARMYC___.TTF</font>
          <fontScale>0.7</fontScale>
          <fontColor>0.3203125,0.2109375,0.71875</fontColor>
          <backgroundColor>0.0,0.0,0.0,0.0</backgroundColor>
     </widget>
     <widget class="DmglText" name="password">
          <label>password</label>
          <location>0.1875,0.650364,BOTTOM_LEFT</location>
          <zlocation>3</zlocation>
          <size>0.2998047,0.04</size>
          <blending>true</blending>
          <font>ARMYC___.TTF</font>
          <fontScale>0.7</fontScale>
          <fontColor>0.3203125,0.2109375,0.71875</fontColor>
          <backgroundColor>0.0,0.0,0.0,0.0</backgroundColor>
     </widget>
     <widget class="DmglLabel" name="label_private">
          <label>MENU_MULTIPLAYER_PRIVATE</label>
          <location>0.40625,0.8307302,BOTTOM_LEFT</location>
          <zlocation>1</zlocation>
          <size>0.14941406,0.020833334</size>
          <blending>true</blending>
          <font>ARMYC___.TTF</font>
          <fontScale>1.0</fontScale>
          <fontColor>0.3203125,0.2109375,0.72265625,1.0</fontColor>
     </widget>
     <widget class="DmglLabel" name="label_public">
          <label>MENU_MULTIPLAYER_PUBLIC</label>
          <location>0.5673828,0.8307292,BOTTOM_LEFT</location>
          <zlocation>1</zlocation>
          <size>0.13671875,0.020833334</size>
          <blending>true</blending>
          <font>ARMYC___.TTF</font>
          <fontScale>1.0</fontScale>
          <fontColor>0.3203125,0.2109375,0.72265625,1.0</fontColor>
     </widget>
     <widget class="DmglLabel" name="label_server">
          <label>MENU_MULTIPLAYER_SERVER_NAME</label>
          <location>0.061523438,0.68489635,BOTTOM_LEFT</location>
          <zlocation>1</zlocation>
          <size>0.14941406,0.020833334</size>
          <blending>true</blending>
          <font>ARMYC___.TTF</font>
          <fontScale>0.95</fontScale>
          <fontColor>0.3203125,0.2109375,0.72265625,1.0</fontColor>
     </widget>
     <widget class="DmglLabel" name="label_password">
          <label>MENU_MULTIPLAYER_PASSWORD</label>
          <location>0.061523438,0.63411504,BOTTOM_LEFT</location>
          <zlocation>1</zlocation>
          <size>0.125,0.020833334</size>
          <blending>true</blending>
          <font>ARMYC___.TTF</font>
          <fontScale>0.95</fontScale>
          <fontColor>0.3203125,0.2109375,0.72265625,1.0</fontColor>
     </widget>
     <widget class="DmglLabel" name="label_join">
          <label>MENU_MULTIPLAYER_JOIN</label>
          <location>0.40429688,0.9010417,BOTTOM_LEFT</location>
          <zlocation>1</zlocation>
          <size>0.049804688,0.020833334</size>
          <blending>true</blending>
          <font>ARMYC___.TTF</font>
          <fontScale>1.0</fontScale>
          <fontColor>0.3203125,0.2109375,0.72265625,1.0</fontColor>
     </widget>
     <widget class="DmglLabel" name="label_host">
          <label>MENU_MULTIPLAYER_HOST</label>
          <location>0.5644531,0.901042,BOTTOM_LEFT</location>
          <zlocation>1</zlocation>
          <size>0.049804688,0.020833334</size>
          <blending>true</blending>
          <font>ARMYC___.TTF</font>
          <fontScale>1.0</fontScale>
          <fontColor>0.3203125,0.2109375,0.72265625,1.0</fontColor>
     </widget>
     <widget class="DmglLabel" name="Select track">
          <label>Select track:</label>
          <location>0.060546875,0.39512685,BOTTOM_LEFT</location>
          <zlocation>1</zlocation>
          <size>0.095703125,0.015625</size>
          <blending>true</blending>
          <font>ARMYC___.TTF</font>
          <fontScale>1.0</fontScale>
          <fontColor>0.3203125,0.2109375,0.72265625,1.0</fontColor>
     </widget>
     <widget class="DmglLabel" name="Track name">
          <label>track name here</label>
          <location>0.25683594,0.31439745,CENTER</location>
          <zlocation>1</zlocation>
          <size>0.13964844,0.015625</size>
          <blending>true</blending>
          <font>ARMYC___.TTF</font>
          <fontScale>0.9</fontScale>
          <fontColor>0.3203125,0.2109375,0.72265625,1.0</fontColor>
     </widget>
     <widget class="DmglLabel" name="frags_number">
          <label>25</label>
          <location>0.24609375,0.13169688,CENTER</location>
          <zlocation>1</zlocation>
          <size>0.017578125,0.014322917</size>
          <blending>true</blending>
          <font>ARMYC___.TTF</font>
          <fontScale>0.94</fontScale>
          <fontColor>0.3203125,0.2109375,0.72265625,1.0</fontColor>
     </widget>
     <widget class="DmglLabel" name="lblPlanNumber">
          <label>MENU_COMMON_PLAN_NUMBER</label>
          <location>0.859375,0.32812518,CENTER</location>
          <zlocation>1</zlocation>
          <size>0.13183594,0.015625</size>
          <blending>true</blending>
          <font>ARMYC___.TTF</font>
          <fontScale>0.76</fontScale>
          <fontColor>0.3203125,0.2109375,0.72265625,1.0</fontColor>
     </widget>
     <widget class="DmglLabel" name="lblLocationTitle">
          <label>MENU_COMMON_LOCATION_MEMORIAL</label>
          <location>0.855,0.5516664,CENTER</location>
          <zlocation>1</zlocation>
          <size>0.13476562,0.013020833</size>
          <blending>true</blending>
          <font>ARMYC___.TTF</font>
          <fontScale>0.9</fontScale>
          <fontColor>0.3203125,0.2109375,0.72265625,1.0</fontColor>
     </widget>
     <widget class="DmglLabel" name="lblUrbanists">
          <label>MENU_LEGEND_URBANISTS</label>
          <location>0.77734375,0.3945313,BOTTOM_LEFT</location>
          <zlocation>1</zlocation>
          <size>0.059570312,0.009114583</size>
          <blending>true</blending>
          <font>ARMYC___.TTF</font>
          <fontScale>0.6</fontScale>
          <fontColor>0.3203125,0.2109375,0.72265625,1.0</fontColor>
     </widget>
     <widget class="DmglLabel" name="lblKenny">
          <label>MENU_LEGEND_KENNY</label>
          <location>0.859375,0.39453134,BOTTOM_LEFT</location>
          <zlocation>1</zlocation>
          <size>0.125,0.020833334</size>
          <blending>true</blending>
          <font>ARMYC___.TTF</font>
          <fontScale>0.63</fontScale>
          <fontColor>0.3203125,0.2109375,0.72265625,1.0</fontColor>
     </widget>
     <widget class="DmglLabel" name="lblSpenny">
          <label>MENU_LEGEND_SPENNY</label>
          <location>0.859375,0.37109384,BOTTOM_LEFT</location>
          <zlocation>1</zlocation>
          <size>0.14941406,0.020833334</size>
          <blending>true</blending>
          <font>ARMYC___.TTF</font>
          <fontScale>0.63</fontScale>
          <fontColor>0.3203125,0.2109375,0.72265625,1.0</fontColor>
     </widget>
     <widget class="DmglLabel" name="lblLegend">
          <label>MENU_LEGEND_TITLE</label>
          <location>0.7783203,0.24869782,BOTTOM_LEFT</location>
          <zlocation>1</zlocation>
          <size>0.048828125,0.01171875</size>
          <blending>true</blending>
          <font>ARMYC___.TTF</font>
          <fontScale>0.7</fontScale>
          <fontColor>0.3203125,0.2109375,0.72265625,1.0</fontColor>
     </widget>
     <widget class="DmglLabel" name="lblLegendMain">
          <label>MENU_LEGEND_MAIN</label>
          <location>0.83203125,0.20703171,BOTTOM_LEFT</location>
          <zlocation>1</zlocation>
          <size>0.080078125,0.015625</size>
          <blending>true</blending>
          <font>ARMYC___.TTF</font>
          <fontScale>0.6</fontScale>
          <fontColor>0.3203125,0.2109375,0.72265625,1.0</fontColor>
     </widget>
     <widget class="DmglLabel" name="lblLegendReset">
          <label>MENU_LEGEND_RESET</label>
          <location>0.83203125,0.1588546,BOTTOM_LEFT</location>
          <zlocation>1</zlocation>
          <size>0.0625,0.020833334</size>
          <blending>true</blending>
          <font>ARMYC___.TTF</font>
          <fontScale>0.6</fontScale>
          <fontColor>0.3203125,0.2109375,0.72265625,1.0</fontColor>
     </widget>
     <widget class="DmglLabel" name="lblLegendCancel">
          <label>MENU_LEGEND_CANCEL</label>
          <location>0.83203125,0.11067739,BOTTOM_LEFT</location>
          <zlocation>1</zlocation>
          <size>0.049804688,0.020833334</size>
          <blending>true</blending>
          <font>ARMYC___.TTF</font>
          <fontScale>0.6</fontScale>
          <fontColor>0.3203125,0.2109375,0.72265625,1.0</fontColor>
     </widget>
     <widget class="DmglLabel" name="lblLegendOk">
          <label>MENU_LEGEND_OK</label>
          <location>0.83203125,0.06250028,BOTTOM_LEFT</location>
          <zlocation>1</zlocation>
          <size>0.024414062,0.020833334</size>
          <blending>true</blending>
          <font>ARMYC___.TTF</font>
          <fontScale>0.6</fontScale>
          <fontColor>0.3203125,0.2109375,0.72265625,1.0</fontColor>
     </widget>
     <widget class="DmglLabel" name="label_title">
          <label>MENU_MULTIPLAYER_TITLE</label>
          <location>0.0546875,0.89192706,BOTTOM_LEFT</location>
          <zlocation>1</zlocation>
          <size>0.21875,0.028645834</size>
          <blending>true</blending>
          <font>ARMYC___.TTF</font>
          <fontScale>1.9</fontScale>
          <fontColor>0.3203125,0.2109375,0.72265625,1.0</fontColor>
     </widget>
     <widget class="DmglLabel" name="label_conditions">
          <label>MENU_SINGLEPLAYER_LAPS_CONDITION</label>
          <location>0.059570312,0.20721662,BOTTOM_LEFT</location>
          <zlocation>1</zlocation>
          <size>0.16503906,0.015625</size>
          <blending>true</blending>
          <font>ARMYC___.TTF</font>
          <fontScale>1.0</fontScale>
          <fontColor>0.3203125,0.2109375,0.72265625,1.0</fontColor>
     </widget>
</panel>
