<panel name="main menu">
	<widget class="DmglImage" name="background_01">
		<location>0.0,0.33333334,BOTTOM_LEFT</location>
		<zlocation>6</zlocation>
		<size>0.5,0.6666667</size>
		<blending>false</blending>
		<texture>gui/common/ks_common_background_01.jpg</texture>
		<textureLocation>0.0,0.0</textureLocation>
		<textureSize>1.0,1.0</textureSize>
	</widget>
	<widget class="DmglImage" name="background_02">
		<location>0.5,0.3333335,BOTTOM_LEFT</location>
		<zlocation>6</zlocation>
		<size>0.5,0.6666667</size>
		<blending>false</blending>
		<texture>gui/common/ks_common_background_02.jpg</texture>
		<textureLocation>0.0,0.0</textureLocation>
		<textureSize>1.0,1.0</textureSize>
	</widget>
	<widget class="DmglImage" name="background_03">
		<location>0.0,0.0,BOTTOM_LEFT</location>
		<zlocation>6</zlocation>
		<size>0.5,0.33333334</size>
		<blending>false</blending>
		<texture>gui/common/ks_common_background_03.jpg</texture>
		<textureLocation>0.0,0.0</textureLocation>
		<textureSize>1.0,1.0</textureSize>
	</widget>
	<widget class="DmglImage" name="background_04">
		<location>0.5,0.0,BOTTOM_LEFT</location>
		<zlocation>6</zlocation>
		<size>0.5,0.33333334</size>
		<blending>false</blending>
		<texture>gui/common/ks_common_background_04.jpg</texture>
		<textureLocation>0.0,0.0</textureLocation>
		<textureSize>1.0,1.0</textureSize>
	</widget>
	<widget class="DmglImage" name="line_1">
		<location>0.7763672,0.45703244,BOTTOM_LEFT</location>
		<zlocation>6</zlocation>
		<size>0.16113281,0.083333336</size>
		<blending>true</blending>
		<texture>gui/common/ks_common_line_01.png</texture>
		<textureLocation>0.0,0.0</textureLocation>
		<textureSize>1.0,1.0</textureSize>
	</widget>
	<widget class="DmglImage" name="line_2">
		<location>0.7753906,0.16406244,BOTTOM_LEFT</location>
		<zlocation>6</zlocation>
		<size>0.0546875,0.083333336</size>
		<blending>true</blending>
		<texture>gui/common/ks_common_line_01.png</texture>
		<textureLocation>0.0,0.0</textureLocation>
		<textureSize>1.0,1.0</textureSize>
	</widget>
	<widget class="DmglImage" name="image_map_market">
		<location>0.7363281,0.524739,BOTTOM_LEFT</location>
		<zlocation>6</zlocation>
		<size>0.25,0.33333334</size>
		<blending>true</blending>
		<texture>gui/common/ks_common_market_01.png</texture>
		<textureLocation>0.0,0.0</textureLocation>
		<textureSize>1.0,1.0</textureSize>
	</widget>
	<widget class="DmglImage" name="image_map_hall">
		<location>0.7363281,0.5247396,BOTTOM_LEFT</location>
		<zlocation>6</zlocation>
		<size>0.25,0.33333334</size>
		<blending>true</blending>
		<texture>gui/common/ks_common_hall_01.png</texture>
		<textureLocation>0.0,0.0</textureLocation>
		<textureSize>1.0,1.0</textureSize>
	</widget>
	<widget class="DmglImage" name="image_map_residence">
		<location>0.7363281,0.52473927,BOTTOM_LEFT</location>
		<zlocation>6</zlocation>
		<size>0.25,0.33333334</size>
		<blending>true</blending>
		<texture>gui/common/ks_common_house_01.png</texture>
		<textureLocation>0.0,0.0</textureLocation>
		<textureSize>1.0,1.0</textureSize>
	</widget>
	<widget class="DmglImage" name="map_01">
		<location>0.018554688,0.30598956,BOTTOM_LEFT</location>
		<zlocation>6</zlocation>
		<size>0.5,0.6666667</size>
		<blending>true</blending>
		<texture>gui/main/ks_main_map_01.png</texture>
		<textureLocation>0.0,0.0</textureLocation>
		<textureSize>1.0,1.0</textureSize>
	</widget>
	<widget class="DmglImage" name="map_02">
		<location>0.5185547,0.30598944,BOTTOM_LEFT</location>
		<zlocation>6</zlocation>
		<size>0.25,0.6666667</size>
		<blending>true</blending>
		<texture>gui/main/ks_main_map_02.png</texture>
		<textureLocation>0.0,0.0</textureLocation>
		<textureSize>1.0,1.0</textureSize>
	</widget>
	<widget class="DmglImage" name="map_03">
		<location>0.018554688,-0.02734375,BOTTOM_LEFT</location>
		<zlocation>6</zlocation>
		<size>0.5,0.33333334</size>
		<blending>true</blending>
		<texture>gui/main/ks_main_map_03.png</texture>
		<textureLocation>0.0,0.0</textureLocation>
		<textureSize>1.0,1.0</textureSize>
	</widget>
	<widget class="DmglImage" name="map_04">
		<location>0.5185547,-0.027343754,BOTTOM_LEFT</location>
		<zlocation>6</zlocation>
		<size>0.25,0.33333334</size>
		<blending>true</blending>
		<texture>gui/main/ks_main_map_04.png</texture>
		<textureLocation>0.0,0.0</textureLocation>
		<textureSize>1.0,1.0</textureSize>
	</widget>
	<widget class="DmglImage" name="image_map_town">
		<location>0.7363281,0.5247394,BOTTOM_LEFT</location>
		<zlocation>6</zlocation>
		<size>0.25,0.33333334</size>
		<blending>true</blending>
		<texture>gui/common/ks_common_map_01.png</texture>
		<textureLocation>0.0,0.0</textureLocation>
		<textureSize>1.0,1.0</textureSize>
	</widget>
	<widget class="DmglImage" name="image_map_options">
		<location>0.7363281,0.5247389,BOTTOM_LEFT</location>
		<zlocation>6</zlocation>
		<size>0.25,0.33333334</size>
		<blending>true</blending>
		<texture>gui/common/ks_common_option_01.png</texture>
		<textureLocation>0.0,0.0</textureLocation>
		<textureSize>1.0,1.0</textureSize>
	</widget>
	<widget class="DmglImage" name="image_map_quit">
		<location>0.7363281,0.52473927,BOTTOM_LEFT</location>
		<zlocation>6</zlocation>
		<size>0.25,0.33333334</size>
		<blending>true</blending>
		<texture>gui/common/ks_common_reality_01.png</texture>
		<textureLocation>0.0,0.0</textureLocation>
		<textureSize>1.0,1.0</textureSize>
	</widget>
	<widget class="DmglImage" name="image_map_vcr">
		<location>0.7363281,0.5247392,BOTTOM_LEFT</location>
		<zlocation>6</zlocation>
		<size>0.25,0.33333334</size>
		<blending>true</blending>
		<texture>gui/common/ks_common_store_01.png</texture>
		<textureLocation>0.0,0.0</textureLocation>
		<textureSize>1.0,1.0</textureSize>
	</widget>
	<widget class="DmglImage" name="image_map_wasteball">
		<location>0.7363281,0.52473986,BOTTOM_LEFT</location>
		<zlocation>6</zlocation>
		<size>0.25,0.33333334</size>
		<blending>true</blending>
		<texture>gui/common/ks_common_wasteball_01.png</texture>
		<textureLocation>0.0,0.0</textureLocation>
		<textureSize>1.0,1.0</textureSize>
	</widget>
	<widget class="DmglImage" name="image_map_memorial">
		<location>0.7363281,0.524739,BOTTOM_LEFT</location>
		<zlocation>6</zlocation>
		<size>0.25,0.33333334</size>
		<blending>true</blending>
		<texture>gui/common/ks_common_memorial_01.png</texture>
		<textureLocation>0.0,0.0</textureLocation>
		<textureSize>1.0,1.0</textureSize>
	</widget>
	<widget class="DmglImage" name="image_map_cemetery">
		<location>0.7363281,0.5247396,BOTTOM_LEFT</location>
		<zlocation>6</zlocation>
		<size>0.25,0.33333334</size>
		<blending>true</blending>
		<texture>gui/common/ks_common_loser_01.png</texture>
		<textureLocation>0.0,0.0</textureLocation>
		<textureSize>1.0,1.0</textureSize>
	</widget>
	<widget class="DmglImage" name="img_options_01">
		<location>0.083984375,0.24088575,CENTER</location>
		<zlocation>6</zlocation>
		<size>0.12890625,0.095052086</size>
		<blending>true</blending>
		<texture>gui/main/ks_main_texture_02.png</texture>
		<textureLocation>0.42578125,0.7109375</textureLocation>
		<textureSize>0.515625,0.28515625</textureSize>
	</widget>
	<widget class="DmglImage" name="img_options_02">
		<location>0.26953125,0.24348994,CENTER</location>
		<zlocation>6</zlocation>
		<size>0.1015625,0.055989582</size>
		<blending>true</blending>
		<texture>gui/main/ks_main_texture_02.png</texture>
		<textureLocation>0.42578125,0.5390625</textureLocation>
		<textureSize>0.40625,0.16796875</textureSize>
	</widget>
	<widget class="DmglImage" name="img_options_03">
		<location>0.3828125,0.2395837,CENTER</location>
		<zlocation>6</zlocation>
		<size>0.068359375,0.05078125</size>
		<blending>true</blending>
		<texture>gui/main/ks_main_texture_03.png</texture>
		<textureLocation>0.00390625,0.84375</textureLocation>
		<textureSize>0.2734375,0.15234375</textureSize>
	</widget>
	<widget class="DmglImage" name="img_options_04">
		<location>0.50097656,0.23828147,CENTER</location>
		<zlocation>6</zlocation>
		<size>0.10546875,0.052083332</size>
		<blending>true</blending>
		<texture>gui/main/ks_main_texture_02.png</texture>
		<textureLocation>0.4140625,0.37890625</textureLocation>
		<textureSize>0.421875,0.15625</textureSize>
	</widget>
	<widget class="DmglImage" name="img_options_05">
		<location>0.6826172,0.24088569,CENTER</location>
		<zlocation>6</zlocation>
		<size>0.111328125,0.095052086</size>
		<blending>true</blending>
		<texture>gui/main/ks_main_texture_02.png</texture>
		<textureLocation>0.48828125,0.04296875</textureLocation>
		<textureSize>0.4453125,0.28515625</textureSize>
	</widget>
	<widget class="DmglImage" name="img_quit_01">
		<location>0.13867188,0.049479455,CENTER</location>
		<zlocation>6</zlocation>
		<size>0.2421875,0.057291668</size>
		<blending>true</blending>
		<texture>gui/main/ks_main_texture_03.png</texture>
		<textureLocation>0.00390625,0.66796875</textureLocation>
		<textureSize>0.96875,0.171875</textureSize>
	</widget>
	<widget class="DmglImage" name="img_quit_02">
		<location>0.37890625,0.042969055,CENTER</location>
		<zlocation>6</zlocation>
		<size>0.2421875,0.044270832</size>
		<blending>true</blending>
		<texture>gui/main/ks_main_texture_03.png</texture>
		<textureLocation>0.00390625,0.53125</textureLocation>
		<textureSize>0.96875,0.1328125</textureSize>
	</widget>
	<widget class="DmglImage" name="img_quit_03">
		<location>0.6191406,0.05338573,CENTER</location>
		<zlocation>6</zlocation>
		<size>0.2421875,0.049479168</size>
		<blending>true</blending>
		<texture>gui/main/ks_main_texture_03.png</texture>
		<textureLocation>0.00390625,0.37890625</textureLocation>
		<textureSize>0.96875,0.1484375</textureSize>
	</widget>
	<widget class="DmglImage" name="imgLegendMain">
		<location>0.80078125,0.21354166,CENTER</location>
		<zlocation>6</zlocation>
		<size>0.026367188,0.03515625</size>
		<blending>true</blending>
		<texture>gui/common/ks_common_legendbuttons_01.png</texture>
		<textureLocation>0.89453125,0.7890625</textureLocation>
		<textureSize>0.10546875,0.2109375</textureSize>
	</widget>
	<widget class="DmglImage" name="imgLegendReset">
		<location>0.79785156,0.16666666,CENTER</location>
		<zlocation>6</zlocation>
		<size>0.03125,0.03515625</size>
		<blending>true</blending>
		<texture>gui/common/ks_common_legendbuttons_01.png</texture>
		<textureLocation>0.875,0.15625</textureLocation>
		<textureSize>0.125,0.2109375</textureSize>
	</widget>
	<widget class="DmglImage" name="imgLegendCancel">
		<location>0.80078125,0.1184896,CENTER</location>
		<zlocation>6</zlocation>
		<size>0.026367188,0.03515625</size>
		<blending>true</blending>
		<texture>gui/common/ks_common_legendbuttons_01.png</texture>
		<textureLocation>0.89453125,0.3671875</textureLocation>
		<textureSize>0.10546875,0.2109375</textureSize>
	</widget>
	<widget class="DmglImage" name="imgLegendOk">
		<location>0.80078125,0.06901043,CENTER</location>
		<zlocation>6</zlocation>
		<size>0.026367188,0.03515625</size>
		<blending>true</blending>
		<texture>gui/common/ks_common_legendbuttons_01.png</texture>
		<textureLocation>0.89453125,0.578125</textureLocation>
		<textureSize>0.10546875,0.2109375</textureSize>
	</widget>
	<widget class="DmglImage" name="imgLegendAnimMain">
		<location>0.86328125,0.21354198,CENTER</location>
		<zlocation>6</zlocation>
		<size>0.20117188,0.04296875</size>
		<blending>true</blending>
		<texture>gui/common/ks_common_legendbuttons_01.png</texture>
		<textureLocation>0.0,0.46875</textureLocation>
		<textureSize>0.8046875,0.2578125</textureSize>
	</widget>
	<widget class="DmglImage" name="imgLegendAnimReset">
		<location>0.86328125,0.1666666,CENTER</location>
		<zlocation>6</zlocation>
		<size>0.20117188,0.04296875</size>
		<blending>true</blending>
		<texture>gui/common/ks_common_legendbuttons_01.png</texture>
		<textureLocation>0.0,0.46875</textureLocation>
		<textureSize>0.8046875,0.2578125</textureSize>
	</widget>
	<widget class="DmglImage" name="imgLegendAnimCancel">
		<location>0.86328125,0.117187776,CENTER</location>
		<zlocation>6</zlocation>
		<size>0.20117188,0.04296875</size>
		<blending>true</blending>
		<texture>gui/common/ks_common_legendbuttons_01.png</texture>
		<textureLocation>0.0,0.46875</textureLocation>
		<textureSize>0.8046875,0.2578125</textureSize>
	</widget>
	<widget class="DmglImage" name="imgLegendAnimOk">
		<location>0.86328125,0.06901072,CENTER</location>
		<zlocation>6</zlocation>
		<size>0.20117188,0.04296875</size>
		<blending>true</blending>
		<texture>gui/common/ks_common_legendbuttons_01.png</texture>
		<textureLocation>0.0,0.46875</textureLocation>
		<textureSize>0.8046875,0.2578125</textureSize>
	</widget>
	<widget class="DmglImage" name="imgLegendAnimScrollMain">
		<location>0.86328125,0.21354198,CENTER</location>
		<zlocation>6</zlocation>
		<size>0.20117188,0.04296875</size>
		<blending>true</blending>
		<texture>gui/common/ks_common_legendbuttons_01.png</texture>
		<textureLocation>0.0,0.46875</textureLocation>
		<textureSize>0.8046875,0.2578125</textureSize>
	</widget>
	<widget class="DmglImage" name="imgLegendAnimScrollReset">
		<location>0.86328125,0.1666666,CENTER</location>
		<zlocation>6</zlocation>
		<size>0.20117188,0.04296875</size>
		<blending>true</blending>
		<texture>gui/common/ks_common_legendbuttons_01.png</texture>
		<textureLocation>0.0,0.46875</textureLocation>
		<textureSize>0.8046875,0.2578125</textureSize>
	</widget>
	<widget class="DmglImage" name="imgLegendAnimScrollCancel">
		<location>0.86328125,0.117187776,CENTER</location>
		<zlocation>6</zlocation>
		<size>0.20117188,0.04296875</size>
		<blending>true</blending>
		<texture>gui/common/ks_common_legendbuttons_01.png</texture>
		<textureLocation>0.0,0.46875</textureLocation>
		<textureSize>0.8046875,0.2578125</textureSize>
	</widget>
	<widget class="DmglImage" name="imgLegendAnimScrollOk">
		<location>0.86328125,0.06901072,CENTER</location>
		<zlocation>6</zlocation>
		<size>0.20117188,0.04296875</size>
		<blending>true</blending>
		<texture>gui/common/ks_common_legendbuttons_01.png</texture>
		<textureLocation>0.0,0.46875</textureLocation>
		<textureSize>0.8046875,0.2578125</textureSize>
	</widget>
	<widget class="DmglImage" name="imgLegendInactiveMain">
		<location>0.86328125,0.21354198,CENTER</location>
		<zlocation>6</zlocation>
		<size>0.20117188,0.04296875</size>
		<blending>true</blending>
		<texture>gui/common/ks_common_legendbuttons_01.png</texture>
		<textureLocation>0.0,0.2</textureLocation>
		<textureSize>0.8046875,0.2578125</textureSize>
	</widget>
	<widget class="DmglImage" name="imgLegendInactiveReset">
		<location>0.86328125,0.1666666,CENTER</location>
		<zlocation>6</zlocation>
		<size>0.20117188,0.04296875</size>
		<blending>true</blending>
		<texture>gui/common/ks_common_legendbuttons_01.png</texture>
		<textureLocation>0.0,0.2</textureLocation>
		<textureSize>0.8046875,0.2578125</textureSize>
	</widget>
	<widget class="DmglImage" name="imgLegendInactiveCancel">
		<location>0.86328125,0.117187776,CENTER</location>
		<zlocation>6</zlocation>
		<size>0.20117188,0.04296875</size>
		<blending>true</blending>
		<texture>gui/common/ks_common_legendbuttons_01.png</texture>
		<textureLocation>0.0,0.2</textureLocation>
		<textureSize>0.8046875,0.2578125</textureSize>
	</widget>
	<widget class="DmglImage" name="imgLegendInactiveOk">
		<location>0.86328125,0.06901072,CENTER</location>
		<zlocation>6</zlocation>
		<size>0.20117188,0.04296875</size>
		<blending>true</blending>
		<texture>gui/common/ks_common_legendbuttons_01.png</texture>
		<textureLocation>0.0,0.2</textureLocation>
		<textureSize>0.8046875,0.2578125</textureSize>
	</widget>
	<widget class="DmglButton" name="button_market">
		<location>0.5205078,0.544271,CENTER</location>
		<zlocation>3</zlocation>
		<size>0.1015625,0.092447914</size>
		<blending>true</blending>
		<mouseMotion>true</mouseMotion>
		<mouseSelection>true</mouseSelection>
		<action type="ACTION_PRESSED" sound="common/supermarket.wav" />
		<visual type="BUTTON_ACTIVE" texture="gui/main/ks_main_texture_02.png" textureCoordinates="0.00390625,0.26171875,0.40625,0.27734375" />
		<visual type="BUTTON_INACTIVE" texture="gui/main/ks_main_texture_02.png" textureCoordinates="0.00390625,0.26171875,0.40625,0.27734375" />
		<visual type="BUTTON_PRESSED" texture="gui/main/ks_main_texture_02.png" textureCoordinates="0.00390625,0.26171875,0.40625,0.27734375" />
		<visual type="BUTTON_RELEASED" texture="gui/main/ks_main_texture_02.png" textureCoordinates="0.00390625,0.26171875,0.40625,0.27734375" />
	</widget>
	<widget class="DmglButton" name="button_hall">
		<location>0.64160156,0.47656256,CENTER</location>
		<zlocation>3</zlocation>
		<size>0.14941406,0.19140625</size>
		<blending>true</blending>
		<mouseMotion>true</mouseMotion>
		<mouseSelection>true</mouseSelection>
		<action type="ACTION_PRESSED" sound="common/hall_of_champions.wav" />
		<visual type="BUTTON_ACTIVE" texture="gui/main/ks_main_texture_01.png" textureCoordinates="0.00390625,0.421875,0.59765625,0.57421875" />
		<visual type="BUTTON_INACTIVE" texture="gui/main/ks_main_texture_01.png" textureCoordinates="0.00390625,0.421875,0.59765625,0.57421875" />
		<visual type="BUTTON_PRESSED" texture="gui/main/ks_main_texture_01.png" textureCoordinates="0.00390625,0.421875,0.59765625,0.57421875" />
		<visual type="BUTTON_RELEASED" texture="gui/main/ks_main_texture_01.png" textureCoordinates="0.00390625,0.421875,0.59765625,0.57421875" />
	</widget>
	<widget class="DmglButton" name="button_residence">
		<location>0.5888672,0.22656289,CENTER</location>
		<zlocation>3</zlocation>
		<size>0.08691406,0.15104167</size>
		<blending>true</blending>
		<mouseMotion>true</mouseMotion>
		<mouseSelection>true</mouseSelection>
		<action type="ACTION_PRESSED" sound="common/resident_house.wav" />
		<visual type="BUTTON_ACTIVE" texture="gui/main/ks_main_texture_01.png" textureCoordinates="0.60546875,0.54296875,0.34765625,0.453125" />
		<visual type="BUTTON_INACTIVE" texture="gui/main/ks_main_texture_01.png" textureCoordinates="0.60546875,0.54296875,0.34765625,0.453125" />
		<visual type="BUTTON_PRESSED" texture="gui/main/ks_main_texture_01.png" textureCoordinates="0.60546875,0.54296875,0.34765625,0.453125" />
		<visual type="BUTTON_RELEASED" texture="gui/main/ks_main_texture_01.png" textureCoordinates="0.60546875,0.54296875,0.34765625,0.453125" />
	</widget>
	<widget class="DmglButton" name="button_wasteball">
		<location>0.23730469,0.5221351,CENTER</location>
		<zlocation>3</zlocation>
		<size>0.11621094,0.09375</size>
		<blending>true</blending>
		<mouseMotion>true</mouseMotion>
		<mouseSelection>true</mouseSelection>
		<action type="ACTION_PRESSED" sound="common/wasteball.wav" />
		<visual type="BUTTON_ACTIVE" texture="gui/main/ks_main_texture_01.png" textureCoordinates="0.00390625,0.13671875,0.46484375,0.28125" />
		<visual type="BUTTON_INACTIVE" texture="gui/main/ks_main_texture_01.png" textureCoordinates="0.00390625,0.13671875,0.46484375,0.28125" />
		<visual type="BUTTON_PRESSED" texture="gui/main/ks_main_texture_01.png" textureCoordinates="0.00390625,0.13671875,0.46484375,0.28125" />
		<visual type="BUTTON_RELEASED" texture="gui/main/ks_main_texture_01.png" textureCoordinates="0.00390625,0.13671875,0.46484375,0.28125" />
	</widget>
	<widget class="DmglButton" name="button_cemetery">
		<location>0.21484375,0.33593768,CENTER</location>
		<zlocation>3</zlocation>
		<size>0.09472656,0.12630208</size>
		<blending>true</blending>
		<mouseMotion>true</mouseMotion>
		<mouseSelection>true</mouseSelection>
		<action type="ACTION_PRESSED" sound="common/graverave.wav" />
		<visual type="BUTTON_ACTIVE" texture="gui/main/ks_main_texture_01.png" textureCoordinates="0.47265625,0.0390625,0.37890625,0.37890625" />
		<visual type="BUTTON_INACTIVE" texture="gui/main/ks_main_texture_01.png" textureCoordinates="0.47265625,0.0390625,0.37890625,0.37890625" />
		<visual type="BUTTON_PRESSED" texture="gui/main/ks_main_texture_01.png" textureCoordinates="0.47265625,0.0390625,0.37890625,0.37890625" />
		<visual type="BUTTON_RELEASED" texture="gui/main/ks_main_texture_01.png" textureCoordinates="0.47265625,0.0390625,0.37890625,0.37890625" />
	</widget>
	<widget class="DmglButton" name="button_vcr">
		<location>0.18457031,0.21875033,CENTER</location>
		<zlocation>3</zlocation>
		<size>0.10449219,0.15104167</size>
		<blending>true</blending>
		<mouseMotion>true</mouseMotion>
		<mouseSelection>true</mouseSelection>
		<action type="ACTION_PRESSED" sound="common/repair_shop.wav" />
		<visual type="BUTTON_ACTIVE" texture="gui/main/ks_main_texture_02.png" textureCoordinates="0.00390625,0.54296875,0.41796875,0.453125" />
		<visual type="BUTTON_INACTIVE" texture="gui/main/ks_main_texture_02.png" textureCoordinates="0.00390625,0.54296875,0.41796875,0.453125" />
		<visual type="BUTTON_PRESSED" texture="gui/main/ks_main_texture_02.png" textureCoordinates="0.00390625,0.54296875,0.41796875,0.453125" />
		<visual type="BUTTON_RELEASED" texture="gui/main/ks_main_texture_02.png" textureCoordinates="0.00390625,0.54296875,0.41796875,0.453125" />
	</widget>
	<widget class="DmglButton" name="button_memorial">
		<location>0.3828125,0.4414058,CENTER</location>
		<zlocation>3</zlocation>
		<size>0.12011719,0.071614586</size>
		<blending>true</blending>
		<mouseMotion>true</mouseMotion>
		<mouseSelection>true</mouseSelection>
		<action type="ACTION_PRESSED" sound="common/war_memorial.wav" />
		<visual type="BUTTON_ACTIVE" texture="gui/main/ks_main_texture_02.png" textureCoordinates="0.00390625,0.04296875,0.48046875,0.21484375" />
		<visual type="BUTTON_INACTIVE" texture="gui/main/ks_main_texture_02.png" textureCoordinates="0.00390625,0.04296875,0.48046875,0.21484375" />
		<visual type="BUTTON_PRESSED" texture="gui/main/ks_main_texture_02.png" textureCoordinates="0.00390625,0.04296875,0.48046875,0.21484375" />
		<visual type="BUTTON_RELEASED" texture="gui/main/ks_main_texture_02.png" textureCoordinates="0.00390625,0.04296875,0.48046875,0.21484375" />
	</widget>
	<widget class="DmglButton" name="button_options">
		<location>0.020507812,0.2109369,BOTTOM_LEFT</location>
		<zlocation>3</zlocation>
		<size>0.7167969,0.052083332</size>
		<blending>true</blending>
		<mouseMotion>true</mouseMotion>
		<mouseSelection>true</mouseSelection>
		<action type="ACTION_PRESSED" sound="common/options_road.wav" />
		<visual type="BUTTON_ACTIVE" texture="gui/main/ks_main_texture_03.png" textureCoordinates="0.0078125,0.1953125,0.171875,0.171875" />
		<visual type="BUTTON_INACTIVE" texture="gui/main/ks_main_texture_03.png" textureCoordinates="0.00390625,0.046875,0.25,0.25" />
		<visual type="BUTTON_PRESSED" texture="gui/main/ks_main_texture_03.png" textureCoordinates="0.00390625,0.046875,0.25,0.25" />
		<visual type="BUTTON_RELEASED" texture="gui/main/ks_main_texture_03.png" textureCoordinates="0.00390625,0.046875,0.25,0.25" />
	</widget>
	<widget class="DmglButton" name="button_quit">
		<location>0.018554688,0.023437815,BOTTOM_LEFT</location>
		<zlocation>3</zlocation>
		<size>0.7207031,0.0390625</size>
		<blending>true</blending>
		<mouseMotion>true</mouseMotion>
		<mouseSelection>true</mouseSelection>
		<action type="ACTION_PRESSED" sound="common/quit_road.wav" />
		<visual type="BUTTON_ACTIVE" texture="gui/main/ks_main_texture_03.png" textureCoordinates="0.0078125,0.1953125,0.171875,0.171875" />
		<visual type="BUTTON_INACTIVE" texture="gui/main/ks_main_texture_03.png" textureCoordinates="0.0078125,0.1953125,0.171875,0.171875" />
		<visual type="BUTTON_PRESSED" texture="gui/main/ks_main_texture_03.png" textureCoordinates="0.0078125,0.1953125,0.171875,0.171875" />
		<visual type="BUTTON_RELEASED" texture="gui/main/ks_main_texture_03.png" textureCoordinates="0.0078125,0.1953125,0.171875,0.171875" />
	</widget>
	<widget class="DmglButton" name="btnLegendMain">
		<location>0.86328125,0.2135417,CENTER</location>
		<zlocation>3</zlocation>
		<size>0.203125,0.045572918</size>
		<blending>true</blending>
		<mouseMotion>true</mouseMotion>
		<mouseSelection>true</mouseSelection>
		<visual type="BUTTON_ACTIVE" texture="gui/common/ks_common_legendbuttons_01.png" textureCoordinates="0.0,0.7265625,0.8125,0.2734375" />
		<visual type="BUTTON_INACTIVE" texture="gui/common/ks_common_legendbuttons_01.png" textureCoordinates="0.0,0.7265625,0.8125,0.2734375" />
		<visual type="BUTTON_PRESSED" texture="gui/common/ks_common_legendbuttons_01.png" textureCoordinates="0.0,0.7265625,0.8125,0.2734375" />
		<visual type="BUTTON_RELEASED" texture="gui/common/ks_common_legendbuttons_01.png" textureCoordinates="0.0,0.7265625,0.8125,0.2734375" />
	</widget>
	<widget class="DmglButton" name="btnLegendReset">
		<location>0.86328125,0.16536462,CENTER</location>
		<zlocation>3</zlocation>
		<size>0.203125,0.045572918</size>
		<blending>true</blending>
		<mouseMotion>true</mouseMotion>
		<mouseSelection>true</mouseSelection>
		<visual type="BUTTON_ACTIVE" texture="gui/common/ks_common_legendbuttons_01.png" textureCoordinates="0.0,0.7265625,0.8125,0.2734375" />
		<visual type="BUTTON_INACTIVE" texture="gui/common/ks_common_legendbuttons_01.png" textureCoordinates="0.0,0.7265625,0.8125,0.2734375" />
		<visual type="BUTTON_PRESSED" texture="gui/common/ks_common_legendbuttons_01.png" textureCoordinates="0.0,0.7265625,0.8125,0.2734375" />
		<visual type="BUTTON_RELEASED" texture="gui/common/ks_common_legendbuttons_01.png" textureCoordinates="0.0,0.7265625,0.8125,0.2734375" />
	</widget>
	<widget class="DmglButton" name="btnLegendCancel">
		<location>0.86328125,0.11848957,CENTER</location>
		<zlocation>3</zlocation>
		<size>0.203125,0.045572918</size>
		<blending>true</blending>
		<mouseMotion>true</mouseMotion>
		<mouseSelection>true</mouseSelection>
		<visual type="BUTTON_ACTIVE" texture="gui/common/ks_common_legendbuttons_01.png" textureCoordinates="0.0,0.7265625,0.8125,0.2734375" />
		<visual type="BUTTON_INACTIVE" texture="gui/common/ks_common_legendbuttons_01.png" textureCoordinates="0.0,0.7265625,0.8125,0.2734375" />
		<visual type="BUTTON_PRESSED" texture="gui/common/ks_common_legendbuttons_01.png" textureCoordinates="0.0,0.7265625,0.8125,0.2734375" />
		<visual type="BUTTON_RELEASED" texture="gui/common/ks_common_legendbuttons_01.png" textureCoordinates="0.0,0.7265625,0.8125,0.2734375" />
	</widget>
	<widget class="DmglButton" name="btnLegendOk">
		<location>0.86328125,0.06901044,CENTER</location>
		<zlocation>3</zlocation>
		<size>0.203125,0.045572918</size>
		<blending>true</blending>
		<mouseMotion>true</mouseMotion>
		<mouseSelection>true</mouseSelection>
		<visual type="BUTTON_ACTIVE" texture="gui/common/ks_common_legendbuttons_01.png" textureCoordinates="0.0,0.7265625,0.8125,0.2734375" />
		<visual type="BUTTON_INACTIVE" texture="gui/common/ks_common_legendbuttons_01.png" textureCoordinates="0.0,0.7265625,0.8125,0.2734375" />
		<visual type="BUTTON_PRESSED" texture="gui/common/ks_common_legendbuttons_01.png" textureCoordinates="0.0,0.7265625,0.8125,0.2734375" />
		<visual type="BUTTON_RELEASED" texture="gui/common/ks_common_legendbuttons_01.png" textureCoordinates="0.0,0.7265625,0.8125,0.2734375" />
	</widget>
	<widget class="DmglLabel" name="lblLocationTitle">
		<label>Le texte correspond</label>
		<location>0.855,0.5516664,CENTER</location>
		<zlocation>1</zlocation>
		<size>0.13476562,0.013020833</size>
		<blending>true</blending>
		<font>ARMYC___.TTF</font>
		<fontScale>0.9</fontScale>
		<fontColor>0.3203125,0.2109375,0.72265625,1.0</fontColor>
	</widget>
	<widget class="DmglLabel" name="lblUrbanists">
		<label>MENU_LEGEND_URBANISTS</label>
		<location>0.77734375,0.3945313,BOTTOM_LEFT</location>
		<zlocation>1</zlocation>
		<size>0.059570312,0.009114583</size>
		<blending>true</blending>
		<font>ARMYC___.TTF</font>
		<fontScale>0.6</fontScale>
		<fontColor>0.3203125,0.2109375,0.72265625,1.0</fontColor>
	</widget>
	<widget class="DmglLabel" name="lblKenny">
		<label>MENU_LEGEND_KENNY</label>
		<location>0.859375,0.39453134,BOTTOM_LEFT</location>
		<zlocation>1</zlocation>
		<size>0.125,0.020833334</size>
		<blending>true</blending>
		<font>ARMYC___.TTF</font>
		<fontScale>0.63</fontScale>
		<fontColor>0.3203125,0.2109375,0.72265625,1.0</fontColor>
	</widget>
	<widget class="DmglLabel" name="lblSpenny">
		<label>MENU_LEGEND_SPENNY</label>
		<location>0.859375,0.37109384,BOTTOM_LEFT</location>
		<zlocation>1</zlocation>
		<size>0.14941406,0.020833334</size>
		<blending>true</blending>
		<font>ARMYC___.TTF</font>
		<fontScale>0.63</fontScale>
		<fontColor>0.3203125,0.2109375,0.72265625,1.0</fontColor>
	</widget>
	<widget class="DmglLabel" name="lblPlanNumber">
		<label>MENU_COMMON_PLAN_NUMBER</label>
		<location>0.859375,0.32812518,CENTER</location>
		<zlocation>1</zlocation>
		<size>0.13183594,0.015625</size>
		<blending>true</blending>
		<font>ARMYC___.TTF</font>
		<fontScale>0.76</fontScale>
		<fontColor>0.3203125,0.2109375,0.72265625,1.0</fontColor>
	</widget>
	<widget class="DmglLabel" name="lblLegend">
		<label>MENU_LEGEND_TITLE</label>
		<location>0.7783203,0.24869782,BOTTOM_LEFT</location>
		<zlocation>1</zlocation>
		<size>0.048828125,0.01171875</size>
		<blending>true</blending>
		<font>ARMYC___.TTF</font>
		<fontScale>0.7</fontScale>
		<fontColor>0.3203125,0.2109375,0.72265625,1.0</fontColor>
	</widget>
	<widget class="DmglLabel" name="lblLegendMain">
		<label>MENU_LEGEND_MAIN</label>
		<location>0.83203125,0.20703171,BOTTOM_LEFT</location>
		<zlocation>1</zlocation>
		<size>0.080078125,0.015625</size>
		<blending>true</blending>
		<font>ARMYC___.TTF</font>
		<fontScale>0.6</fontScale>
		<fontColor>0.3203125,0.2109375,0.72265625,1.0</fontColor>
	</widget>
	<widget class="DmglLabel" name="lblLegendReset">
		<label>MENU_LEGEND_RESET</label>
		<location>0.83203125,0.1588546,BOTTOM_LEFT</location>
		<zlocation>1</zlocation>
		<size>0.0625,0.020833334</size>
		<blending>true</blending>
		<font>ARMYC___.TTF</font>
		<fontScale>0.6</fontScale>
		<fontColor>0.3203125,0.2109375,0.72265625,1.0</fontColor>
	</widget>
	<widget class="DmglLabel" name="lblLegendCancel">
		<label>MENU_LEGEND_CANCEL</label>
		<location>0.83203125,0.11067739,BOTTOM_LEFT</location>
		<zlocation>1</zlocation>
		<size>0.049804688,0.020833334</size>
		<blending>true</blending>
		<font>ARMYC___.TTF</font>
		<fontScale>0.6</fontScale>
		<fontColor>0.3203125,0.2109375,0.72265625,1.0</fontColor>
	</widget>
	<widget class="DmglLabel" name="lblLegendOk">
		<label>MENU_LEGEND_OK</label>
		<location>0.83203125,0.06250028,BOTTOM_LEFT</location>
		<zlocation>1</zlocation>
		<size>0.024414062,0.020833334</size>
		<blending>true</blending>
		<font>ARMYC___.TTF</font>
		<fontScale>0.6</fontScale>
		<fontColor>0.3203125,0.2109375,0.72265625,1.0</fontColor>
	</widget>
</panel>