<panel name="memorial panel">
	<widget class="DmglImage" name="background_01">
		<location>0.0,0.33333334,BOTTOM_LEFT</location>
		<zlocation>6</zlocation>
		<size>0.5,0.6666667</size>
		<blending>false</blending>
		<texture>gui/common/ks_common_background_01.jpg</texture>
		<textureLocation>0.0,0.0</textureLocation>
		<textureSize>1.0,1.0</textureSize>
	</widget>
	<widget class="DmglImage" name="background_02">
		<location>0.5,0.3333335,BOTTOM_LEFT</location>
		<zlocation>6</zlocation>
		<size>0.5,0.6666667</size>
		<blending>false</blending>
		<texture>gui/common/ks_common_background_02.jpg</texture>
		<textureLocation>0.0,0.0</textureLocation>
		<textureSize>1.0,1.0</textureSize>
	</widget>
	<widget class="DmglImage" name="background_03">
		<location>0.0,0.0,BOTTOM_LEFT</location>
		<zlocation>6</zlocation>
		<size>0.5,0.33333334</size>
		<blending>false</blending>
		<texture>gui/common/ks_common_background_03.jpg</texture>
		<textureLocation>0.0,0.0</textureLocation>
		<textureSize>1.0,1.0</textureSize>
	</widget>
	<widget class="DmglImage" name="background_04">
		<location>0.5,0.0,BOTTOM_LEFT</location>
		<zlocation>6</zlocation>
		<size>0.5,0.33333334</size>
		<blending>false</blending>
		<texture>gui/common/ks_common_background_04.jpg</texture>
		<textureLocation>0.0,0.0</textureLocation>
		<textureSize>1.0,1.0</textureSize>
	</widget>
	<widget class="DmglImage" name="line_1">
		<location>0.7763672,0.45703244,BOTTOM_LEFT</location>
		<size>0.16113281,0.083333336</size>
		<blending>true</blending>
		<texture>gui/common/ks_common_line_01.png</texture>
		<textureLocation>0.0,0.0</textureLocation>
		<textureSize>1.0,1.0</textureSize>
	</widget>
	<widget class="DmglImage" name="line_2">
		<location>0.7753906,0.16406244,BOTTOM_LEFT</location>
		<size>0.0546875,0.083333336</size>
		<blending>true</blending>
		<texture>gui/common/ks_common_line_01.png</texture>
		<textureLocation>0.0,0.0</textureLocation>
		<textureSize>1.0,1.0</textureSize>
	</widget>
	<widget class="DmglLabel" name="lblLocationTitle">
		<label>MENU_COMMON_LOCATION_MEMORIAL</label>
		<location>0.855,0.5516664,CENTER</location>
		<size>0.13476562,0.013020833</size>
		<blending>true</blending>
		<font>ARMYC___.TTF</font>
		<fontScale>0.9</fontScale>
		<fontColor>0.3203125,0.2109375,0.72265625,1.0</fontColor>
	</widget>
	<widget class="DmglLabel" name="lblUrbanists">
		<label>MENU_LEGEND_URBANISTS</label>
		<location>0.77734375,0.3945313,BOTTOM_LEFT</location>
		<size>0.059570312,0.009114583</size>
		<blending>true</blending>
		<font>ARMYC___.TTF</font>
		<fontScale>0.6</fontScale>
		<fontColor>0.3203125,0.2109375,0.72265625,1.0</fontColor>
	</widget>
	<widget class="DmglLabel" name="lblKenny">
		<label>MENU_LEGEND_KENNY</label>
		<location>0.859375,0.39453134,BOTTOM_LEFT</location>
		<zlocation>2</zlocation>
		<size>0.125,0.020833334</size>
		<blending>true</blending>
		<font>ARMYC___.TTF</font>
		<fontScale>0.63</fontScale>
		<fontColor>0.3203125,0.2109375,0.72265625,1.0</fontColor>
	</widget>
	<widget class="DmglLabel" name="lblSpenny">
		<label>MENU_LEGEND_SPENNY</label>
		<location>0.859375,0.37109384,BOTTOM_LEFT</location>
		<zlocation>2</zlocation>
		<size>0.14941406,0.020833334</size>
		<blending>true</blending>
		<font>ARMYC___.TTF</font>
		<fontScale>0.63</fontScale>
		<fontColor>0.3203125,0.2109375,0.72265625,1.0</fontColor>
	</widget>
	<widget class="DmglLabel" name="lblPlanNumber">
		<label>MENU_COMMON_PLAN_NUMBER</label>
		<location>0.859375,0.32812518,CENTER</location>
		<zlocation>2</zlocation>
		<size>0.13183594,0.015625</size>
		<blending>true</blending>
		<font>ARMYC___.TTF</font>
		<fontScale>0.76</fontScale>
		<fontColor>0.3203125,0.2109375,0.72265625,1.0</fontColor>
	</widget>
	<widget class="DmglLabel" name="lblLegend">
		<label>MENU_LEGEND_TITLE</label>
		<location>0.7783203,0.24869782,BOTTOM_LEFT</location>
		<size>0.048828125,0.01171875</size>
		<blending>true</blending>
		<font>ARMYC___.TTF</font>
		<fontScale>0.7</fontScale>
		<fontColor>0.3203125,0.2109375,0.72265625,1.0</fontColor>
	</widget>
	<widget class="DmglImage" name="image_map_wasteball">
		<location>0.7363281,0.52473986,BOTTOM_LEFT</location>
		<size>0.25,0.33333334</size>
		<blending>true</blending>
		<texture>gui/common/ks_common_wasteball_01.png</texture>
		<textureLocation>0.0,0.0</textureLocation>
		<textureSize>1.0,1.0</textureSize>
	</widget>
	<widget class="DmglImage" name="image_map_cemetery">
		<location>0.7363281,0.5247396,BOTTOM_LEFT</location>
		<size>0.25,0.33333334</size>
		<blending>true</blending>
		<texture>gui/common/ks_common_loser_01.png</texture>
		<textureLocation>0.0,0.0</textureLocation>
		<textureSize>1.0,1.0</textureSize>
	</widget>
	<widget class="DmglImage" name="image_map_market">
		<location>0.7363281,0.524739,BOTTOM_LEFT</location>
		<size>0.25,0.33333334</size>
		<blending>true</blending>
		<texture>gui/common/ks_common_market_01.png</texture>
		<textureLocation>0.0,0.0</textureLocation>
		<textureSize>1.0,1.0</textureSize>
	</widget>

	<widget class="DmglImage" name="plan_01">
		<location>0.7363281,0.524739,BOTTOM_LEFT</location>
		<zlocation>6</zlocation>
		<size>0.25,0.33333334</size>
		<blending>true</blending>
		<texture>gui/common/ks_common_memorial_01.png</texture>
		<textureLocation>0.0,0.0</textureLocation>
		<textureSize>1.0,1.0</textureSize>
	</widget>
	<widget class="DmglImage" name="short arrow 1">
		<location>0.16699219,0.82812196,BOTTOM_LEFT</location>
		<zlocation>6</zlocation>
		<size>0.17871094,0.014322917</size>
		<blending>true</blending>
		<texture>gui/memorial/ks_memorial_texture_06.png</texture>
		<textureLocation>0.00390625,0.53515625</textureLocation>
		<textureSize>0.71484375,0.04296875</textureSize>
	</widget>
	<widget class="DmglImage" name="short arrow 2">
		<location>0.34375,0.8281245,BOTTOM_LEFT</location>
		<zlocation>6</zlocation>
		<size>0.17773438,0.014322917</size>
		<blending>true</blending>
		<texture>gui/memorial/ks_memorial_texture_06.png</texture>
		<textureLocation>0.00390625,0.48828125</textureLocation>
		<textureSize>0.7109375,0.04296875</textureSize>
	</widget>
	<widget class="DmglImage" name="long arrow 1">
		<location>0.16699219,0.34635404,BOTTOM_LEFT</location>
		<zlocation>6</zlocation>
		<size>0.20410156,0.014322917</size>
		<blending>true</blending>
		<texture>gui/memorial/ks_memorial_texture_06.png</texture>
		<textureLocation>0.00390625,0.44140625</textureLocation>
		<textureSize>0.81640625,0.04296875</textureSize>
	</widget>
	<widget class="DmglImage" name="long arrow 2">
		<location>0.36914062,0.3463545,BOTTOM_LEFT</location>
		<zlocation>6</zlocation>
		<size>0.20410156,0.014322917</size>
		<blending>true</blending>
		<texture>gui/memorial/ks_memorial_texture_06.png</texture>
		<textureLocation>0.00390625,0.39453125</textureLocation>
		<textureSize>0.81640625,0.04296875</textureSize>
	</widget>


	<widget class="DmglButton" name="mdlAssistant">
		<location>0.65625,0.70963556,CENTER</location>
		<zlocation>3</zlocation>
		<size>0.061523438,0.1484375</size>
		<blending>true</blending>
		<mouseMotion>true</mouseMotion>
		<mouseSelection>true</mouseSelection>
		<visual type="BUTTON_INACTIVE" texture="gui/memorial/ks_memorial_texture_04.png" textureCoordinates="0.50390625,0.0234375,0.24609375,0.4453125" />
		<visual type="BUTTON_RELEASED" texture="gui/memorial/ks_memorial_texture_01.png" textureCoordinates="0.70703125,0.0625,0.24609375,0.4453125" />
		<visual type="BUTTON_PRESSED" texture="gui/memorial/ks_memorial_medal_04.png" textureCoordinates="0.0,0.0,1.0,1.0" />
		<visual type="BUTTON_ACTIVE" texture="gui/memorial/ks_memorial_medal_04.png" textureCoordinates="0.0,0.0,1.0,1.0" />
	</widget>
	<widget class="DmglButton" name="mdlChatterbox">
		<location>0.59375,0.7096352,CENTER</location>
		<zlocation>3</zlocation>
		<size>0.061523438,0.1484375</size>
		<blending>true</blending>
		<mouseMotion>true</mouseMotion>
		<mouseSelection>true</mouseSelection>
		<visual type="BUTTON_INACTIVE" texture="gui/memorial/ks_memorial_texture_04.png" textureCoordinates="0.50390625,0.0234375,0.24609375,0.4453125" />
		<visual type="BUTTON_RELEASED" texture="gui/memorial/ks_memorial_texture_02.png" textureCoordinates="0.50390625,0.0234375,0.24609375,0.4453125" />
		<visual type="BUTTON_ACTIVE" texture="gui/memorial/ks_memorial_medal_04.png" textureCoordinates="0.0,0.0,1.0,1.0" />
		<visual type="BUTTON_PRESSED" texture="gui/memorial/ks_memorial_medal_04.png" textureCoordinates="0.0,0.0,1.0,1.0" />
	</widget>
	<widget class="DmglButton" name="mdlHitman">
		<location>0.53125,0.7096352,CENTER</location>
		<zlocation>3</zlocation>
		<size>0.061523438,0.1484375</size>
		<blending>true</blending>
		<mouseMotion>true</mouseMotion>
		<mouseSelection>true</mouseSelection>
		<visual type="BUTTON_INACTIVE" texture="gui/memorial/ks_memorial_texture_04.png" textureCoordinates="0.50390625,0.0234375,0.24609375,0.4453125" />
		<visual type="BUTTON_RELEASED" texture="gui/memorial/ks_memorial_texture_03.png" textureCoordinates="0.50390625,0.0234375,0.24609375,0.4453125" />
		<visual type="BUTTON_ACTIVE" texture="gui/memorial/ks_memorial_medal_04.png" textureCoordinates="0.0,0.0,1.0,1.0" />
		<visual type="BUTTON_PRESSED" texture="gui/memorial/ks_memorial_medal_04.png" textureCoordinates="0.0,0.0,1.0,1.0" />
	</widget>
	<widget class="DmglButton" name="mdlContaminator">
		<location>0.46777344,0.7096351,CENTER</location>
		<zlocation>3</zlocation>
		<size>0.061523438,0.1484375</size>
		<blending>true</blending>
		<mouseMotion>true</mouseMotion>
		<mouseSelection>true</mouseSelection>
		<visual type="BUTTON_INACTIVE" texture="gui/memorial/ks_memorial_texture_04.png" textureCoordinates="0.50390625,0.0234375,0.24609375,0.4453125" />
		<visual type="BUTTON_RELEASED" texture="gui/memorial/ks_memorial_texture_04.png" textureCoordinates="0.58203125,0.55078125,0.24609375,0.4453125" />
		<visual type="BUTTON_ACTIVE" texture="gui/memorial/ks_memorial_medal_04.png" textureCoordinates="0.0,0.0,1.0,1.0" />
		<visual type="BUTTON_PRESSED" texture="gui/memorial/ks_memorial_medal_04.png" textureCoordinates="0.0,0.0,1.0,1.0" />
	</widget>
	<widget class="DmglButton" name="mdlPumpkinSmasher">
		<location>0.46875,0.5117187,CENTER</location>
		<zlocation>3</zlocation>
		<size>0.061523438,0.1484375</size>
		<blending>true</blending>
		<mouseMotion>true</mouseMotion>
		<mouseSelection>true</mouseSelection>
		<visual type="BUTTON_INACTIVE" texture="gui/memorial/ks_memorial_texture_04.png" textureCoordinates="0.50390625,0.0234375,0.24609375,0.4453125" />
		<visual type="BUTTON_RELEASED" texture="gui/memorial/ks_memorial_texture_02.png" textureCoordinates="0.00390625,0.0234375,0.24609375,0.4453125" />
		<visual type="BUTTON_ACTIVE" texture="gui/memorial/ks_memorial_medal_04.png" textureCoordinates="0.0,0.0,1.0,1.0" />
		<visual type="BUTTON_PRESSED" texture="gui/memorial/ks_memorial_medal_04.png" textureCoordinates="0.0,0.0,1.0,1.0" />
	</widget>
	<widget class="DmglButton" name="mdlPartyPooper">
		<location>0.53222656,0.5117186,CENTER</location>
		<zlocation>3</zlocation>
		<size>0.061523438,0.1484375</size>
		<blending>true</blending>
		<mouseMotion>true</mouseMotion>
		<mouseSelection>true</mouseSelection>
		<visual type="BUTTON_INACTIVE" texture="gui/memorial/ks_memorial_texture_04.png" textureCoordinates="0.50390625,0.0234375,0.24609375,0.4453125" />
		<visual type="BUTTON_RELEASED" texture="gui/memorial/ks_memorial_texture_02.png" textureCoordinates="0.25390625,0.0234375,0.24609375,0.4453125" />
		<visual type="BUTTON_ACTIVE" texture="gui/memorial/ks_memorial_medal_04.png" textureCoordinates="0.0,0.0,1.0,1.0" />
		<visual type="BUTTON_PRESSED" texture="gui/memorial/ks_memorial_medal_04.png" textureCoordinates="0.0,0.0,1.0,1.0" />
	</widget>
	<widget class="DmglButton" name="mdlNeatFreak">
		<location>0.59472656,0.5117186,CENTER</location>
		<zlocation>3</zlocation>
		<size>0.061523438,0.1484375</size>
		<blending>true</blending>
		<mouseMotion>true</mouseMotion>
		<mouseSelection>true</mouseSelection>
		<visual type="BUTTON_INACTIVE" texture="gui/memorial/ks_memorial_texture_04.png" textureCoordinates="0.50390625,0.0234375,0.24609375,0.4453125" />
		<visual type="BUTTON_RELEASED" texture="gui/memorial/ks_memorial_texture_03.png" textureCoordinates="0.25390625,0.0234375,0.24609375,0.4453125" />
		<visual type="BUTTON_ACTIVE" texture="gui/memorial/ks_memorial_medal_04.png" textureCoordinates="0.0,0.0,1.0,1.0" />
		<visual type="BUTTON_PRESSED" texture="gui/memorial/ks_memorial_medal_04.png" textureCoordinates="0.0,0.0,1.0,1.0" />
	</widget>
	<widget class="DmglButton" name="mdlSniper">
		<location>0.65722656,0.5117186,CENTER</location>
		<zlocation>3</zlocation>
		<size>0.061523438,0.1484375</size>
		<blending>true</blending>
		<mouseMotion>true</mouseMotion>
		<mouseSelection>true</mouseSelection>
		<visual type="BUTTON_INACTIVE" texture="gui/memorial/ks_memorial_texture_04.png" textureCoordinates="0.50390625,0.0234375,0.24609375,0.4453125" />
		<visual type="BUTTON_RELEASED" texture="gui/memorial/ks_memorial_texture_03.png" textureCoordinates="0.00390625,0.0234375,0.24609375,0.4453125" />
		<visual type="BUTTON_ACTIVE" texture="gui/memorial/ks_memorial_medal_04.png" textureCoordinates="0.0,0.0,1.0,1.0" />
		<visual type="BUTTON_PRESSED" texture="gui/memorial/ks_memorial_medal_04.png" textureCoordinates="0.0,0.0,1.0,1.0" />
	</widget>
	<widget class="DmglButton" name="mdlShoppingSpree">
		<location>0.33984375,0.6966134,CENTER</location>
		<zlocation>3</zlocation>
		<size>0.07128906,0.17447917</size>
		<blending>true</blending>
		<mouseMotion>true</mouseMotion>
		<mouseSelection>true</mouseSelection>
		<visual type="BUTTON_INACTIVE" texture="gui/memorial/ks_memorial_texture_04.png" textureCoordinates="0.29296875,0.47265625,0.28515625,0.5234375" />
		<visual type="BUTTON_RELEASED" texture="gui/memorial/ks_memorial_texture_04.png" textureCoordinates="0.00390625,0.47265625,0.28515625,0.5234375" />
		<visual type="BUTTON_ACTIVE" texture="gui/memorial/ks_memorial_medal_03.png" textureCoordinates="0.0,0.0,1.0,1.0" />
		<visual type="BUTTON_PRESSED" texture="gui/memorial/ks_memorial_medal_03.png" textureCoordinates="0.0,0.0,1.0,1.0" />
	</widget>
	<widget class="DmglButton" name="mdlExpressCheckout">
		<location>0.4033203,0.6966132,CENTER</location>
		<zlocation>3</zlocation>
		<size>0.07128906,0.17447917</size>
		<blending>true</blending>
		<mouseMotion>true</mouseMotion>
		<mouseSelection>true</mouseSelection>
		<visual type="BUTTON_INACTIVE" texture="gui/memorial/ks_memorial_texture_04.png" textureCoordinates="0.29296875,0.47265625,0.28515625,0.5234375" />
		<visual type="BUTTON_RELEASED" texture="gui/memorial/ks_memorial_texture_03.png" textureCoordinates="0.58203125,0.47265625,0.28515625,0.5234375" />
		<visual type="BUTTON_ACTIVE" texture="gui/memorial/ks_memorial_medal_03.png" textureCoordinates="0.0,0.0,1.0,1.0" />
		<visual type="BUTTON_PRESSED" texture="gui/memorial/ks_memorial_medal_03.png" textureCoordinates="0.0,0.0,1.0,1.0" />
	</widget>
	<widget class="DmglButton" name="mdlComebackKing">
		<location>0.33984375,0.4986979,CENTER</location>
		<zlocation>3</zlocation>
		<size>0.07128906,0.17447917</size>
		<blending>true</blending>
		<mouseMotion>true</mouseMotion>
		<mouseSelection>true</mouseSelection>
		<visual type="BUTTON_INACTIVE" texture="gui/memorial/ks_memorial_texture_04.png" textureCoordinates="0.29296875,0.47265625,0.28515625,0.5234375" />
		<visual type="BUTTON_RELEASED" texture="gui/memorial/ks_memorial_texture_03.png" textureCoordinates="0.29296875,0.47265625,0.28515625,0.5234375" />
		<visual type="BUTTON_ACTIVE" texture="gui/memorial/ks_memorial_medal_03.png" textureCoordinates="0.0,0.0,1.0,1.0" />
		<visual type="BUTTON_PRESSED" texture="gui/memorial/ks_memorial_medal_03.png" textureCoordinates="0.0,0.0,1.0,1.0" />
	</widget>
	<widget class="DmglButton" name="mdlHonestRoller">
		<location>0.4033203,0.4986975,CENTER</location>
		<zlocation>3</zlocation>
		<size>0.07128906,0.17447917</size>
		<blending>true</blending>
		<mouseMotion>true</mouseMotion>
		<mouseSelection>true</mouseSelection>
		<visual type="BUTTON_INACTIVE" texture="gui/memorial/ks_memorial_texture_04.png" textureCoordinates="0.29296875,0.47265625,0.28515625,0.5234375" />
		<visual type="BUTTON_RELEASED" texture="gui/memorial/ks_memorial_texture_03.png" textureCoordinates="0.00390625,0.47265625,0.28515625,0.5234375" />
		<visual type="BUTTON_ACTIVE" texture="gui/memorial/ks_memorial_medal_03.png" textureCoordinates="0.0,0.0,1.0,1.0" />
		<visual type="BUTTON_PRESSED" texture="gui/memorial/ks_memorial_medal_03.png" textureCoordinates="0.0,0.0,1.0,1.0" />
	</widget>
	<widget class="DmglButton" name="mdlLemming">
		<location>0.56347656,0.22786278,CENTER</location>
		<zlocation>3</zlocation>
		<size>0.061523438,0.1484375</size>
		<blending>true</blending>
		<mouseMotion>true</mouseMotion>
		<mouseSelection>true</mouseSelection>
		<visual type="BUTTON_INACTIVE" texture="gui/memorial/ks_memorial_texture_04.png" textureCoordinates="0.50390625,0.0234375,0.24609375,0.4453125" />
		<visual type="BUTTON_RELEASED" texture="gui/memorial/ks_memorial_texture_04.png" textureCoordinates="0.00390625,0.0234375,0.24609375,0.4453125" />
		<visual type="BUTTON_ACTIVE" texture="gui/memorial/ks_memorial_medal_04.png" textureCoordinates="0.0,0.0,1.0,1.0" />
		<visual type="BUTTON_PRESSED" texture="gui/memorial/ks_memorial_medal_04.png" textureCoordinates="0.0,0.0,1.0,1.0" />
	</widget>
	<widget class="DmglButton" name="mdlBedWetter">
		<location>0.62597656,0.22786278,CENTER</location>
		<zlocation>3</zlocation>
		<size>0.061523438,0.1484375</size>
		<blending>true</blending>
		<mouseMotion>true</mouseMotion>
		<mouseSelection>true</mouseSelection>
		<visual type="BUTTON_INACTIVE" texture="gui/memorial/ks_memorial_texture_04.png" textureCoordinates="0.50390625,0.0234375,0.24609375,0.4453125" />
		<visual type="BUTTON_RELEASED" texture="gui/memorial/ks_memorial_texture_04.png" textureCoordinates="0.25390625,0.0234375,0.24609375,0.4453125" />
		<visual type="BUTTON_ACTIVE" texture="gui/memorial/ks_memorial_medal_04.png" textureCoordinates="0.0,0.0,1.0,1.0" />
		<visual type="BUTTON_PRESSED" texture="gui/memorial/ks_memorial_medal_04.png" textureCoordinates="0.0,0.0,1.0,1.0" />
	</widget>
	<widget class="DmglButton" name="mdlGranny">
		<location>0.3720703,0.21484204,CENTER</location>
		<zlocation>3</zlocation>
		<size>0.07128906,0.17447917</size>
		<blending>true</blending>
		<mouseMotion>true</mouseMotion>
		<mouseSelection>true</mouseSelection>
		<visual type="BUTTON_INACTIVE" texture="gui/memorial/ks_memorial_texture_04.png" textureCoordinates="0.29296875,0.47265625,0.28515625,0.5234375" />
		<visual type="BUTTON_RELEASED" texture="gui/memorial/ks_memorial_texture_02.png" textureCoordinates="0.58203125,0.47265625,0.28515625,0.5234375" />
		<visual type="BUTTON_ACTIVE" texture="gui/memorial/ks_memorial_medal_03.png" textureCoordinates="0.0,0.0,1.0,1.0" />
		<visual type="BUTTON_PRESSED" texture="gui/memorial/ks_memorial_medal_03.png" textureCoordinates="0.0,0.0,1.0,1.0" />
	</widget>
	<widget class="DmglButton" name="mdlCouponCutter">
		<location>0.43554688,0.21484199,CENTER</location>
		<zlocation>3</zlocation>
		<size>0.07128906,0.17447917</size>
		<blending>true</blending>
		<mouseMotion>true</mouseMotion>
		<mouseSelection>true</mouseSelection>
		<visual type="BUTTON_INACTIVE" texture="gui/memorial/ks_memorial_texture_04.png" textureCoordinates="0.29296875,0.47265625,0.28515625,0.5234375" />
		<visual type="BUTTON_RELEASED" texture="gui/memorial/ks_memorial_texture_02.png" textureCoordinates="0.29296875,0.47265625,0.28515625,0.5234375" />
		<visual type="BUTTON_ACTIVE" texture="gui/memorial/ks_memorial_medal_03.png" textureCoordinates="0.0,0.0,1.0,1.0" />
		<visual type="BUTTON_PRESSED" texture="gui/memorial/ks_memorial_medal_03.png" textureCoordinates="0.0,0.0,1.0,1.0" />
	</widget>
	<widget class="DmglButton" name="mdlSundayDriver">
		<location>0.49902344,0.21484199,CENTER</location>
		<zlocation>3</zlocation>
		<size>0.07128906,0.17447917</size>
		<blending>true</blending>
		<mouseMotion>true</mouseMotion>
		<mouseSelection>true</mouseSelection>
		<visual type="BUTTON_INACTIVE" texture="gui/memorial/ks_memorial_texture_04.png" textureCoordinates="0.29296875,0.47265625,0.28515625,0.5234375" />
		<visual type="BUTTON_RELEASED" texture="gui/memorial/ks_memorial_texture_02.png" textureCoordinates="0.00390625,0.47265625,0.28515625,0.5234375" />
		<visual type="BUTTON_ACTIVE" texture="gui/memorial/ks_memorial_medal_03.png" textureCoordinates="0.0,0.0,1.0,1.0" />
		<visual type="BUTTON_PRESSED" texture="gui/memorial/ks_memorial_medal_03.png" textureCoordinates="0.0,0.0,1.0,1.0" />
	</widget>
	<widget class="DmglButton" name="mdlCerebellum">
		<location>0.21289062,0.705726,CENTER</location>
		<zlocation>3</zlocation>
		<size>0.053710938,0.15625</size>
		<blending>true</blending>
		<mouseMotion>true</mouseMotion>
		<mouseSelection>true</mouseSelection>
		<visual type="BUTTON_INACTIVE" texture="gui/memorial/ks_memorial_texture_05.png" textureCoordinates="0.44140625,0.0546875,0.21484375,0.46875" />
		<visual type="BUTTON_RELEASED" texture="gui/memorial/ks_memorial_texture_05.png" textureCoordinates="0.66015625,0.52734375,0.21484375,0.46875" />
		<visual type="BUTTON_ACTIVE" texture="gui/memorial/ks_memorial_medal_02.png" textureCoordinates="0.0,0.0,1.0,1.0" />
		<visual type="BUTTON_PRESSED" texture="gui/memorial/ks_memorial_medal_02.png" textureCoordinates="0.0,0.0,1.0,1.0" />
	</widget>
	<widget class="DmglButton" name="mdlEctoplasmExpert">
		<location>0.27539062,0.705726,CENTER</location>
		<zlocation>3</zlocation>
		<size>0.053710938,0.15625</size>
		<blending>true</blending>
		<mouseMotion>true</mouseMotion>
		<mouseSelection>true</mouseSelection>
		<visual type="BUTTON_INACTIVE" texture="gui/memorial/ks_memorial_texture_05.png" textureCoordinates="0.44140625,0.0546875,0.21484375,0.46875" />
		<visual type="BUTTON_RELEASED" texture="gui/memorial/ks_memorial_texture_05.png" textureCoordinates="0.44140625,0.52734375,0.21484375,0.46875" />
		<visual type="BUTTON_ACTIVE" texture="gui/memorial/ks_memorial_medal_02.png" textureCoordinates="0.0,0.0,1.0,1.0" />
		<visual type="BUTTON_PRESSED" texture="gui/memorial/ks_memorial_medal_02.png" textureCoordinates="0.0,0.0,1.0,1.0" />
	</widget>
	<widget class="DmglButton" name="mdlNogginStuffer">
		<location>0.21289062,0.5078124,CENTER</location>
		<zlocation>3</zlocation>
		<size>0.053710938,0.15625</size>
		<blending>true</blending>
		<mouseMotion>true</mouseMotion>
		<mouseSelection>true</mouseSelection>
		<visual type="BUTTON_INACTIVE" texture="gui/memorial/ks_memorial_texture_05.png" textureCoordinates="0.44140625,0.0546875,0.21484375,0.46875" />
		<visual type="BUTTON_RELEASED" texture="gui/memorial/ks_memorial_texture_05.png" textureCoordinates="0.22265625,0.52734375,0.21484375,0.46875" />
		<visual type="BUTTON_ACTIVE" texture="gui/memorial/ks_memorial_medal_02.png" textureCoordinates="0.0,0.0,1.0,1.0" />
		<visual type="BUTTON_PRESSED" texture="gui/memorial/ks_memorial_medal_02.png" textureCoordinates="0.0,0.0,1.0,1.0" />
	</widget>
	<widget class="DmglButton" name="mdlHowitzerArm">
		<location>0.27539062,0.5078124,CENTER</location>
		<zlocation>3</zlocation>
		<size>0.053710938,0.15625</size>
		<blending>true</blending>
		<mouseMotion>true</mouseMotion>
		<mouseSelection>true</mouseSelection>
		<visual type="BUTTON_INACTIVE" texture="gui/memorial/ks_memorial_texture_05.png" textureCoordinates="0.44140625,0.0546875,0.21484375,0.46875" />
		<visual type="BUTTON_RELEASED" texture="gui/memorial/ks_memorial_texture_05.png" textureCoordinates="0.00390625,0.52734375,0.21484375,0.46875" />
		<visual type="BUTTON_ACTIVE" texture="gui/memorial/ks_memorial_medal_02.png" textureCoordinates="0.0,0.0,1.0,1.0" />
		<visual type="BUTTON_PRESSED" texture="gui/memorial/ks_memorial_medal_02.png" textureCoordinates="0.0,0.0,1.0,1.0" />
	</widget>
	<widget class="DmglButton" name="mdlCryptCoward">
		<location>0.24414062,0.22395653,CENTER</location>
		<zlocation>3</zlocation>
		<size>0.053710938,0.15625</size>
		<blending>true</blending>
		<mouseMotion>true</mouseMotion>
		<mouseSelection>true</mouseSelection>
		<visual type="BUTTON_INACTIVE" texture="gui/memorial/ks_memorial_texture_05.png" textureCoordinates="0.44140625,0.0546875,0.21484375,0.46875" />
		<visual type="BUTTON_RELEASED" texture="gui/memorial/ks_memorial_texture_05.png" textureCoordinates="0.00390625,0.0546875,0.21484375,0.46875" />
		<visual type="BUTTON_ACTIVE" texture="gui/memorial/ks_memorial_medal_02.png" textureCoordinates="0.0,0.0,1.0,1.0" />
		<visual type="BUTTON_PRESSED" texture="gui/memorial/ks_memorial_medal_02.png" textureCoordinates="0.0,0.0,1.0,1.0" />
	</widget>
	<widget class="DmglButton" name="mdlLimpWrist">
		<location>0.30664062,0.22395654,CENTER</location>
		<zlocation>3</zlocation>
		<size>0.053710938,0.15625</size>
		<blending>true</blending>
		<mouseMotion>true</mouseMotion>
		<mouseSelection>true</mouseSelection>
		<visual type="BUTTON_INACTIVE" texture="gui/memorial/ks_memorial_texture_05.png" textureCoordinates="0.44140625,0.0546875,0.21484375,0.46875" />
		<visual type="BUTTON_RELEASED" texture="gui/memorial/ks_memorial_texture_05.png" textureCoordinates="0.22265625,0.0546875,0.21484375,0.46875" />
		<visual type="BUTTON_ACTIVE" texture="gui/memorial/ks_memorial_medal_02.png" textureCoordinates="0.0,0.0,1.0,1.0" />
		<visual type="BUTTON_PRESSED" texture="gui/memorial/ks_memorial_medal_02.png" textureCoordinates="0.0,0.0,1.0,1.0" />
	</widget>
	<widget class="DmglButton" name="mdlElectrician">
		<location>0.091796875,0.7031219,CENTER</location>
		<zlocation>3</zlocation>
		<size>0.057617188,0.16145833</size>
		<blending>true</blending>
		<mouseMotion>true</mouseMotion>
		<mouseSelection>true</mouseSelection>
		<visual type="BUTTON_INACTIVE" texture="gui/memorial/ks_memorial_texture_01.png" textureCoordinates="0.00390625,0.51171875,0.23046875,0.484375" />
		<visual type="BUTTON_RELEASED" texture="gui/memorial/ks_memorial_texture_01.png" textureCoordinates="0.23828125,0.51171875,0.23046875,0.484375" />
		<visual type="BUTTON_ACTIVE" texture="gui/memorial/ks_memorial_medal_01.png" textureCoordinates="0.0,0.0,1.0,1.0" />
		<visual type="BUTTON_PRESSED" texture="gui/memorial/ks_memorial_medal_01.png" textureCoordinates="0.0,0.0,1.0,1.0" />
	</widget>
	<widget class="DmglButton" name="mdlDenisMenace">
		<location>0.15429688,0.7031219,CENTER</location>
		<zlocation>3</zlocation>
		<size>0.057617188,0.16145833</size>
		<blending>true</blending>
		<mouseMotion>true</mouseMotion>
		<mouseSelection>true</mouseSelection>
		<visual type="BUTTON_INACTIVE" texture="gui/memorial/ks_memorial_texture_01.png" textureCoordinates="0.00390625,0.51171875,0.23046875,0.484375" />
		<visual type="BUTTON_RELEASED" texture="gui/memorial/ks_memorial_texture_01.png" textureCoordinates="0.47265625,0.51171875,0.23046875,0.484375" />
		<visual type="BUTTON_ACTIVE" texture="gui/memorial/ks_memorial_medal_01.png" textureCoordinates="0.0,0.0,1.0,1.0" />
		<visual type="BUTTON_PRESSED" texture="gui/memorial/ks_memorial_medal_01.png" textureCoordinates="0.0,0.0,1.0,1.0" />
	</widget>
	<widget class="DmglButton" name="mdlSlipperyEel">
		<location>0.091796875,0.50520825,CENTER</location>
		<zlocation>3</zlocation>
		<size>0.057617188,0.16145833</size>
		<blending>true</blending>
		<mouseMotion>true</mouseMotion>
		<mouseSelection>true</mouseSelection>
		<visual type="BUTTON_INACTIVE" texture="gui/memorial/ks_memorial_texture_01.png" textureCoordinates="0.00390625,0.51171875,0.23046875,0.484375" />
		<visual type="BUTTON_RELEASED" texture="gui/memorial/ks_memorial_texture_01.png" textureCoordinates="0.70703125,0.51171875,0.23046875,0.484375" />
		<visual type="BUTTON_ACTIVE" texture="gui/memorial/ks_memorial_medal_01.png" textureCoordinates="0.0,0.0,1.0,1.0" />
		<visual type="BUTTON_PRESSED" texture="gui/memorial/ks_memorial_medal_01.png" textureCoordinates="0.0,0.0,1.0,1.0" />
	</widget>
	<widget class="DmglButton" name="mdlSpeedyShadow">
		<location>0.15429688,0.50520825,CENTER</location>
		<zlocation>3</zlocation>
		<size>0.057617188,0.16145833</size>
		<blending>true</blending>
		<mouseMotion>true</mouseMotion>
		<mouseSelection>true</mouseSelection>
		<visual type="BUTTON_INACTIVE" texture="gui/memorial/ks_memorial_texture_01.png" textureCoordinates="0.00390625,0.51171875,0.23046875,0.484375" />
		<visual type="BUTTON_RELEASED" texture="gui/memorial/ks_memorial_texture_01.png" textureCoordinates="0.00390625,0.0234375,0.23046875,0.484375" />
		<visual type="BUTTON_ACTIVE" texture="gui/memorial/ks_memorial_medal_01.png" textureCoordinates="0.0,0.0,1.0,1.0" />
		<visual type="BUTTON_PRESSED" texture="gui/memorial/ks_memorial_medal_01.png" textureCoordinates="0.0,0.0,1.0,1.0" />
	</widget>
	<widget class="DmglButton" name="mdlHamperHampered">
		<location>0.123046875,0.22135238,CENTER</location>
		<zlocation>3</zlocation>
		<size>0.057617188,0.16145833</size>
		<blending>true</blending>
		<mouseMotion>true</mouseMotion>
		<mouseSelection>true</mouseSelection>
		<visual type="BUTTON_INACTIVE" texture="gui/memorial/ks_memorial_texture_01.png" textureCoordinates="0.00390625,0.51171875,0.23046875,0.484375" />
		<visual type="BUTTON_RELEASED" texture="gui/memorial/ks_memorial_texture_01.png" textureCoordinates="0.23828125,0.0234375,0.23046875,0.484375" />
		<visual type="BUTTON_ACTIVE" texture="gui/memorial/ks_memorial_medal_01.png" textureCoordinates="0.0,0.0,1.0,1.0" />
		<visual type="BUTTON_PRESSED" texture="gui/memorial/ks_memorial_medal_01.png" textureCoordinates="0.0,0.0,1.0,1.0" />
	</widget>
	<widget class="DmglButton" name="mdlVandal">
		<location>0.18554688,0.22135238,CENTER</location>
		<zlocation>3</zlocation>
		<size>0.057617188,0.16145833</size>
		<blending>true</blending>
		<mouseMotion>true</mouseMotion>
		<mouseSelection>true</mouseSelection>
		<visual type="BUTTON_INACTIVE" texture="gui/memorial/ks_memorial_texture_01.png" textureCoordinates="0.00390625,0.51171875,0.23046875,0.484375" />
		<visual type="BUTTON_RELEASED" texture="gui/memorial/ks_memorial_texture_01.png" textureCoordinates="0.47265625,0.0234375,0.23046875,0.484375" />
		<visual type="BUTTON_ACTIVE" texture="gui/memorial/ks_memorial_medal_01.png" textureCoordinates="0.0,0.0,1.0,1.0" />
		<visual type="BUTTON_PRESSED" texture="gui/memorial/ks_memorial_medal_01.png" textureCoordinates="0.0,0.0,1.0,1.0" />
	</widget>
	<widget class="DmglButton" name="mdlUnderpants">
		<location>0.6152344,0.35807183,CENTER</location>
		<zlocation>3</zlocation>
		<size>0.055664062,0.07421875</size>
		<blending>true</blending>
		<mouseMotion>true</mouseMotion>
		<mouseSelection>true</mouseSelection>
		<visual type="BUTTON_INACTIVE" texture="gui/memorial/ks_memorial_texture_06.png" textureCoordinates="0.23046875,0.7734375,0.22265625,0.22265625" />
		<visual type="BUTTON_RELEASED" texture="gui/memorial/ks_memorial_texture_06.png" textureCoordinates="0.00390625,0.7734375,0.22265625,0.22265625" />
		<visual type="BUTTON_ACTIVE" texture="gui/memorial/ks_memorial_underpants_01.png" textureCoordinates="0.0,0.0,1.0,1.0" />
		<visual type="BUTTON_PRESSED" texture="gui/memorial/ks_memorial_underpants_01.png" textureCoordinates="0.0,0.0,1.0,1.0" />
	</widget>
	<widget class="DmglButton" name="mdlKey">
		<location>0.6015625,0.8359324,CENTER</location>
		<zlocation>3</zlocation>
		<size>0.13183594,0.0625</size>
		<blending>true</blending>
		<mouseMotion>true</mouseMotion>
		<mouseSelection>true</mouseSelection>
		<visual type="BUTTON_INACTIVE" texture="gui/memorial/ks_memorial_texture_06.png" textureCoordinates="0.00390625,0.58203125,0.52734375,0.1875" />
		<visual type="BUTTON_RELEASED" texture="gui/memorial/ks_memorial_texture_06.png" textureCoordinates="0.45703125,0.80859375,0.52734375,0.1875" />
		<visual type="BUTTON_ACTIVE" texture="gui/memorial/ks_memorial_key_01.png" textureCoordinates="0.0,0.0,1.0,1.0" />
		<visual type="BUTTON_PRESSED" texture="gui/memorial/ks_memorial_key_01.png" textureCoordinates="0.0,0.0,1.0,1.0" />
	</widget>

	<!--   BLANK BUTTON -->

	<widget class="DmglButton" name="Assistant_BLANK">
		<location>0.65625,0.70963556,CENTER</location>
		<zlocation>2</zlocation>
		<size>0.061523438,0.1484375</size>
		<blending>true</blending>
		<mouseMotion>true</mouseMotion>
		<mouseSelection>true</mouseSelection>
		<visual type="BUTTON_ACTIVE" texture="gui/memorial/ks_memorial_texture_04.png" textureCoordinates="0.0,0.0,0.00001,0.00001" />
		<visual type="BUTTON_RELEASED" texture="gui/memorial/ks_memorial_texture_01.png" textureCoordinates="0.0,0.0,0.00001,0.00001" />
		<visual type="BUTTON_PRESSED" texture="gui/memorial/ks_memorial_medal_04.png" textureCoordinates="0.0,0.0,0.00001,0.00001" />
		<visual type="BUTTON_INACTIVE" texture="gui/memorial/ks_memorial_medal_04.png" textureCoordinates="0.0,0.0,0.00001,0.00001" />
	</widget>
	<widget class="DmglButton" name="Chatterbox_BLANK">
		<location>0.59375,0.7096352,CENTER</location>
		<zlocation>2</zlocation>
		<size>0.061523438,0.1484375</size>
		<blending>true</blending>
		<mouseMotion>true</mouseMotion>
		<mouseSelection>true</mouseSelection>
		<visual type="BUTTON_ACTIVE" texture="gui/memorial/ks_memorial_texture_04.png" textureCoordinates="0.0,0.0,0.00001,0.00001" />
		<visual type="BUTTON_RELEASED" texture="gui/memorial/ks_memorial_texture_02.png" textureCoordinates="0.0,0.0,0.00001,0.00001" />
		<visual type="BUTTON_INACTIVE" texture="gui/memorial/ks_memorial_medal_04.png" textureCoordinates="0.0,0.0,0.00001,0.00001" />
		<visual type="BUTTON_PRESSED" texture="gui/memorial/ks_memorial_medal_04.png" textureCoordinates="0.0,0.0,0.00001,0.00001" />
	</widget>
	<widget class="DmglButton" name="Hitman_BLANK">
		<location>0.53125,0.7096352,CENTER</location>
		<zlocation>2</zlocation>
		<size>0.061523438,0.1484375</size>
		<blending>true</blending>
		<mouseMotion>true</mouseMotion>
		<mouseSelection>true</mouseSelection>
		<visual type="BUTTON_ACTIVE" texture="gui/memorial/ks_memorial_texture_04.png" textureCoordinates="0.0,0.0,0.00001,0.00001" />
		<visual type="BUTTON_PRESSED" texture="gui/memorial/ks_memorial_texture_03.png" textureCoordinates="0.0,0.0,0.00001,0.00001" />
		<visual type="BUTTON_INACTIVE" texture="gui/memorial/ks_memorial_medal_04.png" textureCoordinates="0.0,0.0,0.00001,0.00001" />
		<visual type="BUTTON_RELEASED" texture="gui/memorial/ks_memorial_medal_04.png" textureCoordinates="0.0,0.0,0.00001,0.00001" />
	</widget>
	<widget class="DmglButton" name="Contaminator_BLANK">
		<location>0.46777344,0.7096351,CENTER</location>
		<zlocation>2</zlocation>
		<size>0.061523438,0.1484375</size>
		<blending>true</blending>
		<mouseMotion>true</mouseMotion>
		<mouseSelection>true</mouseSelection>
		<visual type="BUTTON_ACTIVE" texture="gui/memorial/ks_memorial_texture_04.png" textureCoordinates="0.0,0.0,0.00001,0.00001" />
		<visual type="BUTTON_PRESSED" texture="gui/memorial/ks_memorial_texture_04.png" textureCoordinates="0.0,0.0,0.00001,0.00001" />
		<visual type="BUTTON_INACTIVE" texture="gui/memorial/ks_memorial_medal_04.png" textureCoordinates="0.0,0.0,0.00001,0.00001" />
		<visual type="BUTTON_RELEASED" texture="gui/memorial/ks_memorial_medal_04.png" textureCoordinates="0.0,0.0,0.00001,0.00001" />
	</widget>
	<widget class="DmglButton" name="PumpkinSmasher_BLANK">
		<location>0.46875,0.5117187,CENTER</location>
		<zlocation>2</zlocation>
		<size>0.061523438,0.1484375</size>
		<blending>true</blending>
		<mouseMotion>true</mouseMotion>
		<mouseSelection>true</mouseSelection>
		<visual type="BUTTON_ACTIVE" texture="gui/memorial/ks_memorial_texture_04.png" textureCoordinates="0.0,0.0,0.00001,0.00001" />
		<visual type="BUTTON_PRESSED" texture="gui/memorial/ks_memorial_texture_02.png" textureCoordinates="0.0,0.0,0.00001,0.00001" />
		<visual type="BUTTON_INACTIVE" texture="gui/memorial/ks_memorial_medal_04.png" textureCoordinates="0.0,0.0,0.00001,0.00001" />
		<visual type="BUTTON_RELEASED" texture="gui/memorial/ks_memorial_medal_04.png" textureCoordinates="0.0,0.0,0.00001,0.00001" />
	</widget>
	<widget class="DmglButton" name="PartyPooper_BLANK">
		<location>0.53222656,0.5117186,CENTER</location>
		<zlocation>2</zlocation>
		<size>0.061523438,0.1484375</size>
		<blending>true</blending>
		<mouseMotion>true</mouseMotion>
		<mouseSelection>true</mouseSelection>
		<visual type="BUTTON_ACTIVE" texture="gui/memorial/ks_memorial_texture_04.png" textureCoordinates="0.0,0.0,0.00001,0.00001" />
		<visual type="BUTTON_PRESSED" texture="gui/memorial/ks_memorial_texture_02.png" textureCoordinates="0.0,0.0,0.00001,0.00001" />
		<visual type="BUTTON_INACTIVE" texture="gui/memorial/ks_memorial_medal_04.png" textureCoordinates="0.0,0.0,0.00001,0.00001" />
		<visual type="BUTTON_RELEASED" texture="gui/memorial/ks_memorial_medal_04.png" textureCoordinates="0.0,0.0,0.00001,0.00001" />
	</widget>
	<widget class="DmglButton" name="NeatFreak_BLANK">
		<location>0.59472656,0.5117186,CENTER</location>
		<zlocation>2</zlocation>
		<size>0.061523438,0.1484375</size>
		<blending>true</blending>
		<mouseMotion>true</mouseMotion>
		<mouseSelection>true</mouseSelection>
		<visual type="BUTTON_ACTIVE" texture="gui/memorial/ks_memorial_texture_04.png" textureCoordinates="0.0,0.0,0.00001,0.00001" />
		<visual type="BUTTON_PRESSED" texture="gui/memorial/ks_memorial_texture_03.png" textureCoordinates="0.0,0.0,0.00001,0.00001" />
		<visual type="BUTTON_INACTIVE" texture="gui/memorial/ks_memorial_medal_04.png" textureCoordinates="0.0,0.0,0.00001,0.00001" />
		<visual type="BUTTON_RELEASED" texture="gui/memorial/ks_memorial_medal_04.png" textureCoordinates="0.0,0.0,0.00001,0.00001" />
	</widget>
	<widget class="DmglButton" name="Sniper_BLANK">
		<location>0.65722656,0.5117186,CENTER</location>
		<zlocation>2</zlocation>
		<size>0.061523438,0.1484375</size>
		<blending>true</blending>
		<mouseMotion>true</mouseMotion>
		<mouseSelection>true</mouseSelection>
		<visual type="BUTTON_ACTIVE" texture="gui/memorial/ks_memorial_texture_04.png" textureCoordinates="0.0,0.0,0.00001,0.00001" />
		<visual type="BUTTON_PRESSED" texture="gui/memorial/ks_memorial_texture_03.png" textureCoordinates="0.0,0.0,0.00001,0.00001" />
		<visual type="BUTTON_INACTIVE" texture="gui/memorial/ks_memorial_medal_04.png" textureCoordinates="0.0,0.0,0.00001,0.00001" />
		<visual type="BUTTON_RELEASED" texture="gui/memorial/ks_memorial_medal_04.png" textureCoordinates="0.0,0.0,0.00001,0.00001" />
	</widget>
	<widget class="DmglButton" name="ShoppingSpree_BLANK">
		<location>0.33984375,0.6966134,CENTER</location>
		<zlocation>2</zlocation>
		<size>0.07128906,0.17447917</size>
		<blending>true</blending>
		<mouseMotion>true</mouseMotion>
		<mouseSelection>true</mouseSelection>
		<visual type="BUTTON_ACTIVE" texture="gui/memorial/ks_memorial_texture_04.png" textureCoordinates="0.0,0.0,0.00001,0.00001" />
		<visual type="BUTTON_PRESSED" texture="gui/memorial/ks_memorial_texture_04.png" textureCoordinates="0.0,0.0,0.00001,0.00001" />
		<visual type="BUTTON_INACTIVE" texture="gui/memorial/ks_memorial_medal_03.png" textureCoordinates="0.0,0.0,0.00001,0.00001" />
		<visual type="BUTTON_RELEASED" texture="gui/memorial/ks_memorial_medal_03.png" textureCoordinates="0.0,0.0,0.00001,0.00001" />
	</widget>

	<widget class="DmglButton" name="ExpressCheckout_BLANK">
		<location>0.4033203,0.6966132,CENTER</location>
		<zlocation>2</zlocation>
		<size>0.07128906,0.17447917</size>
		<blending>true</blending>
		<mouseMotion>true</mouseMotion>
		<mouseSelection>true</mouseSelection>
		<visual type="BUTTON_ACTIVE" texture="gui/memorial/ks_memorial_texture_04.png" textureCoordinates="0.0,0.0,0.00001,0.00001" />
		<visual type="BUTTON_PRESSED" texture="gui/memorial/ks_memorial_texture_03.png" textureCoordinates="0.0,0.0,0.00001,0.00001" />
		<visual type="BUTTON_INACTIVE" texture="gui/memorial/ks_memorial_medal_03.png" textureCoordinates="0.0,0.0,0.00001,0.00001" />
		<visual type="BUTTON_RELEASED" texture="gui/memorial/ks_memorial_medal_03.png" textureCoordinates="0.0,0.0,0.00001,0.00001" />
	</widget>
	<widget class="DmglButton" name="ComebackKing_BLANK">
		<location>0.33984375,0.4986979,CENTER</location>
		<zlocation>2</zlocation>
		<size>0.07128906,0.17447917</size>
		<blending>true</blending>
		<mouseMotion>true</mouseMotion>
		<mouseSelection>true</mouseSelection>
		<visual type="BUTTON_ACTIVE" texture="gui/memorial/ks_memorial_texture_04.png" textureCoordinates="0.0,0.0,0.00001,0.00001" />
		<visual type="BUTTON_PRESSED" texture="gui/memorial/ks_memorial_texture_03.png" textureCoordinates="0.0,0.0,0.00001,0.00001" />
		<visual type="BUTTON_INACTIVE" texture="gui/memorial/ks_memorial_medal_03.png" textureCoordinates="0.0,0.0,0.00001,0.00001" />
		<visual type="BUTTON_RELEASED" texture="gui/memorial/ks_memorial_medal_03.png" textureCoordinates="0.0,0.0,0.00001,0.00001" />
	</widget>
	<widget class="DmglButton" name="HonestRoller_BLANK">
		<location>0.4033203,0.4986975,CENTER</location>
		<zlocation>2</zlocation>
		<size>0.07128906,0.17447917</size>
		<blending>true</blending>
		<mouseMotion>true</mouseMotion>
		<mouseSelection>true</mouseSelection>
		<visual type="BUTTON_ACTIVE" texture="gui/memorial/ks_memorial_texture_04.png" textureCoordinates="0.0,0.0,0.00001,0.00001" />
		<visual type="BUTTON_PRESSED" texture="gui/memorial/ks_memorial_texture_03.png" textureCoordinates="0.0,0.0,0.00001,0.00001" />
		<visual type="BUTTON_INACTIVE" texture="gui/memorial/ks_memorial_medal_03.png" textureCoordinates="0.0,0.0,0.00001,0.00001" />
		<visual type="BUTTON_RELEASED" texture="gui/memorial/ks_memorial_medal_03.png" textureCoordinates="0.0,0.0,0.00001,0.00001" />
	</widget>

	<widget class="DmglButton" name="Lemming_BLANK">
		<location>0.56347656,0.22786278,CENTER</location>
		<zlocation>2</zlocation>
		<size>0.061523438,0.1484375</size>
		<blending>true</blending>
		<mouseMotion>true</mouseMotion>
		<mouseSelection>true</mouseSelection>
		<visual type="BUTTON_ACTIVE" texture="gui/memorial/ks_memorial_texture_04.png" textureCoordinates="0.0,0.0,0.00001,0.00001" />
		<visual type="BUTTON_PRESSED" texture="gui/memorial/ks_memorial_texture_04.png" textureCoordinates="0.0,0.0,0.00001,0.00001" />
		<visual type="BUTTON_INACTIVE" texture="gui/memorial/ks_memorial_medal_04.png" textureCoordinates="0.0,0.0,0.00001,0.00001" />
		<visual type="BUTTON_RELEASED" texture="gui/memorial/ks_memorial_medal_04.png" textureCoordinates="0.0,0.0,0.00001,0.00001" />
	</widget>
	<widget class="DmglButton" name="BedWetter_BLANK">
		<location>0.62597656,0.22786278,CENTER</location>
		<zlocation>2</zlocation>
		<size>0.061523438,0.1484375</size>
		<blending>true</blending>
		<mouseMotion>true</mouseMotion>
		<mouseSelection>true</mouseSelection>
		<visual type="BUTTON_ACTIVE" texture="gui/memorial/ks_memorial_texture_04.png" textureCoordinates="0.0,0.0,0.00001,0.00001" />
		<visual type="BUTTON_PRESSED" texture="gui/memorial/ks_memorial_texture_04.png" textureCoordinates="0.0,0.0,0.00001,0.00001" />
		<visual type="BUTTON_INACTIVE" texture="gui/memorial/ks_memorial_medal_04.png" textureCoordinates="0.0,0.0,0.00001,0.00001" />
		<visual type="BUTTON_RELEASED" texture="gui/memorial/ks_memorial_medal_04.png" textureCoordinates="0.0,0.0,0.00001,0.00001" />
	</widget>
	<widget class="DmglButton" name="Granny_BLANK">
		<location>0.3720703,0.21484204,CENTER</location>
		<zlocation>2</zlocation>
		<size>0.07128906,0.17447917</size>
		<blending>true</blending>
		<mouseMotion>true</mouseMotion>
		<mouseSelection>true</mouseSelection>
		<visual type="BUTTON_ACTIVE" texture="gui/memorial/ks_memorial_texture_04.png" textureCoordinates="0.0,0.0,0.00001,0.00001" />
		<visual type="BUTTON_PRESSED" texture="gui/memorial/ks_memorial_texture_02.png" textureCoordinates="0.0,0.0,0.00001,0.00001" />
		<visual type="BUTTON_INACTIVE" texture="gui/memorial/ks_memorial_medal_03.png" textureCoordinates="0.0,0.0,0.00001,0.00001" />
		<visual type="BUTTON_RELEASED" texture="gui/memorial/ks_memorial_medal_03.png" textureCoordinates="0.0,0.0,0.00001,0.00001" />
	</widget>
	<widget class="DmglButton" name="CouponCutter_BLANK">
		<location>0.43554688,0.21484199,CENTER</location>
		<zlocation>2</zlocation>
		<size>0.07128906,0.17447917</size>
		<blending>true</blending>
		<mouseMotion>true</mouseMotion>
		<mouseSelection>true</mouseSelection>
		<visual type="BUTTON_ACTIVE" texture="gui/memorial/ks_memorial_texture_04.png" textureCoordinates="0.0,0.0,0.00001,0.00001" />
		<visual type="BUTTON_PRESSED" texture="gui/memorial/ks_memorial_texture_02.png" textureCoordinates="0.0,0.0,0.00001,0.00001" />
		<visual type="BUTTON_INACTIVE" texture="gui/memorial/ks_memorial_medal_03.png" textureCoordinates="0.0,0.0,0.00001,0.00001" />
		<visual type="BUTTON_RELEASED" texture="gui/memorial/ks_memorial_medal_03.png" textureCoordinates="0.0,0.0,0.00001,0.00001" />
	</widget>

	<widget class="DmglButton" name="SundayDriver_BLANK">
		<location>0.49902344,0.21484199,CENTER</location>
		<zlocation>2</zlocation>
		<size>0.07128906,0.17447917</size>
		<blending>true</blending>
		<mouseMotion>true</mouseMotion>
		<mouseSelection>true</mouseSelection>
		<visual type="BUTTON_ACTIVE" texture="gui/memorial/ks_memorial_texture_04.png" textureCoordinates="0.0,0.0,0.00001,0.00001" />
		<visual type="BUTTON_PRESSED" texture="gui/memorial/ks_memorial_texture_02.png" textureCoordinates="0.0,0.0,0.00001,0.00001" />
		<visual type="BUTTON_INACTIVE" texture="gui/memorial/ks_memorial_medal_03.png" textureCoordinates="0.0,0.0,0.00001,0.00001" />
		<visual type="BUTTON_RELEASED" texture="gui/memorial/ks_memorial_medal_03.png" textureCoordinates="0.0,0.0,0.00001,0.00001" />
	</widget>
	<widget class="DmglButton" name="Cerebellum_BLANK">
		<location>0.21289062,0.705726,CENTER</location>
		<zlocation>2</zlocation>
		<size>0.053710938,0.15625</size>
		<blending>true</blending>
		<mouseMotion>true</mouseMotion>
		<mouseSelection>true</mouseSelection>
		<visual type="BUTTON_ACTIVE" texture="gui/memorial/ks_memorial_texture_05.png" textureCoordinates="0.0,0.0,0.00001,0.00001" />
		<visual type="BUTTON_PRESSED" texture="gui/memorial/ks_memorial_texture_05.png" textureCoordinates="0.0,0.0,0.00001,0.00001" />
		<visual type="BUTTON_INACTIVE" texture="gui/memorial/ks_memorial_medal_02.png" textureCoordinates="0.0,0.0,0.00001,0.00001" />
		<visual type="BUTTON_RELEASED" texture="gui/memorial/ks_memorial_medal_02.png" textureCoordinates="0.0,0.0,0.00001,0.00001" />
	</widget>
	<widget class="DmglButton" name="EctoplasmExpert_BLANK">
		<location>0.27539062,0.705726,CENTER</location>
		<zlocation>2</zlocation>
		<size>0.053710938,0.15625</size>
		<blending>true</blending>
		<mouseMotion>true</mouseMotion>
		<mouseSelection>true</mouseSelection>
		<visual type="BUTTON_ACTIVE" texture="gui/memorial/ks_memorial_texture_05.png" textureCoordinates="0.0,0.0,0.00001,0.00001" />
		<visual type="BUTTON_PRESSED" texture="gui/memorial/ks_memorial_texture_05.png" textureCoordinates="0.0,0.0,0.00001,0.00001" />
		<visual type="BUTTON_INACTIVE" texture="gui/memorial/ks_memorial_medal_02.png" textureCoordinates="0.0,0.0,0.00001,0.00001" />
		<visual type="BUTTON_RELEASED" texture="gui/memorial/ks_memorial_medal_02.png" textureCoordinates="0.0,0.0,0.00001,0.00001" />
	</widget>
	<widget class="DmglButton" name="NogginStuffer_BLANK">
		<location>0.21289062,0.5078124,CENTER</location>
		<zlocation>2</zlocation>
		<size>0.053710938,0.15625</size>
		<blending>true</blending>
		<mouseMotion>true</mouseMotion>
		<mouseSelection>true</mouseSelection>
		<visual type="BUTTON_ACTIVE" texture="gui/memorial/ks_memorial_texture_05.png" textureCoordinates="0.0,0.0,0.00001,0.00001" />
		<visual type="BUTTON_PRESSED" texture="gui/memorial/ks_memorial_texture_05.png" textureCoordinates="0.0,0.0,0.00001,0.00001" />
		<visual type="BUTTON_INACTIVE" texture="gui/memorial/ks_memorial_medal_02.png" textureCoordinates="0.0,0.0,0.00001,0.00001" />
		<visual type="BUTTON_RELEASED" texture="gui/memorial/ks_memorial_medal_02.png" textureCoordinates="0.0,0.0,0.00001,0.00001" />
	</widget>
	<widget class="DmglButton" name="HowitzerArm_BLANK">
		<location>0.27539062,0.5078124,CENTER</location>
		<zlocation>2</zlocation>
		<size>0.053710938,0.15625</size>
		<blending>true</blending>
		<mouseMotion>true</mouseMotion>
		<mouseSelection>true</mouseSelection>
		<visual type="BUTTON_ACTIVE" texture="gui/memorial/ks_memorial_texture_05.png" textureCoordinates="0.0,0.0,0.00001,0.00001" />
		<visual type="BUTTON_PRESSED" texture="gui/memorial/ks_memorial_texture_05.png" textureCoordinates="0.0,0.0,0.00001,0.00001" />
		<visual type="BUTTON_INACTIVE" texture="gui/memorial/ks_memorial_medal_02.png" textureCoordinates="0.0,0.0,0.00001,0.00001" />
		<visual type="BUTTON_RELEASED" texture="gui/memorial/ks_memorial_medal_02.png" textureCoordinates="0.0,0.0,0.00001,0.00001" />
	</widget>

	<widget class="DmglButton" name="CryptCoward_BLANK">
		<location>0.24414062,0.22395653,CENTER</location>
		<zlocation>2</zlocation>
		<size>0.053710938,0.15625</size>
		<blending>true</blending>
		<mouseMotion>true</mouseMotion>
		<mouseSelection>true</mouseSelection>
		<visual type="BUTTON_ACTIVE" texture="gui/memorial/ks_memorial_texture_05.png" textureCoordinates="0.0,0.0,0.00001,0.00001" />
		<visual type="BUTTON_PRESSED" texture="gui/memorial/ks_memorial_texture_05.png" textureCoordinates="0.0,0.0,0.00001,0.00001" />
		<visual type="BUTTON_INACTIVE" texture="gui/memorial/ks_memorial_medal_02.png" textureCoordinates="0.0,0.0,0.00001,0.00001" />
		<visual type="BUTTON_RELEASED" texture="gui/memorial/ks_memorial_medal_02.png" textureCoordinates="0.0,0.0,0.00001,0.00001" />
	</widget>
	<widget class="DmglButton" name="LimpWrist_BLANK">
		<location>0.30664062,0.22395654,CENTER</location>
		<zlocation>2</zlocation>
		<size>0.053710938,0.15625</size>
		<blending>true</blending>
		<mouseMotion>true</mouseMotion>
		<mouseSelection>true</mouseSelection>
		<visual type="BUTTON_ACTIVE" texture="gui/memorial/ks_memorial_texture_05.png" textureCoordinates="0.0,0.0,0.00001,0.00001" />
		<visual type="BUTTON_PRESSED" texture="gui/memorial/ks_memorial_texture_05.png" textureCoordinates="0.0,0.0,0.00001,0.00001" />
		<visual type="BUTTON_INACTIVE" texture="gui/memorial/ks_memorial_medal_02.png" textureCoordinates="0.0,0.0,0.00001,0.00001" />
		<visual type="BUTTON_RELEASED" texture="gui/memorial/ks_memorial_medal_02.png" textureCoordinates="0.0,0.0,0.00001,0.00001" />
	</widget>
	<widget class="DmglButton" name="Electrician_BLANK">
		<location>0.091796875,0.7031219,CENTER</location>
		<zlocation>2</zlocation>
		<size>0.057617188,0.16145833</size>
		<blending>true</blending>
		<mouseMotion>true</mouseMotion>
		<mouseSelection>true</mouseSelection>
		<visual type="BUTTON_ACTIVE" texture="gui/memorial/ks_memorial_texture_01.png" textureCoordinates="0.0,0.0,0.00001,0.00001" />
		<visual type="BUTTON_PRESSED" texture="gui/memorial/ks_memorial_texture_01.png" textureCoordinates="0.0,0.0,0.00001,0.00001" />
		<visual type="BUTTON_INACTIVE" texture="gui/memorial/ks_memorial_medal_01.png" textureCoordinates="0.0,0.0,0.00001,0.00001" />
		<visual type="BUTTON_RELEASED" texture="gui/memorial/ks_memorial_medal_01.png" textureCoordinates="0.0,0.0,0.00001,0.00001" />
	</widget>
	<widget class="DmglButton" name="DenisMenace_BLANK">
		<location>0.15429688,0.7031219,CENTER</location>
		<zlocation>2</zlocation>
		<size>0.057617188,0.16145833</size>
		<blending>true</blending>
		<mouseMotion>true</mouseMotion>
		<mouseSelection>true</mouseSelection>
		<visual type="BUTTON_ACTIVE" texture="gui/memorial/ks_memorial_texture_01.png" textureCoordinates="0.0,0.0,0.00001,0.00001" />
		<visual type="BUTTON_PRESSED" texture="gui/memorial/ks_memorial_texture_01.png" textureCoordinates="0.0,0.0,0.00001,0.00001" />
		<visual type="BUTTON_INACTIVE" texture="gui/memorial/ks_memorial_medal_01.png" textureCoordinates="0.0,0.0,0.00001,0.00001" />
		<visual type="BUTTON_RELEASED" texture="gui/memorial/ks_memorial_medal_01.png" textureCoordinates="0.0,0.0,0.00001,0.00001" />
	</widget>

	<widget class="DmglButton" name="SlipperyEel_BLANK">
		<location>0.091796875,0.50520825,CENTER</location>
		<zlocation>2</zlocation>
		<size>0.057617188,0.16145833</size>
		<blending>true</blending>
		<mouseMotion>true</mouseMotion>
		<mouseSelection>true</mouseSelection>
		<visual type="BUTTON_ACTIVE" texture="gui/memorial/ks_memorial_texture_01.png" textureCoordinates="0.0,0.0,0.00001,0.00001" />
		<visual type="BUTTON_PRESSED" texture="gui/memorial/ks_memorial_texture_01.png" textureCoordinates="0.0,0.0,0.00001,0.00001" />
		<visual type="BUTTON_INACTIVE" texture="gui/memorial/ks_memorial_medal_01.png" textureCoordinates="0.0,0.0,0.00001,0.00001" />
		<visual type="BUTTON_RELEASED" texture="gui/memorial/ks_memorial_medal_01.png" textureCoordinates="0.0,0.0,0.00001,0.00001" />
	</widget>
	<widget class="DmglButton" name="SpeedyShadow_BLANK">
		<location>0.15429688,0.50520825,CENTER</location>
		<zlocation>2</zlocation>
		<size>0.057617188,0.16145833</size>
		<blending>true</blending>
		<mouseMotion>true</mouseMotion>
		<mouseSelection>true</mouseSelection>
		<visual type="BUTTON_ACTIVE" texture="gui/memorial/ks_memorial_texture_01.png" textureCoordinates="0.0,0.0,0.00001,0.00001" />
		<visual type="BUTTON_PRESSED" texture="gui/memorial/ks_memorial_texture_01.png" textureCoordinates="0.0,0.0,0.00001,0.00001" />
		<visual type="BUTTON_INACTIVE" texture="gui/memorial/ks_memorial_medal_01.png" textureCoordinates="0.0,0.0,0.00001,0.00001" />
		<visual type="BUTTON_RELEASED" texture="gui/memorial/ks_memorial_medal_01.png" textureCoordinates="0.0,0.0,0.00001,0.00001" />
	</widget>
	<widget class="DmglButton" name="HamperHampered_BLANK">
		<location>0.123046875,0.22135238,CENTER</location>
		<zlocation>2</zlocation>
		<size>0.057617188,0.16145833</size>
		<blending>true</blending>
		<mouseMotion>true</mouseMotion>
		<mouseSelection>true</mouseSelection>
		<visual type="BUTTON_ACTIVE" texture="gui/memorial/ks_memorial_texture_01.png" textureCoordinates="0.0,0.0,0.00001,0.00001" />
		<visual type="BUTTON_PRESSED" texture="gui/memorial/ks_memorial_texture_01.png" textureCoordinates="0.0,0.0,0.00001,0.00001" />
		<visual type="BUTTON_INACTIVE" texture="gui/memorial/ks_memorial_medal_01.png" textureCoordinates="0.0,0.0,0.00001,0.00001" />
		<visual type="BUTTON_RELEASED" texture="gui/memorial/ks_memorial_medal_01.png" textureCoordinates="0.0,0.0,0.00001,0.00001" />
	</widget>
	<widget class="DmglButton" name="Vandal_BLANK">
		<location>0.18554688,0.22135238,CENTER</location>
		<zlocation>2</zlocation>
		<size>0.057617188,0.16145833</size>
		<blending>true</blending>
		<mouseMotion>true</mouseMotion>
		<mouseSelection>true</mouseSelection>
		<visual type="BUTTON_ACTIVE" texture="gui/memorial/ks_memorial_texture_01.png" textureCoordinates="0.0,0.0,0.00001,0.00001" />
		<visual type="BUTTON_PRESSED" texture="gui/memorial/ks_memorial_texture_01.png" textureCoordinates="0.0,0.0,0.00001,0.00001" />
		<visual type="BUTTON_INACTIVE" texture="gui/memorial/ks_memorial_medal_01.png" textureCoordinates="0.0,0.0,0.00001,0.00001" />
		<visual type="BUTTON_RELEASED" texture="gui/memorial/ks_memorial_medal_01.png" textureCoordinates="0.0,0.0,0.00001,0.00001" />
	</widget>
	<widget class="DmglButton" name="Underpants_BLANK">
		<location>0.6152344,0.35807183,CENTER</location>
		<zlocation>2</zlocation>
		<size>0.055664062,0.07421875</size>
		<blending>true</blending>
		<mouseMotion>true</mouseMotion>
		<mouseSelection>true</mouseSelection>
		<visual type="BUTTON_ACTIVE" texture="gui/memorial/ks_memorial_texture_06.png" textureCoordinates="0.0,0.0,0.00001,0.00001" />
		<visual type="BUTTON_PRESSED" texture="gui/memorial/ks_memorial_texture_06.png" textureCoordinates="0.0,0.0,0.00001,0.00001" />
		<visual type="BUTTON_INACTIVE" texture="gui/memorial/ks_memorial_underpants_01.png" textureCoordinates="0.0,0.0,0.00001,0.00001" />
		<visual type="BUTTON_RELEASED" texture="gui/memorial/ks_memorial_underpants_01.png" textureCoordinates="0.0,0.0,0.00001,0.00001" />
	</widget>

	<widget class="DmglButton" name="Key_BLANK">
		<location>0.6015625,0.8359324,CENTER</location>
		<zlocation>2</zlocation>
		<size>0.13183594,0.0625</size>
		<blending>true</blending>
		<mouseMotion>true</mouseMotion>
		<mouseSelection>true</mouseSelection>
		<visual type="BUTTON_ACTIVE" texture="gui/memorial/ks_memorial_texture_06.png" textureCoordinates="0.0,0.0,0.00001,0.00001" />
		<visual type="BUTTON_PRESSED" texture="gui/memorial/ks_memorial_texture_06.png" textureCoordinates="0.0,0.0,0.00001,0.00001" />
		<visual type="BUTTON_INACTIVE" texture="gui/memorial/ks_memorial_key_01.png" textureCoordinates="0.0,0.0,0.00001,0.00001" />
		<visual type="BUTTON_RELEASED" texture="gui/memorial/ks_memorial_key_01.png" textureCoordinates="0.0,0.0,0.00001,0.00001" />
	</widget>



<!--
	<widget class="DmglLabel" name="back">
		<label>back</label>
		<location>0.8310547,0.2083316,BOTTOM_LEFT</location>
		<zlocation>1</zlocation>
		<size>0.049804688,0.020833334</size>
		<blending>true</blending>
		<font>ARMYC___.TTF</font>
		<fontScale>0.7</fontScale>
		<fontColor>0.3203125,0.2109375,0.72265625,1.0</fontColor>
	</widget>

-->
	<widget class="DmglLabel" name="Master">
		<label>MASTER</label>
		<location>0.056640625,0.82682234,BOTTOM_LEFT</location>
		<zlocation>1</zlocation>
		<size>0.048828125,0.020833334</size>
		<blending>true</blending>
		<font>ARMYC___.TTF</font>
		<fontScale>0.9</fontScale>
		<fontColor>0.3203125,0.2109375,0.72265625,1.0</fontColor>
	</widget>
	<widget class="DmglLabel" name="Slave">
		<label>SLAVE</label>
		<location>0.056640625,0.34505218,BOTTOM_LEFT</location>
		<zlocation>1</zlocation>
		<size>0.0625,0.020833334</size>
		<blending>true</blending>
		<font>ARMYC___.TTF</font>
		<fontScale>0.9</fontScale>
		<fontColor>0.3203125,0.2109375,0.72265625,1.0</fontColor>
	</widget>
	
	<widget class="DmglLabel" name="medalLocale">
		<label>COUCOU!!!</label>
		<location>0.056640625,0.08,BOTTOM_LEFT</location>
		<zlocation>1</zlocation>
		<size>0.037109375,0.01171875</size>
		<blending>true</blending>
		<font>ARMYC___.TTF</font>
		<fontScale>0.9</fontScale>
		<fontColor>0.3203125,0.2109375,0.72265625,1.0</fontColor>
	</widget>
	
	<widget class="DmglLabel" name="Note">
		<label>NOTE :</label>
		<location>0.056640625,0.054687474,BOTTOM_LEFT</location>
		<zlocation>1</zlocation>
		<size>0.037109375,0.01171875</size>
		<blending>true</blending>
		<font>ARMYC___.TTF</font>
		<fontScale>0.9</fontScale>
		<fontColor>0.3203125,0.2109375,0.72265625,1.0</fontColor>
	</widget>
<!--
	<widget class="DmglLabel" name="LBL_MEDAL_TEXT">
		<label>Text de la medaille</label>
		<location>0.109375,0.054687455,BOTTOM_LEFT</location>
		<zlocation>1</zlocation>
		<size>0.23730469,0.020833334</size>
		<blending>true</blending>
		<font>ARMYC___.TTF</font>
		<fontScale>0.9</fontScale>
		<fontColor>0.3203125,0.2109375,0.72265625,1.0</fontColor>
	</widget>
-->
	<widget class="DmglLabel" name="Title">
		<label>SINGLE  PLAYER</label>
		<location>0.0546875,0.89192677,BOTTOM_LEFT</location>
		<zlocation>1</zlocation>
		<size>0.22363281,0.028645834</size>
		<blending>true</blending>
		<font>ARMYC___.TTF</font>
		<fontScale>1.9</fontScale>
		<fontColor>0.3203125,0.2109375,0.72265625,1.0</fontColor>
	</widget>
	<widget class="DmglButton" name="btnLegendMain">
		<location>0.86328125,0.2135417,CENTER</location>
		<size>0.203125,0.045572918</size>
		<blending>true</blending>
		<mouseMotion>true</mouseMotion>
		<mouseSelection>true</mouseSelection>
		<visual type="BUTTON_ACTIVE" texture="gui/common/ks_common_legendbuttons_01.png" textureCoordinates="0.0,0.7265625,0.8125,0.2734375" />
		<visual type="BUTTON_INACTIVE" texture="gui/common/ks_common_legendbuttons_01.png" textureCoordinates="0.0,0.7265625,0.8125,0.2734375" />
		<visual type="BUTTON_PRESSED" texture="gui/common/ks_common_legendbuttons_01.png" textureCoordinates="0.0,0.7265625,0.8125,0.2734375" />
		<visual type="BUTTON_RELEASED" texture="gui/common/ks_common_legendbuttons_01.png" textureCoordinates="0.0,0.7265625,0.8125,0.2734375" />
	</widget>
	<widget class="DmglButton" name="btnLegendReset">
		<location>0.86328125,0.16536462,CENTER</location>
		<size>0.203125,0.045572918</size>
		<blending>true</blending>
		<mouseMotion>true</mouseMotion>
		<mouseSelection>true</mouseSelection>
		<visual type="BUTTON_ACTIVE" texture="gui/common/ks_common_legendbuttons_01.png" textureCoordinates="0.0,0.7265625,0.8125,0.2734375" />
		<visual type="BUTTON_INACTIVE" texture="gui/common/ks_common_legendbuttons_01.png" textureCoordinates="0.0,0.7265625,0.8125,0.2734375" />
		<visual type="BUTTON_PRESSED" texture="gui/common/ks_common_legendbuttons_01.png" textureCoordinates="0.0,0.7265625,0.8125,0.2734375" />
		<visual type="BUTTON_RELEASED" texture="gui/common/ks_common_legendbuttons_01.png" textureCoordinates="0.0,0.7265625,0.8125,0.2734375" />
	</widget>
	<widget class="DmglButton" name="btnLegendCancel">
		<location>0.86328125,0.11848957,CENTER</location>
		<size>0.203125,0.045572918</size>
		<blending>true</blending>
		<mouseMotion>true</mouseMotion>
		<mouseSelection>true</mouseSelection>
		<visual type="BUTTON_ACTIVE" texture="gui/common/ks_common_legendbuttons_01.png" textureCoordinates="0.0,0.7265625,0.8125,0.2734375" />
		<visual type="BUTTON_INACTIVE" texture="gui/common/ks_common_legendbuttons_01.png" textureCoordinates="0.0,0.7265625,0.8125,0.2734375" />
		<visual type="BUTTON_PRESSED" texture="gui/common/ks_common_legendbuttons_01.png" textureCoordinates="0.0,0.7265625,0.8125,0.2734375" />
		<visual type="BUTTON_RELEASED" texture="gui/common/ks_common_legendbuttons_01.png" textureCoordinates="0.0,0.7265625,0.8125,0.2734375" />
	</widget>
	<widget class="DmglButton" name="btnLegendOk">
		<location>0.86328125,0.06901044,CENTER</location>
		<size>0.203125,0.045572918</size>
		<blending>true</blending>
		<mouseMotion>true</mouseMotion>
		<mouseSelection>true</mouseSelection>
		<visual type="BUTTON_ACTIVE" texture="gui/common/ks_common_legendbuttons_01.png" textureCoordinates="0.0,0.7265625,0.8125,0.2734375" />
		<visual type="BUTTON_INACTIVE" texture="gui/common/ks_common_legendbuttons_01.png" textureCoordinates="0.0,0.7265625,0.8125,0.2734375" />
		<visual type="BUTTON_PRESSED" texture="gui/common/ks_common_legendbuttons_01.png" textureCoordinates="0.0,0.7265625,0.8125,0.2734375" />
		<visual type="BUTTON_RELEASED" texture="gui/common/ks_common_legendbuttons_01.png" textureCoordinates="0.0,0.7265625,0.8125,0.2734375" />
	</widget>
	<widget class="DmglImage" name="imgLegendMain">
		<location>0.80078125,0.21354166,CENTER</location>
		<size>0.026367188,0.03515625</size>
		<blending>true</blending>
		<texture>gui/common/ks_common_legendbuttons_01.png</texture>
		<textureLocation>0.89453125,0.7890625</textureLocation>
		<textureSize>0.10546875,0.2109375</textureSize>
	</widget>
	<widget class="DmglImage" name="imgLegendReset">
		<location>0.79785156,0.16666666,CENTER</location>
		<size>0.03125,0.03515625</size>
		<blending>true</blending>
		<texture>gui/common/ks_common_legendbuttons_01.png</texture>
		<textureLocation>0.875,0.15625</textureLocation>
		<textureSize>0.125,0.2109375</textureSize>
	</widget>
	<widget class="DmglImage" name="imgLegendCancel">
		<location>0.80078125,0.1184896,CENTER</location>
		<size>0.026367188,0.03515625</size>
		<blending>true</blending>
		<texture>gui/common/ks_common_legendbuttons_01.png</texture>
		<textureLocation>0.89453125,0.3671875</textureLocation>
		<textureSize>0.10546875,0.2109375</textureSize>
	</widget>

	<widget class="DmglImage" name="imgLegendOk">
		<location>0.80078125,0.06901043,CENTER</location>
		<size>0.026367188,0.03515625</size>
		<blending>true</blending>
		<texture>gui/common/ks_common_legendbuttons_01.png</texture>
		<textureLocation>0.89453125,0.578125</textureLocation>
		<textureSize>0.10546875,0.2109375</textureSize>
	</widget>

	<widget class="DmglLabel" name="lblLegendMain">
		<label>MENU_LEGEND_MAIN</label>
		<location>0.83203125,0.20703171,BOTTOM_LEFT</location>
		<size>0.080078125,0.015625</size>
		<blending>true</blending>
		<font>ARMYC___.TTF</font>
		<fontScale>0.6</fontScale>
		<fontColor>0.3203125,0.2109375,0.72265625,1.0</fontColor>
	</widget>
	<widget class="DmglLabel" name="lblLegendReset">
		<label>MENU_LEGEND_RESET</label>
		<location>0.83203125,0.1588546,BOTTOM_LEFT</location>
		<size>0.0625,0.020833334</size>
		<blending>true</blending>
		<font>ARMYC___.TTF</font>
		<fontScale>0.6</fontScale>
		<fontColor>0.3203125,0.2109375,0.72265625,1.0</fontColor>
	</widget>
	<widget class="DmglLabel" name="lblLegendCancel">
		<label>MENU_LEGEND_CANCEL</label>
		<location>0.83203125,0.11067739,BOTTOM_LEFT</location>
		<size>0.049804688,0.020833334</size>
		<blending>true</blending>
		<font>ARMYC___.TTF</font>
		<fontScale>0.6</fontScale>
		<fontColor>0.3203125,0.2109375,0.72265625,1.0</fontColor>
	</widget>
	<widget class="DmglLabel" name="lblLegendOk">
		<label>MENU_LEGEND_OK</label>
		<location>0.83203125,0.06250028,BOTTOM_LEFT</location>
		<size>0.024414062,0.020833334</size>
		<blending>true</blending>
		<font>ARMYC___.TTF</font>
		<fontScale>0.6</fontScale>
		<fontColor>0.3203125,0.2109375,0.72265625,1.0</fontColor>
	</widget>
	<widget class="DmglImage" name="imgLegendAnimMain">
		<location>0.86328125,0.21354198,CENTER</location>
		<size>0.20117188,0.04296875</size>
		<blending>true</blending>
		<texture>gui/common/ks_common_legendbuttons_01.png</texture>
		<textureLocation>0.0,0.46875</textureLocation>
		<textureSize>0.8046875,0.2578125</textureSize>
	</widget>
	<widget class="DmglImage" name="imgLegendAnimReset">
		<location>0.86328125,0.1666666,CENTER</location>
		<size>0.20117188,0.04296875</size>
		<blending>true</blending>
		<texture>gui/common/ks_common_legendbuttons_01.png</texture>
		<textureLocation>0.0,0.46875</textureLocation>
		<textureSize>0.8046875,0.2578125</textureSize>
	</widget>
	<widget class="DmglImage" name="imgLegendAnimCancel">
		<location>0.86328125,0.117187776,CENTER</location>
		<size>0.20117188,0.04296875</size>
		<blending>true</blending>
		<texture>gui/common/ks_common_legendbuttons_01.png</texture>
		<textureLocation>0.0,0.46875</textureLocation>
		<textureSize>0.8046875,0.2578125</textureSize>
	</widget>
	<widget class="DmglImage" name="imgLegendAnimOk">
		<location>0.86328125,0.06901072,CENTER</location>
		<size>0.20117188,0.04296875</size>
		<blending>true</blending>
		<texture>gui/common/ks_common_legendbuttons_01.png</texture>
		<textureLocation>0.0,0.46875</textureLocation>
		<textureSize>0.8046875,0.2578125</textureSize>
	</widget>
	<widget class="DmglImage" name="imgLegendAnimScrollMain">
		<location>0.86328125,0.21354198,CENTER</location>
		<size>0.20117188,0.04296875</size>
		<blending>true</blending>
		<texture>gui/common/ks_common_legendbuttons_01.png</texture>
		<textureLocation>0.0,0.46875</textureLocation>
		<textureSize>0.8046875,0.2578125</textureSize>
	</widget>
	<widget class="DmglImage" name="imgLegendAnimScrollReset">
		<location>0.86328125,0.1666666,CENTER</location>
		<size>0.20117188,0.04296875</size>
		<blending>true</blending>
		<texture>gui/common/ks_common_legendbuttons_01.png</texture>
		<textureLocation>0.0,0.46875</textureLocation>
		<textureSize>0.8046875,0.2578125</textureSize>
	</widget>
	<widget class="DmglImage" name="imgLegendAnimScrollCancel">
		<location>0.86328125,0.117187776,CENTER</location>
		<size>0.20117188,0.04296875</size>
		<blending>true</blending>
		<texture>gui/common/ks_common_legendbuttons_01.png</texture>
		<textureLocation>0.0,0.46875</textureLocation>
		<textureSize>0.8046875,0.2578125</textureSize>
	</widget>
	<widget class="DmglImage" name="imgLegendAnimScrollOk">
		<location>0.86328125,0.06901072,CENTER</location>
		<size>0.20117188,0.04296875</size>
		<blending>true</blending>
		<texture>gui/common/ks_common_legendbuttons_01.png</texture>
		<textureLocation>0.0,0.46875</textureLocation>
		<textureSize>0.8046875,0.2578125</textureSize>
	</widget>

	<widget class="DmglImage" name="imgLegendInactiveMain">
		<location>0.86328125,0.21354198,CENTER</location>
		<size>0.20117188,0.04296875</size>
		<blending>true</blending>
		<texture>gui/common/ks_common_legendbuttons_01.png</texture>
		<textureLocation>0.0,0.2</textureLocation>
		<textureSize>0.8046875,0.2578125</textureSize>
	</widget>
	<widget class="DmglImage" name="imgLegendInactiveReset">
		<location>0.86328125,0.1666666,CENTER</location>
		<size>0.20117188,0.04296875</size>
		<blending>true</blending>
		<texture>gui/common/ks_common_legendbuttons_01.png</texture>
		<textureLocation>0.0,0.2</textureLocation>
		<textureSize>0.8046875,0.2578125</textureSize>
	</widget>
	<widget class="DmglImage" name="imgLegendInactiveCancel">
		<location>0.86328125,0.117187776,CENTER</location>
		<size>0.20117188,0.04296875</size>
		<blending>true</blending>
		<texture>gui/common/ks_common_legendbuttons_01.png</texture>
		<textureLocation>0.0,0.2</textureLocation>
		<textureSize>0.8046875,0.2578125</textureSize>
	</widget>
	<widget class="DmglImage" name="imgLegendInactiveOk">
		<location>0.86328125,0.06901072,CENTER</location>
		<size>0.20117188,0.04296875</size>
		<blending>true</blending>
		<texture>gui/common/ks_common_legendbuttons_01.png</texture>
		<textureLocation>0.0,0.2</textureLocation>
		<textureSize>0.8046875,0.2578125</textureSize>
	</widget>
</panel>