<panel name="mission result">
	<widget class="DmglButton" name="button_ok">
		<location>0.88593763,0.15208349,CENTER</location>
		<size>0.1984375,0.26458332</size>
		<blending>true</blending>
		<textureLocation>0.0,0.0</textureLocation>
		<textureSize>1.0,1.0</textureSize>
		<mouseMotion>true</mouseMotion>
		<mouseSelection>true</mouseSelection>
		<visual type="BUTTON_ACTIVE" texture="enter.jpg" />
		<visual type="BUTTON_INACTIVE" texture="enter.jpg" />
		<visual type="BUTTON_PRESSED" texture="enter.jpg" />
		<visual type="BUTTON_RELEASED" texture="enter.jpg" />
	</widget>
</panel>