<panel name="residence instructions">
	<widget class="DmglImage" name="background_01">
		<location>0.0,0.33333346,BOTTOM_LEFT</location>
		<zlocation>6</zlocation>
		<size>0.5,0.6666667</size>
		<blending>true</blending>
		<texture>gui/common/ks_common_background_01.jpg</texture>
		<textureLocation>0.0,0.0</textureLocation>
		<textureSize>1.0,1.0</textureSize>
	</widget>
	<widget class="DmglImage" name="background_02">
		<location>0.5,0.3333335,BOTTOM_LEFT</location>
		<zlocation>6</zlocation>
		<size>0.5,0.6666667</size>
		<blending>false</blending>
		<texture>gui/common/ks_common_background_02.jpg</texture>
		<textureLocation>0.0,0.0</textureLocation>
		<textureSize>1.0,1.0</textureSize>
	</widget>
	<widget class="DmglImage" name="background_03">
		<location>0.0,0.0,BOTTOM_LEFT</location>
		<zlocation>6</zlocation>
		<size>0.5,0.33333334</size>
		<blending>false</blending>
		<texture>gui/common/ks_common_background_03.jpg</texture>
		<textureLocation>0.0,0.0</textureLocation>
		<textureSize>1.0,1.0</textureSize>
	</widget>
	<widget class="DmglImage" name="background_04">
		<location>0.5,0.0,BOTTOM_LEFT</location>
		<zlocation>6</zlocation>
		<size>0.5,0.33333334</size>
		<blending>false</blending>
		<texture>gui/common/ks_common_background_04.jpg</texture>
		<textureLocation>0.0,0.0</textureLocation>
		<textureSize>1.0,1.0</textureSize>
	</widget>
	<widget class="DmglImage" name="line_1">
		<location>0.7763672,0.45703244,BOTTOM_LEFT</location>
		<zlocation>6</zlocation>
		<size>0.16113281,0.083333336</size>
		<blending>true</blending>
		<texture>gui/common/ks_common_line_01.png</texture>
		<textureLocation>0.0,0.0</textureLocation>
		<textureSize>1.0,1.0</textureSize>
	</widget>
	<widget class="DmglImage" name="line_2">
		<location>0.7753906,0.16406244,BOTTOM_LEFT</location>
		<zlocation>6</zlocation>
		<size>0.0546875,0.083333336</size>
		<blending>true</blending>
		<texture>gui/common/ks_common_line_01.png</texture>
		<textureLocation>0.0,0.0</textureLocation>
		<textureSize>1.0,1.0</textureSize>
	</widget>
	<widget class="DmglImage" name="plan_01">
		<location>0.7363281,0.52473986,BOTTOM_LEFT</location>
		<zlocation>6</zlocation>
		<size>0.25,0.33333334</size>
		<blending>true</blending>
		<texture>gui/common/ks_common_house_01.png</texture>
		<textureLocation>0.0,0.0</textureLocation>
		<textureSize>1.0,1.0</textureSize>
	</widget>
	<widget class="DmglImage" name="line_1">
		<location>0.7763672,0.45703244,BOTTOM_LEFT</location>
		<zlocation>6</zlocation>
		<size>0.16113281,0.083333336</size>
		<blending>true</blending>
		<texture>gui/common/ks_common_line_01.png</texture>
		<textureLocation>0.0,0.0</textureLocation>
		<textureSize>1.0,1.0</textureSize>
	</widget>
	<widget class="DmglImage" name="line_2">
		<location>0.7753906,0.16406244,BOTTOM_LEFT</location>
		<zlocation>6</zlocation>
		<size>0.0546875,0.083333336</size>
		<blending>true</blending>
		<texture>gui/common/ks_common_line_01.png</texture>
		<textureLocation>0.0,0.0</textureLocation>
		<textureSize>1.0,1.0</textureSize>
	</widget>
	<widget class="DmglImage" name="image_map_wasteball">
		<location>0.7363281,0.52473986,BOTTOM_LEFT</location>
		<zlocation>6</zlocation>
		<size>0.25,0.33333334</size>
		<blending>true</blending>
		<texture>gui/common/ks_common_wasteball_01.png</texture>
		<textureLocation>0.0,0.0</textureLocation>
		<textureSize>1.0,1.0</textureSize>
	</widget>
	<widget class="DmglImage" name="image_map_cemetery">
		<location>0.7363281,0.5247396,BOTTOM_LEFT</location>
		<zlocation>6</zlocation>
		<size>0.25,0.33333334</size>
		<blending>true</blending>
		<texture>gui/common/ks_common_loser_01.png</texture>
		<textureLocation>0.0,0.0</textureLocation>
		<textureSize>1.0,1.0</textureSize>
	</widget>
	<widget class="DmglImage" name="image_map_market">
		<location>0.7363281,0.524739,BOTTOM_LEFT</location>
		<zlocation>6</zlocation>
		<size>0.25,0.33333334</size>
		<blending>true</blending>
		<texture>gui/common/ks_common_market_01.png</texture>
		<textureLocation>0.0,0.0</textureLocation>
		<textureSize>1.0,1.0</textureSize>
	</widget>
	<widget class="DmglImage" name="imgLegendMain">
		<location>0.80078125,0.21354166,CENTER</location>
		<zlocation>6</zlocation>
		<size>0.026367188,0.03515625</size>
		<blending>true</blending>
		<texture>gui/common/ks_common_legendbuttons_01.png</texture>
		<textureLocation>0.89453125,0.7890625</textureLocation>
		<textureSize>0.10546875,0.2109375</textureSize>
	</widget>
	<widget class="DmglImage" name="imgLegendReset">
		<location>0.79785156,0.16666666,CENTER</location>
		<zlocation>6</zlocation>
		<size>0.03125,0.03515625</size>
		<blending>true</blending>
		<texture>gui/common/ks_common_legendbuttons_01.png</texture>
		<textureLocation>0.875,0.15625</textureLocation>
		<textureSize>0.125,0.2109375</textureSize>
	</widget>
	<widget class="DmglImage" name="imgLegendCancel">
		<location>0.80078125,0.1184896,CENTER</location>
		<zlocation>6</zlocation>
		<size>0.026367188,0.03515625</size>
		<blending>true</blending>
		<texture>gui/common/ks_common_legendbuttons_01.png</texture>
		<textureLocation>0.89453125,0.3671875</textureLocation>
		<textureSize>0.10546875,0.2109375</textureSize>
	</widget>
	<widget class="DmglImage" name="imgLegendOk">
		<location>0.80078125,0.06901043,CENTER</location>
		<zlocation>6</zlocation>
		<size>0.026367188,0.03515625</size>
		<blending>true</blending>
		<texture>gui/common/ks_common_legendbuttons_01.png</texture>
		<textureLocation>0.89453125,0.578125</textureLocation>
		<textureSize>0.10546875,0.2109375</textureSize>
	</widget>
	<widget class="DmglImage" name="imgLegendAnimMain">
		<location>0.86328125,0.21354198,CENTER</location>
		<zlocation>6</zlocation>
		<size>0.20117188,0.04296875</size>
		<blending>true</blending>
		<texture>gui/common/ks_common_legendbuttons_01.png</texture>
		<textureLocation>0.0,0.46875</textureLocation>
		<textureSize>0.8046875,0.2578125</textureSize>
	</widget>
	<widget class="DmglImage" name="imgLegendAnimReset">
		<location>0.86328125,0.1666666,CENTER</location>
		<zlocation>6</zlocation>
		<size>0.20117188,0.04296875</size>
		<blending>true</blending>
		<texture>gui/common/ks_common_legendbuttons_01.png</texture>
		<textureLocation>0.0,0.46875</textureLocation>
		<textureSize>0.8046875,0.2578125</textureSize>
	</widget>
	<widget class="DmglImage" name="imgLegendAnimCancel">
		<location>0.86328125,0.117187776,CENTER</location>
		<zlocation>6</zlocation>
		<size>0.20117188,0.04296875</size>
		<blending>true</blending>
		<texture>gui/common/ks_common_legendbuttons_01.png</texture>
		<textureLocation>0.0,0.46875</textureLocation>
		<textureSize>0.8046875,0.2578125</textureSize>
	</widget>
	<widget class="DmglImage" name="imgLegendAnimOk">
		<location>0.86328125,0.06901072,CENTER</location>
		<zlocation>6</zlocation>
		<size>0.20117188,0.04296875</size>
		<blending>true</blending>
		<texture>gui/common/ks_common_legendbuttons_01.png</texture>
		<textureLocation>0.0,0.46875</textureLocation>
		<textureSize>0.8046875,0.2578125</textureSize>
	</widget>
	<widget class="DmglImage" name="imgLegendAnimScrollMain">
		<location>0.86328125,0.21354198,CENTER</location>
		<zlocation>6</zlocation>
		<size>0.20117188,0.04296875</size>
		<blending>true</blending>
		<texture>gui/common/ks_common_legendbuttons_01.png</texture>
		<textureLocation>0.0,0.46875</textureLocation>
		<textureSize>0.8046875,0.2578125</textureSize>
	</widget>
	<widget class="DmglImage" name="imgLegendAnimScrollReset">
		<location>0.86328125,0.1666666,CENTER</location>
		<zlocation>6</zlocation>
		<size>0.20117188,0.04296875</size>
		<blending>true</blending>
		<texture>gui/common/ks_common_legendbuttons_01.png</texture>
		<textureLocation>0.0,0.46875</textureLocation>
		<textureSize>0.8046875,0.2578125</textureSize>
	</widget>
	<widget class="DmglImage" name="imgLegendAnimScrollCancel">
		<location>0.86328125,0.117187776,CENTER</location>
		<zlocation>6</zlocation>
		<size>0.20117188,0.04296875</size>
		<blending>true</blending>
		<texture>gui/common/ks_common_legendbuttons_01.png</texture>
		<textureLocation>0.0,0.46875</textureLocation>
		<textureSize>0.8046875,0.2578125</textureSize>
	</widget>
	<widget class="DmglImage" name="imgLegendAnimScrollOk">
		<location>0.86328125,0.06901072,CENTER</location>
		<zlocation>6</zlocation>
		<size>0.20117188,0.04296875</size>
		<blending>true</blending>
		<texture>gui/common/ks_common_legendbuttons_01.png</texture>
		<textureLocation>0.0,0.46875</textureLocation>
		<textureSize>0.8046875,0.2578125</textureSize>
	</widget>
	<widget class="DmglImage" name="imgLegendInactiveMain">
		<location>0.86328125,0.21354198,CENTER</location>
		<zlocation>6</zlocation>
		<size>0.20117188,0.04296875</size>
		<blending>true</blending>
		<texture>gui/common/ks_common_legendbuttons_01.png</texture>
		<textureLocation>0.0,0.2</textureLocation>
		<textureSize>0.8046875,0.2578125</textureSize>
	</widget>
	<widget class="DmglImage" name="imgLegendInactiveReset">
		<location>0.86328125,0.1666666,CENTER</location>
		<zlocation>6</zlocation>
		<size>0.20117188,0.04296875</size>
		<blending>true</blending>
		<texture>gui/common/ks_common_legendbuttons_01.png</texture>
		<textureLocation>0.0,0.2</textureLocation>
		<textureSize>0.8046875,0.2578125</textureSize>
	</widget>
	<widget class="DmglImage" name="imgLegendInactiveCancel">
		<location>0.86328125,0.117187776,CENTER</location>
		<zlocation>6</zlocation>
		<size>0.20117188,0.04296875</size>
		<blending>true</blending>
		<texture>gui/common/ks_common_legendbuttons_01.png</texture>
		<textureLocation>0.0,0.2</textureLocation>
		<textureSize>0.8046875,0.2578125</textureSize>
	</widget>
	<widget class="DmglImage" name="imgLegendInactiveOk">
		<location>0.86328125,0.06901072,CENTER</location>
		<zlocation>6</zlocation>
		<size>0.20117188,0.04296875</size>
		<blending>true</blending>
		<texture>gui/common/ks_common_legendbuttons_01.png</texture>
		<textureLocation>0.0,0.2</textureLocation>
		<textureSize>0.8046875,0.2578125</textureSize>
	</widget>
	<widget class="DmglSimpleText" name="locale_info">
		<label>MENU_INSTRUCTIONS_RESIDENCE_PRIMARY</label>
		<location>0.07324219,0.8151043,BOTTOM_LEFT</location>
		<zlocation>3</zlocation>
		<size>1.0605469,0.032552082</size>
		<blending>true</blending>
		<font>ARMYC___.TTF</font>
		<fontScale>0.7</fontScale>
		<margins>1,1,1,1</margins>
		<maximumCharactersPerLine>100</maximumCharactersPerLine>
		<fontColor>0.3203125,0.2109375,0.72265625</fontColor>
		<backgroundColor>0.0,0.0,0.0,0.0</backgroundColor>
	</widget>
	<widget class="DmglButton" name="btnLegendMain">
		<location>0.86328125,0.2135417,CENTER</location>
		<zlocation>3</zlocation>
		<size>0.203125,0.045572918</size>
		<blending>true</blending>
		<mouseMotion>true</mouseMotion>
		<mouseSelection>true</mouseSelection>
		<visual type="BUTTON_ACTIVE" texture="gui/common/ks_common_legendbuttons_01.png" textureCoordinates="0.0,0.7265625,0.8125,0.2734375" />
		<visual type="BUTTON_INACTIVE" texture="gui/common/ks_common_legendbuttons_01.png" textureCoordinates="0.0,0.7265625,0.8125,0.2734375" />
		<visual type="BUTTON_PRESSED" texture="gui/common/ks_common_legendbuttons_01.png" textureCoordinates="0.0,0.7265625,0.8125,0.2734375" />
		<visual type="BUTTON_RELEASED" texture="gui/common/ks_common_legendbuttons_01.png" textureCoordinates="0.0,0.7265625,0.8125,0.2734375" />
	</widget>
	<widget class="DmglButton" name="btnLegendReset">
		<location>0.86328125,0.16536462,CENTER</location>
		<zlocation>3</zlocation>
		<size>0.203125,0.045572918</size>
		<blending>true</blending>
		<mouseMotion>true</mouseMotion>
		<mouseSelection>true</mouseSelection>
		<visual type="BUTTON_ACTIVE" texture="gui/common/ks_common_legendbuttons_01.png" textureCoordinates="0.0,0.7265625,0.8125,0.2734375" />
		<visual type="BUTTON_INACTIVE" texture="gui/common/ks_common_legendbuttons_01.png" textureCoordinates="0.0,0.7265625,0.8125,0.2734375" />
		<visual type="BUTTON_PRESSED" texture="gui/common/ks_common_legendbuttons_01.png" textureCoordinates="0.0,0.7265625,0.8125,0.2734375" />
		<visual type="BUTTON_RELEASED" texture="gui/common/ks_common_legendbuttons_01.png" textureCoordinates="0.0,0.7265625,0.8125,0.2734375" />
	</widget>
	<widget class="DmglButton" name="btnLegendCancel">
		<location>0.86328125,0.11848957,CENTER</location>
		<zlocation>3</zlocation>
		<size>0.203125,0.045572918</size>
		<blending>true</blending>
		<mouseMotion>true</mouseMotion>
		<mouseSelection>true</mouseSelection>
		<visual type="BUTTON_ACTIVE" texture="gui/common/ks_common_legendbuttons_01.png" textureCoordinates="0.0,0.7265625,0.8125,0.2734375" />
		<visual type="BUTTON_INACTIVE" texture="gui/common/ks_common_legendbuttons_01.png" textureCoordinates="0.0,0.7265625,0.8125,0.2734375" />
		<visual type="BUTTON_PRESSED" texture="gui/common/ks_common_legendbuttons_01.png" textureCoordinates="0.0,0.7265625,0.8125,0.2734375" />
		<visual type="BUTTON_RELEASED" texture="gui/common/ks_common_legendbuttons_01.png" textureCoordinates="0.0,0.7265625,0.8125,0.2734375" />
	</widget>
	<widget class="DmglButton" name="btnLegendOk">
		<location>0.86328125,0.06901044,CENTER</location>
		<zlocation>3</zlocation>
		<size>0.203125,0.045572918</size>
		<blending>true</blending>
		<mouseMotion>true</mouseMotion>
		<mouseSelection>true</mouseSelection>
		<visual type="BUTTON_ACTIVE" texture="gui/common/ks_common_legendbuttons_01.png" textureCoordinates="0.0,0.7265625,0.8125,0.2734375" />
		<visual type="BUTTON_INACTIVE" texture="gui/common/ks_common_legendbuttons_01.png" textureCoordinates="0.0,0.7265625,0.8125,0.2734375" />
		<visual type="BUTTON_PRESSED" texture="gui/common/ks_common_legendbuttons_01.png" textureCoordinates="0.0,0.7265625,0.8125,0.2734375" />
		<visual type="BUTTON_RELEASED" texture="gui/common/ks_common_legendbuttons_01.png" textureCoordinates="0.0,0.7265625,0.8125,0.2734375" />
	</widget>
	<widget class="DmglLabel" name="labelB">
          <label>MENU_INSTRUCTIONS_B_RH</label>
          <location>0.19335938,0.18311016,BOTTOM_LEFT</location>
          <zlocation>1</zlocation>
          <size>0.1484375,0.010416667</size>
          <blending>true</blending>
          <font>ARMYC___.TTF</font>
          <fontScale>0.7</fontScale>
          <fontColor>0.3203125,0.2109375,0.71875,1.0</fontColor>
     </widget>

	<widget class="DmglLabel" name="label_title">
		<label>MENU_INSTRUCTIONS_TITLE</label>
		<location>0.07519531,0.8801346,BOTTOM_LEFT</location>
		<zlocation>1</zlocation>
		<size>0.09082031,0.028645834</size>
		<blending>true</blending>
		<font>ARMYC___.TTF</font>
		<fontScale>1.9</fontScale>
		<fontColor>0.3203125,0.2109375,0.72265625,1.0</fontColor>
	</widget>
	 <widget class="DmglLabel" name="labelRInstruction">
          <label>MENU_INSTRUCTIONS_V_INSTRUCTION</label>
          <location>0.37695312,0.20245568,BOTTOM_LEFT</location>
          <zlocation>1</zlocation>
          <size>0.25,0.020833334</size>
          <blending>true</blending>
          <font>ARMYC___.TTF</font>
          <fontScale>0.7</fontScale>
          <fontColor>0.3203125,0.2109375,0.72265625,1.0</fontColor>
     </widget>
     <widget class="DmglLabel" name="labelBInstruction">
          <label>MENU_INSTRUCTIONS_B_INSTRUCTION</label>
          <location>0.37695312,0.18311016,BOTTOM_LEFT</location>
          <zlocation>1</zlocation>
          <size>0.1484375,0.010416667</size>
          <blending>true</blending>
          <font>ARMYC___.TTF</font>
          <fontScale>0.7</fontScale>
          <fontColor>0.3203125,0.2109375,0.71875,1.0</fontColor>
     </widget>
     <widget class="DmglLabel" name="label1">
          <label> </label>
          <location>0.19335938,0.16469541,BOTTOM_LEFT</location>
          <zlocation>1</zlocation>
          <size>0.01171875,0.020833334</size>
          <blending>true</blending>
          <font>ARMYC___.TTF</font>
          <fontScale>0.7</fontScale>
          <fontColor>0.3203125,0.2109375,0.7265625,1.0</fontColor>
     </widget>
     <widget class="DmglLabel" name="label2">
          <label>MENU_INSTRUCTIONS_1</label>
          <location>0.19335938,0.145164,BOTTOM_LEFT</location>
          <zlocation>1</zlocation>
          <size>0.01171875,0.020833334</size>
          <blending>true</blending>
          <font>ARMYC___.TTF</font>
          <fontScale>0.7</fontScale>
          <fontColor>0.3203125,0.2109375,0.72265625,1.0</fontColor>
     </widget>
     <widget class="DmglLabel" name="label3">
          <label>MENU_INSTRUCTIONS_2</label>
          <location>0.19335938,0.12693483,BOTTOM_LEFT</location>
          <zlocation>1</zlocation>
          <size>0.0068359375,0.010416667</size>
          <blending>true</blending>
          <font>ARMYC___.TTF</font>
          <fontScale>0.7</fontScale>
          <fontColor>0.3203125,0.2109375,0.72265625,1.0</fontColor>
     </widget>
     <widget class="DmglLabel" name="label4">
          <label>MENU_INSTRUCTIONS_3</label>
          <location>0.19335938,0.10870564,BOTTOM_LEFT</location>
          <zlocation>1</zlocation>
          <size>0.01171875,0.020833334</size>
          <blending>true</blending>
          <font>ARMYC___.TTF</font>
          <fontScale>0.7</fontScale>
          <fontColor>0.3203125,0.2109375,0.72265625,1.0</fontColor>
     </widget>
     <widget class="DmglLabel" name="label5">
          <label>MENU_INSTRUCTIONS_4</label>
          <location>0.19335938,0.08936016,BOTTOM_LEFT</location>
          <zlocation>1</zlocation>
          <size>0.07421875,0.020833334</size>
          <blending>true</blending>
          <font>ARMYC___.TTF</font>
          <fontScale>0.7</fontScale>
          <fontColor>0.3203125,0.2109375,0.72265625,1.0</fontColor>
     </widget>
     <widget class="DmglLabel" name="label5Instruction">
          <label>MENU_INSTRUCTIONS_4_INSTRUCTION</label>
          <location>0.37695312,0.08936016,BOTTOM_LEFT</location>
          <zlocation>1</zlocation>
          <size>0.4248047,0.020833334</size>
          <blending>true</blending>
          <font>ARMYC___.TTF</font>
          <fontScale>0.7</fontScale>
          <fontColor>0.3203125,0.2109375,0.72265625,1.0</fontColor>
     </widget>
     <widget class="DmglLabel" name="labelT">
          <label> </label>
          <location>0.19335938,0.06982891,BOTTOM_LEFT</location>
          <zlocation>1</zlocation>
          <size>0.01171875,0.020833334</size>
          <blending>true</blending>
          <font>ARMYC___.TTF</font>
          <fontScale>0.7</fontScale>
          <fontColor>0.3203125,0.2109375,0.72265625,1.0</fontColor>
     </widget>
     <widget class="DmglLabel" name="labelEnter">
          <label>MENU_INSTRUCTIONS_ESC</label>
          <location>0.19335938,0.050297603,BOTTOM_LEFT</location>
          <zlocation>1</zlocation>
          <size>0.0625,0.020833334</size>
          <blending>true</blending>
          <font>ARMYC___.TTF</font>
          <fontScale>0.7</fontScale>
          <fontColor>0.3203125,0.2109375,0.72265625,1.0</fontColor>
     </widget>
     <widget class="DmglLabel" name="labelRightCtrl">
          <label> </label>
          <location>0.19335938,0.030766413,BOTTOM_LEFT</location>
          <zlocation>1</zlocation>
          <size>0.125,0.020833334</size>
          <blending>true</blending>
          <font>ARMYC___.TTF</font>
          <fontScale>0.7</fontScale>
          <fontColor>0.3203125,0.2109375,0.72265625,1.0</fontColor>
     </widget>
     <widget class="DmglLabel" name="label1Instruction">
          <label> </label>
          <location>0.37695312,0.16469526,BOTTOM_LEFT</location>
          <zlocation>1</zlocation>
          <size>0.41210938,0.020833334</size>
          <blending>true</blending>
          <font>ARMYC___.TTF</font>
          <fontScale>0.7</fontScale>
          <fontColor>0.3203125,0.2109375,0.72265625,1.0</fontColor>
     </widget>
     <widget class="DmglLabel" name="label2Instruction">
          <label>MENU_INSTRUCTIONS_1_INSTRUCTION</label>
          <location>0.37695312,0.145164,BOTTOM_LEFT</location>
          <zlocation>1</zlocation>
          <size>0.4248047,0.020833334</size>
          <blending>true</blending>
          <font>ARMYC___.TTF</font>
          <fontScale>0.7</fontScale>
          <fontColor>0.3203125,0.2109375,0.72265625,1.0</fontColor>
     </widget>
     <widget class="DmglLabel" name="label3Instruction">
          <label>MENU_INSTRUCTIONS_2_INSTRUCTION</label>
          <location>0.37695312,0.12693454,BOTTOM_LEFT</location>
          <zlocation>1</zlocation>
          <size>0.15722656,0.010416667</size>
          <blending>true</blending>
          <font>ARMYC___.TTF</font>
          <fontScale>0.7</fontScale>
          <fontColor>0.3203125,0.2109375,0.72265625,1.0</fontColor>
     </widget>
     <widget class="DmglLabel" name="label4Instruction">
          <label>MENU_INSTRUCTIONS_3_INSTRUCTION</label>
          <location>0.37695312,0.1087057,BOTTOM_LEFT</location>
          <zlocation>1</zlocation>
          <size>0.4248047,0.020833334</size>
          <blending>true</blending>
          <font>ARMYC___.TTF</font>
          <fontScale>0.7</fontScale>
          <fontColor>0.3203125,0.2109375,0.72265625,1.0</fontColor>
     </widget>
     <widget class="DmglLabel" name="labelTInstruction">
          <label> </label>
          <location>0.37695312,0.06982891,BOTTOM_LEFT</location>
          <zlocation>1</zlocation>
          <size>0.099609375,0.010416667</size>
          <blending>true</blending>
          <font>ARMYC___.TTF</font>
          <fontScale>0.7</fontScale>
          <fontColor>0.3203125,0.2109375,0.72265625,1.0</fontColor>
     </widget>
     <widget class="DmglLabel" name="labelEnterInstruction">
          <label>MENU_INSTRUCTIONS_ESC_INSTRUCTION</label>
          <location>0.37695312,0.050297603,BOTTOM_LEFT</location>
          <zlocation>1</zlocation>
          <size>0.13867188,0.010416667</size>
          <blending>true</blending>
          <font>ARMYC___.TTF</font>
          <fontScale>0.7</fontScale>
          <fontColor>0.3203125,0.2109375,0.72265625,1.0</fontColor>
     </widget>
     <widget class="DmglLabel" name="labelRightCtrlInstruction">
          <label> </label>
          <location>0.37695312,0.030766413,BOTTOM_LEFT</location>
          <zlocation>1</zlocation>
          <size>0.23730469,0.020833334</size>
          <blending>true</blending>
          <font>ARMYC___.TTF</font>
          <fontScale>0.7</fontScale>
          <fontColor>0.3203125,0.2109375,0.72265625,1.0</fontColor>
     </widget>
     <widget class="DmglLabel" name="labelEsc">
          <label> </label>
          <location>0.19335938,-4.8358832E-4,BOTTOM_LEFT</location>
          <zlocation>1</zlocation>
          <size>0.037109375,0.020833334</size>
          <blending>true</blending>
          <font>ARMYC___.TTF</font>
          <fontScale>0.7</fontScale>
          <fontColor>0.3203125,0.2109375,0.72265625,1.0</fontColor>
     </widget>
     <widget class="DmglLabel" name="labelEscInstruction">
          <label> </label>
          <location>0.37695312,-4.8358832E-4,BOTTOM_LEFT</location>
          <zlocation>1</zlocation>
          <size>0.4873047,0.020833334</size>
          <blending>true</blending>
          <font>ARMYC___.TTF</font>
          <fontScale>0.7</fontScale>
          <fontColor>0.3203125,0.2109375,0.72265625,1.0</fontColor>
     </widget>
     <widget class="DmglLabel" name="labelLeftMouse">
          <label>MENU_INSTRUCTIONS_LEFTMOUSE</label>
          <location>0.19335938,0.42901784,BOTTOM_LEFT</location>
          <zlocation>1</zlocation>
          <size>0.10546875,0.010416667</size>
          <blending>true</blending>
          <font>ARMYC___.TTF</font>
          <fontScale>0.7</fontScale>
          <fontColor>0.3203125,0.2109375,0.72265625,1.0</fontColor>
     </widget>
     <widget class="DmglLabel" name="labelRightMouse">
          <label>MENU_INSTRUCTIONS_RIGHTMOUSE</label>
          <location>0.19335938,0.40818453,BOTTOM_LEFT</location>
          <zlocation>1</zlocation>
          <size>0.22460938,0.020833334</size>
          <blending>true</blending>
          <font>ARMYC___.TTF</font>
          <fontScale>0.7</fontScale>
          <fontColor>0.3203125,0.2109375,0.72265625,1.0</fontColor>
     </widget>
     <widget class="DmglLabel" name="labelMouseWheel">
          <label>MENU_INSTRUCTIONS_MOUSEWHEEL</label>
          <location>0.19335938,0.3873512,BOTTOM_LEFT</location>
          <zlocation>1</zlocation>
          <size>0.13671875,0.020833334</size>
          <blending>true</blending>
          <font>ARMYC___.TTF</font>
          <fontScale>0.7</fontScale>
          <fontColor>0.3203125,0.2109375,0.72265625,1.0</fontColor>
     </widget>
     <widget class="DmglLabel" name="labelMouseMove">
          <label>MENU_INSTRUCTIONS_MOUSEMOVE</label>
          <location>0.19335938,0.36651784,BOTTOM_LEFT</location>
          <zlocation>1</zlocation>
          <size>0.14550781,0.015625</size>
          <blending>true</blending>
          <font>ARMYC___.TTF</font>
          <fontScale>0.7</fontScale>
          <fontColor>0.3203125,0.2109375,0.72265625,1.0</fontColor>
     </widget>
     <widget class="DmglLabel" name="labelLeftMouseInstruction">
          <label>MENU_INSTRUCTIONS_LEFTMOUSE_INSTRUCTION</label>
          <location>0.37695312,0.42901784,BOTTOM_LEFT</location>
          <zlocation>1</zlocation>
          <size>0.059570312,0.010416667</size>
          <blending>true</blending>
          <font>ARMYC___.TTF</font>
          <fontScale>0.7</fontScale>
          <fontColor>0.3203125,0.2109375,0.72265625,1.0</fontColor>
     </widget>
     <widget class="DmglLabel" name="labelRightMouseInstruction">
          <label>MENU_INSTRUCTIONS_RIGHTMOUSE_INSTRUCTION</label>
          <location>0.37695312,0.40818453,BOTTOM_LEFT</location>
          <zlocation>1</zlocation>
          <size>0.18457031,0.010416667</size>
          <blending>true</blending>
          <font>ARMYC___.TTF</font>
          <fontScale>0.7</fontScale>
          <fontColor>0.3203125,0.2109375,0.72265625,1.0</fontColor>
     </widget>
     <widget class="DmglLabel" name="labelMouseWheelInstruction">
          <label>MENU_INSTRUCTIONS_MOUSEWHEEL_INSTRUCTION</label>
          <location>0.37695312,0.3873512,BOTTOM_LEFT</location>
          <zlocation>1</zlocation>
          <size>0.5371094,0.020833334</size>
          <blending>true</blending>
          <font>ARMYC___.TTF</font>
          <fontScale>0.7</fontScale>
          <fontColor>0.3203125,0.2109375,0.72265625,1.0</fontColor>
     </widget>
     <widget class="DmglLabel" name="labelMouseMoveInstruction">
          <label>MENU_INSTRUCTIONS_MOUSEMOVE_INSTRUCTION</label>
          <location>0.37695312,0.36651778,BOTTOM_LEFT</location>
          <zlocation>1</zlocation>
          <size>0.3125,0.020833334</size>
          <blending>true</blending>
          <font>ARMYC___.TTF</font>
          <fontScale>0.7</fontScale>
          <fontColor>0.3203125,0.2109375,0.72265625,1.0</fontColor>
     </widget>
     <widget class="DmglLabel" name="labelW">
          <label>MENU_INSTRUCTIONS_W</label>
          <location>0.19335938,0.33396584,BOTTOM_LEFT</location>
          <zlocation>1</zlocation>
          <size>0.01171875,0.020833334</size>
          <blending>true</blending>
          <font>ARMYC___.TTF</font>
          <fontScale>0.7</fontScale>
          <fontColor>0.3203125,0.2109375,0.72265625,1.0</fontColor>
     </widget>
     <widget class="DmglLabel" name="labelA">
          <label>MENU_INSTRUCTIONS_A</label>
          <location>0.19335938,0.31573692,BOTTOM_LEFT</location>
          <zlocation>1</zlocation>
          <size>0.01171875,0.020833334</size>
          <blending>true</blending>
          <font>ARMYC___.TTF</font>
          <fontScale>0.7</fontScale>
          <fontColor>0.3203125,0.2109375,0.72265625,1.0</fontColor>
     </widget>
     <widget class="DmglLabel" name="labelS">
          <label>MENU_INSTRUCTIONS_S</label>
          <location>0.19335938,0.2962057,BOTTOM_LEFT</location>
          <zlocation>1</zlocation>
          <size>0.01171875,0.020833334</size>
          <blending>true</blending>
          <font>ARMYC___.TTF</font>
          <fontScale>0.7</fontScale>
          <fontColor>0.3203125,0.2109375,0.72265625,1.0</fontColor>
     </widget>
     <widget class="DmglLabel" name="labelD">
          <label>MENU_INSTRUCTIONS_D</label>
          <location>0.19335938,0.27667442,BOTTOM_LEFT</location>
          <zlocation>1</zlocation>
          <size>0.01171875,0.020833334</size>
          <blending>true</blending>
          <font>ARMYC___.TTF</font>
          <fontScale>0.7</fontScale>
          <fontColor>0.3203125,0.2109375,0.72265625,1.0</fontColor>
     </widget>
     <widget class="DmglLabel" name="labelWInstruction">
          <label>MENU_INSTRUCTIONS_W_INSTRUCTION</label>
          <location>0.37695312,0.33396575,BOTTOM_LEFT</location>
          <zlocation>1</zlocation>
          <size>0.32421875,0.020833334</size>
          <blending>true</blending>
          <font>ARMYC___.TTF</font>
          <fontScale>0.7</fontScale>
          <fontColor>0.3203125,0.2109375,0.72265625,1.0</fontColor>
     </widget>
     <widget class="DmglLabel" name="labelAInstruction">
          <label>MENU_INSTRUCTIONS_A_INSTRUCTION</label>
          <location>0.37695312,0.3157368,BOTTOM_LEFT</location>
          <zlocation>1</zlocation>
          <size>0.28710938,0.020833334</size>
          <blending>true</blending>
          <font>ARMYC___.TTF</font>
          <fontScale>0.7</fontScale>
          <fontColor>0.3203125,0.2109375,0.72265625,1.0</fontColor>
     </widget>
     <widget class="DmglLabel" name="labelSInstruction">
          <label>MENU_INSTRUCTIONS_S_INSTRUCTION</label>
          <location>0.37695312,0.29620534,BOTTOM_LEFT</location>
          <zlocation>1</zlocation>
          <size>0.3125,0.020833334</size>
          <blending>true</blending>
          <font>ARMYC___.TTF</font>
          <fontScale>0.7</fontScale>
          <fontColor>0.3203125,0.2109375,0.72265625,1.0</fontColor>
     </widget>
     <widget class="DmglLabel" name="labelDInstruction">
          <label>MENU_INSTRUCTIONS_D_INSTRUCTION</label>
          <location>0.37695312,0.2766741,BOTTOM_LEFT</location>
          <zlocation>1</zlocation>
          <size>0.32421875,0.020833334</size>
          <blending>true</blending>
          <font>ARMYC___.TTF</font>
          <fontScale>0.7</fontScale>
          <fontColor>0.3203125,0.2109375,0.72265625,1.0</fontColor>
     </widget>
     <widget class="DmglLabel" name="labelSpaceBar">
          <label>MENU_INSTRUCTIONS_SPACEBAR</label>
          <location>0.19335938,0.2402162,BOTTOM_LEFT</location>
          <zlocation>1</zlocation>
          <size>0.11230469,0.020833334</size>
          <blending>true</blending>
          <font>ARMYC___.TTF</font>
          <fontScale>0.7</fontScale>
          <fontColor>0.3203125,0.2109375,0.72265625,1.0</fontColor>
     </widget>
     <widget class="DmglLabel" name="labelLeftCtrl">
          <label>MENU_INSTRUCTIONS_LEFTCRTL</label>
          <location>0.19335938,0.22198696,BOTTOM_LEFT</location>
          <zlocation>1</zlocation>
          <size>0.11230469,0.020833334</size>
          <blending>true</blending>
          <font>ARMYC___.TTF</font>
          <fontScale>0.7</fontScale>
          <fontColor>0.3203125,0.2109375,0.72265625,1.0</fontColor>
     </widget>
     <widget class="DmglLabel" name="labelR">
          <label>MENU_INSTRUCTIONS_V_RH</label>
          <location>0.19335938,0.20245568,BOTTOM_LEFT</location>
          <zlocation>1</zlocation>
          <size>0.01171875,0.020833334</size>
          <blending>true</blending>
          <font>ARMYC___.TTF</font>
          <fontScale>0.7</fontScale>
          <fontColor>0.32421875,0.2109375,0.72265625,1.0</fontColor>
     </widget>
     <widget class="DmglLabel" name="labelSpaceBarInstruction">
          <label>MENU_INSTRUCTIONS_SPACEBAR_INSTRUCTION</label>
          <location>0.37695312,0.24021617,BOTTOM_LEFT</location>
          <zlocation>1</zlocation>
          <size>0.22460938,0.020833334</size>
          <blending>true</blending>
          <font>ARMYC___.TTF</font>
          <fontScale>0.7</fontScale>
          <fontColor>0.3203125,0.2109375,0.72265625,1.0</fontColor>
     </widget>
     <widget class="DmglLabel" name="labelLeftCtrlInstruction">
          <label>MENU_INSTRUCTIONS_LEFTCTRL_INSTRUCTION</label>
          <location>0.37695312,0.2219866,BOTTOM_LEFT</location>
          <zlocation>1</zlocation>
          <size>0.07910156,0.010416667</size>
          <blending>true</blending>
          <font>ARMYC___.TTF</font>
          <fontScale>0.7</fontScale>
          <fontColor>0.3203125,0.2109375,0.72265625,1.0</fontColor>
     </widget>

	<widget class="DmglLabel" name="lblLocationTitle">
		<label>MENU_COMMON_LOCATION_RESIDENCE</label>
		<location>0.855,0.5516664,CENTER</location>
		<zlocation>1</zlocation>
		<size>0.13476562,0.013020833</size>
		<blending>true</blending>
		<font>ARMYC___.TTF</font>
		<fontScale>0.9</fontScale>
		<fontColor>0.3203125,0.2109375,0.72265625,1.0</fontColor>
	</widget>
	<widget class="DmglLabel" name="lblUrbanists">
		<label>MENU_LEGEND_URBANISTS</label>
		<location>0.77734375,0.3945313,BOTTOM_LEFT</location>
		<zlocation>1</zlocation>
		<size>0.059570312,0.009114583</size>
		<blending>true</blending>
		<font>ARMYC___.TTF</font>
		<fontScale>0.6</fontScale>
		<fontColor>0.3203125,0.2109375,0.72265625,1.0</fontColor>
	</widget>
	<widget class="DmglLabel" name="lblKenny">
		<label>MENU_LEGEND_KENNY</label>
		<location>0.859375,0.39453134,BOTTOM_LEFT</location>
		<zlocation>1</zlocation>
		<size>0.125,0.020833334</size>
		<blending>true</blending>
		<font>ARMYC___.TTF</font>
		<fontScale>0.63</fontScale>
		<fontColor>0.3203125,0.2109375,0.72265625,1.0</fontColor>
	</widget>
	<widget class="DmglLabel" name="lblSpenny">
		<label>MENU_LEGEND_SPENNY</label>
		<location>0.859375,0.37109384,BOTTOM_LEFT</location>
		<zlocation>1</zlocation>
		<size>0.14941406,0.020833334</size>
		<blending>true</blending>
		<font>ARMYC___.TTF</font>
		<fontScale>0.63</fontScale>
		<fontColor>0.3203125,0.2109375,0.72265625,1.0</fontColor>
	</widget>
	<widget class="DmglLabel" name="lblPlanNumber">
		<label>MENU_COMMON_PLAN_NUMBER</label>
		<location>0.859375,0.32812518,CENTER</location>
		<zlocation>1</zlocation>
		<size>0.13183594,0.015625</size>
		<blending>true</blending>
		<font>ARMYC___.TTF</font>
		<fontScale>0.76</fontScale>
		<fontColor>0.3203125,0.2109375,0.72265625,1.0</fontColor>
	</widget>
	<widget class="DmglLabel" name="lblLegend">
		<label>MENU_LEGEND_TITLE</label>
		<location>0.7783203,0.24869782,BOTTOM_LEFT</location>
		<zlocation>1</zlocation>
		<size>0.048828125,0.01171875</size>
		<blending>true</blending>
		<font>ARMYC___.TTF</font>
		<fontScale>0.7</fontScale>
		<fontColor>0.3203125,0.2109375,0.72265625,1.0</fontColor>
	</widget>
	<widget class="DmglLabel" name="lblLegendMain">
		<label>MENU_LEGEND_MAIN</label>
		<location>0.83203125,0.20703171,BOTTOM_LEFT</location>
		<zlocation>1</zlocation>
		<size>0.080078125,0.015625</size>
		<blending>true</blending>
		<font>ARMYC___.TTF</font>
		<fontScale>0.6</fontScale>
		<fontColor>0.3203125,0.2109375,0.72265625,1.0</fontColor>
	</widget>
	<widget class="DmglLabel" name="lblLegendReset">
		<label>MENU_LEGEND_RESET</label>
		<location>0.83203125,0.1588546,BOTTOM_LEFT</location>
		<zlocation>1</zlocation>
		<size>0.0625,0.020833334</size>
		<blending>true</blending>
		<font>ARMYC___.TTF</font>
		<fontScale>0.6</fontScale>
		<fontColor>0.3203125,0.2109375,0.72265625,1.0</fontColor>
	</widget>
	<widget class="DmglLabel" name="lblLegendCancel">
		<label>MENU_LEGEND_CANCEL</label>
		<location>0.83203125,0.11067739,BOTTOM_LEFT</location>
		<zlocation>1</zlocation>
		<size>0.049804688,0.020833334</size>
		<blending>true</blending>
		<font>ARMYC___.TTF</font>
		<fontScale>0.6</fontScale>
		<fontColor>0.3203125,0.2109375,0.72265625,1.0</fontColor>
	</widget>
	<widget class="DmglLabel" name="lblLegendOk">
		<label>MENU_LEGEND_OK</label>
		<location>0.83203125,0.06250028,BOTTOM_LEFT</location>
		<zlocation>1</zlocation>
		<size>0.024414062,0.020833334</size>
		<blending>true</blending>
		<font>ARMYC___.TTF</font>
		<fontScale>0.6</fontScale>
		<fontColor>0.3203125,0.2109375,0.72265625,1.0</fontColor>
	</widget>
</panel>