<panel name="scores">
<!--	<widget class="DmglImage" name="bg1">
		<location>0.0,0.33333334,BOTTOM_LEFT</location>
		<size>0.5,0.6666667</size>
		<blending>false</blending>
		<texture>gui/common/ks_common_background_01.jpg</texture>
		<textureLocation>0.0,0.0</textureLocation>
		<textureSize>1.0,1.0</textureSize>
	</widget>
	<widget class="DmglImage" name="bg2">
		<location>0.5,0.3333333,BOTTOM_LEFT</location>
		<size>0.5,0.6666667</size>
		<blending>false</blending>
		<texture>gui/common/ks_common_background_02.jpg</texture>
		<textureLocation>0.0,0.0</textureLocation>
		<textureSize>1.0,1.0</textureSize>
	</widget>
	<widget class="DmglImage" name="bg4">
		<location>0.5,0.0,BOTTOM_LEFT</location>
		<size>0.5,0.33333334</size>
		<blending>false</blending>
		<texture>gui/common/ks_common_background_04.jpg</texture>
		<textureLocation>0.0,0.0</textureLocation>
		<textureSize>1.0,1.0</textureSize>
	</widget>
	<widget class="DmglImage" name="bg3">
		<location>0.0,0.0,BOTTOM_LEFT</location>
		<size>0.5,0.33333334</size>
		<blending>false</blending>
		<texture>gui/common/ks_common_background_03.jpg</texture>
		<textureLocation>0.0,0.0</textureLocation>
		<textureSize>1.0,1.0</textureSize>
	</widget>
-->
	<widget class="DmglImage" name="BLACK77">
		<location>0.0,0.0,BOTTOM_LEFT</location>
		<size>1.0,1.0</size>
		<blending>true</blending>
		<texture>gui/common/ks_common_black77_01.png</texture>
		<textureLocation>0.0,0.0</textureLocation>
		<textureSize>1.0,1.0</textureSize>
	</widget>
	<widget class="DmglImage" name="horizontalline_01">
		<location>0.17675781,0.93359506,BOTTOM_LEFT</location>
		<size>0.6464844,0.00390625</size>
		<blending>true</blending>
		<texture>gui/common/ks_common_line_01.png</texture>
		<textureLocation>0.015625,0.9375</textureLocation>
		<textureSize>0.96875,0.046875</textureSize>
	</widget>
	<widget class="DmglImage" name="horizontalline_02">
		<location>0.17675781,0.8710927,BOTTOM_LEFT</location>
		<size>0.6464844,0.00390625</size>
		<blending>true</blending>
		<texture>gui/common/ks_common_line_01.png</texture>
		<textureLocation>0.015625,0.9375</textureLocation>
		<textureSize>0.96875,0.046875</textureSize>
	</widget>
	<widget class="DmglImage" name="horizontalline_03">
		<location>0.17675781,0.09895833,BOTTOM_LEFT</location>
		<size>0.6464844,0.00390625</size>
		<blending>true</blending>
		<texture>gui/common/ks_common_line_01.png</texture>
		<textureLocation>0.015625,0.9375</textureLocation>
		<textureSize>0.96875,0.046875</textureSize>
	</widget>
	<widget class="DmglImage" name="horizontalline_04">
		<location>0.17675781,0.06119791,BOTTOM_LEFT</location>
		<size>0.6464844,0.00390625</size>
		<blending>true</blending>
		<texture>gui/common/ks_common_line_01.png</texture>
		<textureLocation>0.015625,0.953125</textureLocation>
		<textureSize>0.96875,0.046875</textureSize>
	</widget>
	<widget class="DmglImage" name="verticalline_02">
		<location>0.82128906,0.06250054,BOTTOM_LEFT</location>
		<size>0.0029296875,0.875</size>
		<blending>true</blending>
		<texture>gui/common/ks_common_line_02.png</texture>
		<textureLocation>0.0,0.0</textureLocation>
		<textureSize>0.046875,1.0</textureSize>
	</widget>
	<widget class="DmglImage" name="verticalline_01">
		<location>0.17578125,0.062500075,BOTTOM_LEFT</location>
		<size>0.0029296875,0.875</size>
		<blending>true</blending>
		<texture>gui/common/ks_common_line_02.png</texture>
		<textureLocation>0.0,0.0</textureLocation>
		<textureSize>0.046875,1.0</textureSize>
	</widget>
	<widget class="DmglLabel" name="lblLoserMessage">
		<location>0.5,0.08072914,CENTER</location>
		<size>0.13183594,0.015625</size>
		<blending>true</blending>
		<font>ARMYC___.TTF</font>
		<fontScale>1.0</fontScale>
		<fontColor>0.97265625,0.50390625,0.96875,1.0</fontColor>
	</widget>
	<widget class="DmglLabel" name="score_04">
		<label>M</label>
		<location>0.49902344,0.53385425,CENTER</location>
		<size>0.01171875,0.020833334</size>
		<blending>true</blending>
		<font>ARMYC___.TTF</font>
		<fontScale>0.94</fontScale>
		<fontColor>0.78125,0.78125,0.78125,1.0</fontColor>
	</widget>
	<widget class="DmglLabel" name="position_05">
		<label>M</label>
		<location>0.19335938,0.43098956,BOTTOM_LEFT</location>
		<size>0.0126953125,0.014322917</size>
		<blending>true</blending>
		<font>ARMYC___.TTF</font>
		<fontScale>0.94</fontScale>
		<fontColor>0.78125,0.78125,0.78125,1.0</fontColor>
	</widget>
	<widget class="DmglLabel" name="playername_05">
		<label>M</label>
		<location>0.25097656,0.4309896,BOTTOM_LEFT</location>
		<size>0.0126953125,0.014322917</size>
		<blending>true</blending>
		<font>ARMYC___.TTF</font>
		<fontScale>0.94</fontScale>
		<fontColor>0.78125,0.78125,0.78125,1.0</fontColor>
	</widget>
	<widget class="DmglLabel" name="score_05">
		<label>M</label>
		<location>0.49902344,0.43750003,CENTER</location>
		<size>0.0126953125,0.014322917</size>
		<blending>true</blending>
		<font>ARMYC___.TTF</font>
		<fontScale>0.94</fontScale>
		<fontColor>0.78125,0.78125,0.78125,1.0</fontColor>
	</widget>
	<widget class="DmglLabel" name="position_06">
		<label>M</label>
		<location>0.19335938,0.3346357,BOTTOM_LEFT</location>
		<size>0.0126953125,0.014322917</size>
		<blending>true</blending>
		<font>ARMYC___.TTF</font>
		<fontScale>0.94</fontScale>
		<fontColor>0.78125,0.78125,0.78125,1.0</fontColor>
	</widget>
	<widget class="DmglLabel" name="playername_06">
		<label>M</label>
		<location>0.25097656,0.33463538,BOTTOM_LEFT</location>
		<size>0.0126953125,0.014322917</size>
		<blending>true</blending>
		<font>ARMYC___.TTF</font>
		<fontScale>0.94</fontScale>
		<fontColor>0.78125,0.78125,0.78125,1.0</fontColor>
	</widget>
	<widget class="DmglLabel" name="score_06">
		<label>M</label>
		<location>0.49902344,0.34114605,CENTER</location>
		<size>0.0126953125,0.014322917</size>
		<blending>true</blending>
		<font>ARMYC___.TTF</font>
		<fontScale>0.94</fontScale>
		<fontColor>0.78125,0.78125,0.78125,1.0</fontColor>
	</widget>
	<widget class="DmglLabel" name="position_07">
		<label>M</label>
		<location>0.19335938,0.23828162,BOTTOM_LEFT</location>
		<size>0.0126953125,0.014322917</size>
		<blending>true</blending>
		<font>ARMYC___.TTF</font>
		<fontScale>0.94</fontScale>
		<fontColor>0.78125,0.78125,0.78125,1.0</fontColor>
	</widget>
	<widget class="DmglLabel" name="playername_07">
		<label>M</label>
		<location>0.25097656,0.23828125,BOTTOM_LEFT</location>
		<size>0.0126953125,0.014322917</size>
		<blending>true</blending>
		<font>ARMYC___.TTF</font>
		<fontScale>0.94</fontScale>
		<fontColor>0.78125,0.78125,0.78125,1.0</fontColor>
	</widget>
	<widget class="DmglLabel" name="score_07">
		<label>M</label>
		<location>0.49902344,0.24479204,CENTER</location>
		<size>0.0126953125,0.014322917</size>
		<blending>true</blending>
		<font>ARMYC___.TTF</font>
		<fontScale>0.94</fontScale>
		<fontColor>0.78125,0.78125,0.78125,1.0</fontColor>
	</widget>
	<widget class="DmglLabel" name="position_08">
		<label>M</label>
		<location>0.19335938,0.14192738,BOTTOM_LEFT</location>
		<size>0.01171875,0.020833334</size>
		<blending>true</blending>
		<font>ARMYC___.TTF</font>
		<fontScale>0.94</fontScale>
		<fontColor>0.97265625,0.50390625,0.96875,1.0</fontColor>
	</widget>
	<widget class="DmglLabel" name="playername_08">
		<label>M</label>
		<location>0.25097656,0.14192712,BOTTOM_LEFT</location>
		<size>0.01171875,0.020833334</size>
		<blending>true</blending>
		<font>ARMYC___.TTF</font>
		<fontScale>0.94</fontScale>
		<fontColor>0.97265625,0.50390625,0.96875,1.0</fontColor>
	</widget>
	<widget class="DmglLabel" name="score_08">
		<label>M</label>
		<location>0.49902344,0.14973988,CENTER</location>
		<size>0.01171875,0.020833334</size>
		<blending>true</blending>
		<font>ARMYC___.TTF</font>
		<fontScale>0.94</fontScale>
		<fontColor>0.97265625,0.50390625,0.96875,1.0</fontColor>
	</widget>
	<widget class="DmglLabel" name="lblWinnerMessage">
		<label>PLAYER 1 WINS !</label>
		<location>0.5,0.8997394,CENTER</location>
		<size>0.24023438,0.03125</size>
		<blending>true</blending>
		<font>ARMYC___.TTF</font>
		<fontScale>1.9</fontScale>
		<fontColor>0.99609375,0.94140625,0.07421875,1.0</fontColor>
	</widget>
	<widget class="DmglLabel" name="position_01">
		<label>M</label>
		<location>0.19335938,0.81640625,BOTTOM_LEFT</location>
		<size>0.0126953125,0.014322917</size>
		<blending>true</blending>
		<font>ARMYC___.TTF</font>
		<fontScale>0.94</fontScale>
		<fontColor>0.99609375,0.94140625,0.07421875,1.0</fontColor>
	</widget>
	<widget class="DmglLabel" name="playername_01">
		<label>M</label>
		<location>0.25097656,0.81640625,BOTTOM_LEFT</location>
		<size>0.0126953125,0.014322917</size>
		<blending>true</blending>
		<font>ARMYC___.TTF</font>
		<fontScale>0.94</fontScale>
		<fontColor>0.99609375,0.94140625,0.07421875,1.0</fontColor>
	</widget>
	<widget class="DmglLabel" name="score_01">
		<label>M</label>
		<location>0.49902344,0.8242186,CENTER</location>
		<size>0.0126953125,0.014322917</size>
		<blending>true</blending>
		<font>ARMYC___.TTF</font>
		<fontScale>0.94</fontScale>
		<fontColor>0.99609375,0.94140625,0.07421875,1.0</fontColor>
	</widget>
	<widget class="DmglLabel" name="position_02">
		<label>M</label>
		<location>0.19335938,0.7200521,BOTTOM_LEFT</location>
		<size>0.0126953125,0.014322917</size>
		<blending>true</blending>
		<font>ARMYC___.TTF</font>
		<fontScale>0.94</fontScale>
		<fontColor>0.78125,0.78125,0.78125,1.0</fontColor>
	</widget>
	<widget class="DmglLabel" name="playername_02">
		<label>M</label>
		<location>0.25097656,0.72005206,BOTTOM_LEFT</location>
		<size>0.0126953125,0.014322917</size>
		<blending>true</blending>
		<font>ARMYC___.TTF</font>
		<fontScale>0.94</fontScale>
		<fontColor>0.78125,0.78125,0.78125,1.0</fontColor>
	</widget>
	<widget class="DmglLabel" name="score_02">
		<label>M</label>
		<location>0.49902344,0.72656244,CENTER</location>
		<size>0.0126953125,0.014322917</size>
		<blending>true</blending>
		<font>ARMYC___.TTF</font>
		<fontScale>0.94</fontScale>
		<fontColor>0.78125,0.78125,0.78125,1.0</fontColor>
	</widget>
	<widget class="DmglLabel" name="position_03">
		<label>M</label>
		<location>0.19335938,0.6236979,BOTTOM_LEFT</location>
		<size>0.0126953125,0.014322917</size>
		<blending>true</blending>
		<font>ARMYC___.TTF</font>
		<fontScale>0.94</fontScale>
		<fontColor>0.78125,0.78125,0.78125,1.0</fontColor>
	</widget>
	<widget class="DmglLabel" name="playername_03">
		<label>M</label>
		<location>0.25097656,0.62369794,BOTTOM_LEFT</location>
		<size>0.0126953125,0.014322917</size>
		<blending>true</blending>
		<font>ARMYC___.TTF</font>
		<fontScale>0.94</fontScale>
		<fontColor>0.78125,0.78125,0.78125,1.0</fontColor>
	</widget>
	<widget class="DmglLabel" name="score_03">
		<label>M</label>
		<location>0.49902344,0.63020873,CENTER</location>
		<size>0.0126953125,0.014322917</size>
		<blending>true</blending>
		<font>ARMYC___.TTF</font>
		<fontScale>0.94</fontScale>
		<fontColor>0.78125,0.78125,0.78125,1.0</fontColor>
	</widget>
	<widget class="DmglLabel" name="position_04">
		<label>M</label>
		<location>0.19335938,0.5273438,BOTTOM_LEFT</location>
		<size>0.0126953125,0.014322917</size>
		<blending>true</blending>
		<font>ARMYC___.TTF</font>
		<fontScale>0.94</fontScale>
		<fontColor>0.78125,0.78125,0.78125,1.0</fontColor>
	</widget>
	<widget class="DmglLabel" name="playername_04">
		<label>M</label>
		<location>0.25097656,0.52734363,BOTTOM_LEFT</location>
		<size>0.0126953125,0.014322917</size>
		<blending>true</blending>
		<font>ARMYC___.TTF</font>
		<fontScale>0.94</fontScale>
		<fontColor>0.78125,0.78125,0.78125,1.0</fontColor>
	</widget>
</panel>