<panel name="setup panel">
	<!--
	============================

		SETUP PANEL

	============================
	-->
	<widget class="DmglImage" name="Setup Top Left Image">
		<size> 0.5, 0.6667 </size>
		<location> 0.0, 0.333, BOTTOM_LEFT </location>
		<blending> false </blending>
		<texture>gui/common/ks_common_background_01.jpg</texture>
	</widget>

	<widget class="DmglImage" name="Setup Top Right Image">
		<size> 0.5, 0.667 </size>
		<location> 0.5, 0.333, BOTTOM_LEFT </location>
		<blending> false </blending>
		<texture>gui/common/ks_common_background_02.jpg</texture>
	</widget>

	<widget class="DmglImage" name="Setup Bottom Left Image">
		<size> 0.5, 0.333 </size>
		<location> 0.0, 0.0, BOTTOM_LEFT </location>
		<blending> false </blending>
		<texture>gui/common/ks_common_background_03.jpg</texture>
	</widget>

	<widget class="DmglImage" name="Setup Bottom Right Image">
		<size> 0.5, 0.333 </size>
		<location> 0.5, 0.0, BOTTOM_LEFT </location>
		<blending> false </blending>
		<texture>gui/common/ks_common_background_04.jpg</texture>
	</widget>
	<widget class="DmglImage" name="line_1">
		<location>0.7763672,0.45703244,BOTTOM_LEFT</location>
		<size>0.16113281,0.083333336</size>
		<blending>true</blending>
		<texture>gui/common/ks_common_line_01.png</texture>
		<textureLocation>0.0,0.0</textureLocation>
		<textureSize>1.0,1.0</textureSize>
	</widget>
	<widget class="DmglImage" name="line_2">
		<location>0.7753906,0.16406244,BOTTOM_LEFT</location>
		<size>0.0546875,0.083333336</size>
		<blending>true</blending>
		<texture>gui/common/ks_common_line_01.png</texture>
		<textureLocation>0.0,0.0</textureLocation>
		<textureSize>1.0,1.0</textureSize>
	</widget>
	<widget class="DmglLabel" name="lblLocationTitle">
		<label>MENU_COMMON_LOCATION_OPTIONS</label>
		<location>0.855,0.5516664,CENTER</location>
		<size>0.13476562,0.013020833</size>
		<blending>true</blending>
		<font>ARMYC___.TTF</font>
		<fontScale>0.9</fontScale>
		<fontColor>0.3203125,0.2109375,0.72265625,1.0</fontColor>
	</widget>
	<widget class="DmglLabel" name="lblUrbanists">
		<label>MENU_LEGEND_URBANISTS</label>
		<location>0.77734375,0.3945313,BOTTOM_LEFT</location>
		<size>0.059570312,0.009114583</size>
		<blending>true</blending>
		<font>ARMYC___.TTF</font>
		<fontScale>0.6</fontScale>
		<fontColor>0.3203125,0.2109375,0.72265625,1.0</fontColor>
	</widget>
	<widget class="DmglLabel" name="lblKenny">
		<label>MENU_LEGEND_KENNY</label>
		<location>0.859375,0.39453134,BOTTOM_LEFT</location>
		<size>0.125,0.020833334</size>
		<blending>true</blending>
		<font>ARMYC___.TTF</font>
		<fontScale>0.63</fontScale>
		<fontColor>0.3203125,0.2109375,0.72265625,1.0</fontColor>
	</widget>
	<widget class="DmglLabel" name="lblSpenny">
		<label>MENU_LEGEND_SPENNY</label>
		<location>0.859375,0.37109384,BOTTOM_LEFT</location>
		<size>0.14941406,0.020833334</size>
		<blending>true</blending>
		<font>ARMYC___.TTF</font>
		<fontScale>0.63</fontScale>
		<fontColor>0.3203125,0.2109375,0.72265625,1.0</fontColor>
	</widget>
	<widget class="DmglLabel" name="lblPlanNumber">
		<label>MENU_COMMON_PLAN_NUMBER</label>
		<location>0.859375,0.32812518,CENTER</location>
		<size>0.13183594,0.015625</size>
		<blending>true</blending>
		<font>ARMYC___.TTF</font>
		<fontScale>0.76</fontScale>
		<fontColor>0.3203125,0.2109375,0.72265625,1.0</fontColor>
	</widget>
	<widget class="DmglLabel" name="lblLegend">
		<label>MENU_LEGEND_TITLE</label>
		<location>0.7783203,0.24869782,BOTTOM_LEFT</location>
		<size>0.048828125,0.01171875</size>
		<blending>true</blending>
		<font>ARMYC___.TTF</font>
		<fontScale>0.7</fontScale>
		<fontColor>0.3203125,0.2109375,0.72265625,1.0</fontColor>
	</widget>
	<widget class="DmglImage" name="image_map_wasteball">
		<location>0.7363281,0.52473986,BOTTOM_LEFT</location>
		<size>0.25,0.33333334</size>
		<blending>true</blending>
		<texture>gui/common/ks_common_wasteball_01.png</texture>
		<textureLocation>0.0,0.0</textureLocation>
		<textureSize>1.0,1.0</textureSize>
	</widget>
	<widget class="DmglImage" name="image_map_cemetery">
		<location>0.7363281,0.5247396,BOTTOM_LEFT</location>
		<size>0.25,0.33333334</size>
		<blending>true</blending>
		<texture>gui/common/ks_common_loser_01.png</texture>
		<textureLocation>0.0,0.0</textureLocation>
		<textureSize>1.0,1.0</textureSize>
	</widget>
	<widget class="DmglImage" name="image_map_market">
		<location>0.7363281,0.524739,BOTTOM_LEFT</location>
		<size>0.25,0.33333334</size>
		<blending>true</blending>
		<texture>gui/common/ks_common_market_01.png</texture>
		<textureLocation>0.0,0.0</textureLocation>
		<textureSize>1.0,1.0</textureSize>
	</widget>


	<widget class="DmglLabel" name="Option Title">
		<location>0.1, 0.8, BOTTOM_LEFT</location>
		<fontScale>3.0</fontScale>
		<fontColor>0.32, 0.21, 0.72, 1.0</fontColor>
		<font>ARMYC___.TTF</font>
	</widget>

	<widget class="DmglImage" name="image_map_options">
		<location>0.7363281,0.524739,BOTTOM_LEFT</location>
		<size>0.25,0.33333334</size>
		<blending>true</blending>
		<texture>gui/common/ks_common_option_01.png</texture>
		<textureLocation>0.0,0.0</textureLocation>
		<textureSize>1.0,1.0</textureSize>
	</widget>

    <widget class="DmglButton" name="Slider Button">
        <size>0.016, 0.022</size>
        <blending> true</blending>
        <visible>false</visible>

        <textureSize>0.125,0.25</textureSize>
        <textureLocation>0.875,0.0</textureLocation>

        <visual type="BUTTON_ACTIVE" texture="gui/options/ks_options_slider_01.png" ></visual>
        <visual type="BUTTON_INACTIVE" texture="gui/options/ks_options_slider_01.png" ></visual>
        <visual type="BUTTON_PRESSED" texture="gui/options/ks_options_slider_01.png" ></visual>
        <visual type="BUTTON_RELEASED" texture="gui/options/ks_options_slider_01.png" ></visual>
    </widget>

    <widget class="DmglImage" name="Slider Background">
        <size>0.12,0.035</size>
        <blending> true</blending>
        <visible>false</visible>

        <textureSize>1.0,0.5</textureSize>
        <textureLocation>0.0, 0.5</textureLocation>
        <texture>gui/options/ks_options_slider_01.png</texture>
    </widget>


    <widget class="DmglButton" name="Setup Controls Button">
        <location>0.05, 0.6, BOTTOM_LEFT</location>
        <blending> true</blending>
        <mouseMotion>true</mouseMotion>
        <mouseSelection>true</mouseSelection>

        <visual type="BUTTON_ACTIVE"    font="ARMYC___.TTF" fontSize="1.2" fontColor="0.32, 0.21, 0.72, 0.7"></visual>
        <visual type="BUTTON_INACTIVE"  font="ARMYC___.TTF" fontSize="1.2" fontColor="0.32, 0.21, 0.72, 1.0"></visual>
        <visual type="BUTTON_PRESSED"   font="ARMYC___.TTF" fontSize="1.2" fontColor="0.66, 0.57, 0.93, 1.0"></visual>
        <visual type="BUTTON_RELEASED"  font="ARMYC___.TTF" fontSize="1.2" fontColor="0.66, 0.57, 0.93, 1.0"></visual>

        <action type="ACTION_ENTERED" sound="gui/button_over.wav"></action>
        <action type="ACTION_PRESSED" sound="gui/button_click.wav"></action>
    </widget>

    <widget class="DmglButton" name="Setup Graphics Button">
        <location>0.05, 0.50, BOTTOM_LEFT</location>
        <blending> true</blending>
        <mouseMotion>true</mouseMotion>
        <mouseSelection>true</mouseSelection>

        <visual type="BUTTON_ACTIVE"    font="ARMYC___.TTF" fontSize="1.2" fontColor="0.32, 0.21, 0.72, 0.7"></visual>
        <visual type="BUTTON_INACTIVE"  font="ARMYC___.TTF" fontSize="1.2" fontColor="0.32, 0.21, 0.72, 1.0"></visual>
        <visual type="BUTTON_PRESSED"   font="ARMYC___.TTF" fontSize="1.2" fontColor="0.66, 0.57, 0.93, 1.0"></visual>
        <visual type="BUTTON_RELEASED"  font="ARMYC___.TTF" fontSize="1.2" fontColor="0.66, 0.57, 0.93, 1.0"></visual>

        <action type="ACTION_ENTERED" sound="gui/button_over.wav"></action>
        <action type="ACTION_PRESSED" sound="gui/button_click.wav"></action>
    </widget>

    <widget class="DmglButton" name="Setup Sound Button">
        <location>0.05, 0.4, BOTTOM_LEFT</location>
        <blending> true</blending>
        <mouseMotion>true</mouseMotion>
        <mouseSelection>true</mouseSelection>

        <visual type="BUTTON_ACTIVE"    font="ARMYC___.TTF" fontSize="1.2" fontColor="0.32, 0.21, 0.72, 0.7"></visual>
        <visual type="BUTTON_INACTIVE"  font="ARMYC___.TTF" fontSize="1.2" fontColor="0.32, 0.21, 0.72, 1.0"></visual>
        <visual type="BUTTON_PRESSED"   font="ARMYC___.TTF" fontSize="1.2" fontColor="0.66, 0.57, 0.93, 1.0"></visual>
        <visual type="BUTTON_RELEASED"  font="ARMYC___.TTF" fontSize="1.2" fontColor="0.66, 0.57, 0.93, 1.0"></visual>

        <action type="ACTION_ENTERED" sound="gui/button_over.wav"></action>
        <action type="ACTION_PRESSED" sound="gui/button_click.wav"></action>
    </widget>

    <widget class="DmglButton" name="Setup Profile Button">
        <location>0.05, 0.3, BOTTOM_LEFT</location>
        <blending> true</blending>
        <mouseMotion>true</mouseMotion>
        <mouseSelection>true</mouseSelection>

        <visual type="BUTTON_ACTIVE"    font="ARMYC___.TTF" fontSize="1.2" fontColor="0.32, 0.21, 0.72, 0.7"></visual>
        <visual type="BUTTON_INACTIVE"  font="ARMYC___.TTF" fontSize="1.2" fontColor="0.32, 0.21, 0.72, 1.0"></visual>
        <visual type="BUTTON_PRESSED"   font="ARMYC___.TTF" fontSize="1.2" fontColor="0.66, 0.57, 0.93, 1.0"></visual>
        <visual type="BUTTON_RELEASED"  font="ARMYC___.TTF" fontSize="1.2" fontColor="0.66, 0.57, 0.93, 1.0"></visual>

        <action type="ACTION_ENTERED" sound="gui/button_over.wav"></action>
        <action type="ACTION_PRESSED" sound="gui/button_click.wav"></action>
    </widget>

    <widget class="DmglButton" name="Credit Button">
        <location>0.05, 0.20, BOTTOM_LEFT</location>
        <blending> true</blending>
        <mouseMotion>true</mouseMotion>
        <mouseSelection>true</mouseSelection>

        <visual type="BUTTON_ACTIVE"    font="ARMYC___.TTF" fontSize="1.2" fontColor="0.32, 0.21, 0.72, 0.7"></visual>
        <visual type="BUTTON_INACTIVE"  font="ARMYC___.TTF" fontSize="1.2" fontColor="0.32, 0.21, 0.72, 1.0"></visual>
        <visual type="BUTTON_PRESSED"   font="ARMYC___.TTF" fontSize="1.2" fontColor="0.66, 0.57, 0.93, 1.0"></visual>
        <visual type="BUTTON_RELEASED"  font="ARMYC___.TTF" fontSize="1.2" fontColor="0.66, 0.57, 0.93, 1.0"></visual>

        <action type="ACTION_ENTERED" sound="gui/button_over.wav"></action>
        <action type="ACTION_PRESSED" sound="gui/button_click.wav"></action>
    </widget>
    
	
    <!--
    ============================

        CONTROLS WIDGET

    ============================
    -->

    <widget class="DmglLabel" name= "Controls Invert Mouse Label" >
        <location>0.35, 0.6, BOTTOM_LEFT</location>
        <fontScale>1.0</fontScale>
	<fontColor>0.32, 0.21, 0.72, 1.0</fontColor>
	<font>ARMYC___.TTF</font>
    </widget>

    <widget class="DmglLabel" name="Controls Mouse Speed Label">
        <location>0.35, 0.55, BOTTOM_LEFT</location>
        <fontScale>1.0</fontScale>
	<fontColor>0.32, 0.21, 0.72, 1.0</fontColor>
	<font>ARMYC___.TTF</font>
    </widget>


    <widget class="DmglButton" name="Invert Mouse Yes No Button">
        <location>0.55, 0.6, BOTTOM_LEFT</location>
        <blending> true</blending>
        <mouseMotion>true</mouseMotion>
        <mouseSelection>true</mouseSelection>

        <visual type="BUTTON_ACTIVE"    font="ARMYC___.TTF" fontSize="1" fontColor="0.32, 0.21, 0.72, 0.7"></visual>
        <visual type="BUTTON_INACTIVE"  font="ARMYC___.TTF" fontSize="1" fontColor="0.32, 0.21, 0.72, 1.0"></visual>
        <visual type="BUTTON_PRESSED"   font="ARMYC___.TTF" fontSize="1" fontColor="0.66,0.57,0.93,1.0"></visual>
        <visual type="BUTTON_RELEASED"  font="ARMYC___.TTF" fontSize="1" fontColor="0.66, 0.57, 0.93, 1.0"></visual>

        <action type="ACTION_ENTERED" sound="gui/button_over.wav"></action>
        <action type="ACTION_PRESSED" sound="gui/button_click.wav"></action>
    </widget>

    <widget class="DmglSlider" name="Mouse Speed Slider">
        <size>0.12,0.035</size>
        <location>0.55,0.55,BOTTOM_LEFT</location>

        <action type="ACTION_ENTERED" sound="gui/button_over.wav"></action>
        <button>Slider Button</button>
        <background>Slider Background</background>
    </widget>



    <widget class="DmglLabel" name= "Controls Invert Mouse Buttons Label" >
        <location>0.35, 0.5, BOTTOM_LEFT</location>
        <fontScale>1.0</fontScale>
	<fontColor>0.32, 0.21, 0.72, 1.0</fontColor>
	<font>ARMYC___.TTF</font>
    </widget>

    <widget class="DmglButton" name="Invert Mouse Buttons Yes No Button">
        <location>0.55, 0.5, BOTTOM_LEFT</location>
        <blending> true</blending>
        <mouseMotion>true</mouseMotion>
        <mouseSelection>true</mouseSelection>

        <visual type="BUTTON_ACTIVE"    font="ARMYC___.TTF" fontSize="1" fontColor="0.32, 0.21, 0.72, 0.7"></visual>
        <visual type="BUTTON_INACTIVE"  font="ARMYC___.TTF" fontSize="1" fontColor="0.32, 0.21, 0.72, 1.0"></visual>
        <visual type="BUTTON_PRESSED"   font="ARMYC___.TTF" fontSize="1" fontColor="0.66,0.57,0.93,1.0"></visual>
        <visual type="BUTTON_RELEASED"  font="ARMYC___.TTF" fontSize="1" fontColor="0.66, 0.57, 0.93, 1.0"></visual>

        <action type="ACTION_ENTERED" sound="gui/button_over.wav"></action>
        <action type="ACTION_PRESSED" sound="gui/button_click.wav"></action>
    </widget>


    <!--
    ============================

        GRAPHICS WIDGET

    ============================
    -->

    <widget class="DmglLabel" name="Graphics Resolution Label">
        <location>0.35,0.6,BOTTOM_LEFT</location>
        <fontScale>1.0</fontScale>
	<fontColor>0.32, 0.21, 0.72, 1.0</fontColor>
	<font>ARMYC___.TTF</font>
    </widget>

    <widget class="DmglButton" name="Graphics Resolution Button">
        <location>0.55, 0.6, BOTTOM_LEFT</location>
        <blending> true</blending>
        <mouseMotion>true</mouseMotion>
	<mouseSelection>true</mouseSelection>

        <visual type="BUTTON_ACTIVE"    font="ARMYC___.TTF" fontSize="1" fontColor="0.32, 0.21, 0.72, 0.7"></visual>
        <visual type="BUTTON_INACTIVE"  font="ARMYC___.TTF" fontSize="1" fontColor="0.32, 0.21, 0.72, 1.0"></visual>
        <visual type="BUTTON_PRESSED"   font="ARMYC___.TTF" fontSize="1" fontColor="0.66,0.57,0.93,1.0"></visual>
        <visual type="BUTTON_RELEASED"  font="ARMYC___.TTF" fontSize="1" fontColor="0.66, 0.57, 0.93, 1.0"></visual>

        <action type="ACTION_ENTERED" sound="gui/button_over.wav"></action>
        <action type="ACTION_PRESSED" sound="gui/button_click.wav"></action>
    </widget>

    <widget class="DmglLabel" name="Graphics Fullscreen Label">
        <location>0.35,0.55,BOTTOM_LEFT</location>
        <fontScale>1.0</fontScale>
	<fontColor>0.32, 0.21, 0.72, 1.0</fontColor>
	<font>ARMYC___.TTF</font>
    </widget>

    <widget class="DmglButton" name="Graphics Fullscreen Button">
        <location>0.55, 0.55, BOTTOM_LEFT</location>
        <blending> true</blending>
        <mouseMotion>true</mouseMotion>
	<mouseSelection>true</mouseSelection>

        <visual type="BUTTON_ACTIVE"    font="ARMYC___.TTF" fontSize="1" fontColor="0.32, 0.21, 0.72, 0.7"></visual>
        <visual type="BUTTON_INACTIVE"  font="ARMYC___.TTF" fontSize="1" fontColor="0.32, 0.21, 0.72, 1.0"></visual>
        <visual type="BUTTON_PRESSED"   font="ARMYC___.TTF" fontSize="1" fontColor="0.66,0.57,0.93,1.0"></visual>
        <visual type="BUTTON_RELEASED"  font="ARMYC___.TTF" fontSize="1" fontColor="0.66, 0.57, 0.93, 1.0"></visual>

        <action type="ACTION_ENTERED" sound="gui/button_over.wav"></action>
        <action type="ACTION_PRESSED" sound="gui/button_click.wav"></action>
    </widget>

    <widget class="DmglLabel" name="Graphics Texture Detail Label">
        <location>0.35,0.5,BOTTOM_LEFT</location>
        <fontScale>1.0</fontScale>
	<fontColor>0.32, 0.21, 0.72, 1.0</fontColor>
	<font>ARMYC___.TTF</font>
    </widget>

    <widget class="DmglButton" name="Graphics Texture Detail Button">
        <location>0.55, 0.5, BOTTOM_LEFT</location>
        <blending> true</blending>
	<mouseMotion>true</mouseMotion>
	<mouseSelection>true</mouseSelection>

        <visual type="BUTTON_ACTIVE"    font="ARMYC___.TTF" fontSize="1" fontColor="0.32, 0.21, 0.72, 0.7"></visual>
        <visual type="BUTTON_INACTIVE"  font="ARMYC___.TTF" fontSize="1" fontColor="0.32, 0.21, 0.72, 1.0"></visual>
        <visual type="BUTTON_PRESSED"   font="ARMYC___.TTF" fontSize="1" fontColor="0.66,0.57,0.93,1.0"></visual>
        <visual type="BUTTON_RELEASED"  font="ARMYC___.TTF" fontSize="1" fontColor="0.66, 0.57, 0.93, 1.0"></visual>

        <action type="ACTION_ENTERED" sound="gui/button_over.wav"></action>
        <action type="ACTION_PRESSED" sound="gui/button_click.wav"></action>
    </widget>

    <widget class="DmglLabel" name="Graphics Texture Quality Label">
        <location>0.35,0.45,BOTTOM_LEFT</location>
        <fontScale>1.0</fontScale>
	<fontColor>0.32, 0.21, 0.72, 1.0</fontColor>
	<font>ARMYC___.TTF</font>
    </widget>

    <widget class="DmglButton" name="Graphics Texture Quality Button">
        <location>0.55, 0.45, BOTTOM_LEFT</location>
        <blending> true</blending>
        <mouseMotion>true</mouseMotion>
	<mouseSelection>true</mouseSelection>

        <visual type="BUTTON_ACTIVE"    font="ARMYC___.TTF" fontSize="1" fontColor="0.32, 0.21, 0.72, 0.7"></visual>
        <visual type="BUTTON_INACTIVE"  font="ARMYC___.TTF" fontSize="1" fontColor="0.32, 0.21, 0.72, 1.0"></visual>
        <visual type="BUTTON_PRESSED"   font="ARMYC___.TTF" fontSize="1" fontColor="0.66,0.57,0.93,1.0"></visual>
        <visual type="BUTTON_RELEASED"  font="ARMYC___.TTF" fontSize="1" fontColor="0.66, 0.57, 0.93, 1.0"></visual>

        <action type="ACTION_ENTERED" sound="gui/button_over.wav"></action>
        <action type="ACTION_PRESSED" sound="gui/button_click.wav"></action>
    </widget>

    <widget class="DmglLabel" name="Graphics Texture Filter Label">
        <location>0.35,0.4,BOTTOM_LEFT</location>
        <fontScale>1.0</fontScale>
	<fontColor>0.32, 0.21, 0.72, 1.0</fontColor>
	<font>ARMYC___.TTF</font>
    </widget>

    <widget class="DmglButton" name="Graphics Texture Filter Button">
        <location>0.55, 0.4, BOTTOM_LEFT</location>
        <blending> true</blending>
        <mouseMotion>true</mouseMotion>
	<mouseSelection>true</mouseSelection>

        <visual type="BUTTON_ACTIVE"    font="ARMYC___.TTF" fontSize="1" fontColor="0.32, 0.21, 0.72, 0.7"></visual>
        <visual type="BUTTON_INACTIVE"  font="ARMYC___.TTF" fontSize="1" fontColor="0.32, 0.21, 0.72, 1.0"></visual>
        <visual type="BUTTON_PRESSED"   font="ARMYC___.TTF" fontSize="1" fontColor="0.66,0.57,0.93,1.0"></visual>
        <visual type="BUTTON_RELEASED"  font="ARMYC___.TTF" fontSize="1" fontColor="0.66, 0.57, 0.93, 1.0"></visual>

        <action type="ACTION_ENTERED" sound="gui/button_over.wav"></action>
        <action type="ACTION_PRESSED" sound="gui/button_click.wav"></action>
    </widget>

    <widget class="DmglLabel" name="Graphics Driver Selection Label">
        <location>0.35,0.35,BOTTOM_LEFT</location>
        <fontScale>1.0</fontScale>
	<fontColor>0.32, 0.21, 0.72, 1.0</fontColor>
	<font>ARMYC___.TTF</font>
    </widget>

    <widget class="DmglButton" name="Graphics Driver Selection Button">
        <location>0.55, 0.35, BOTTOM_LEFT</location>
        <blending> true</blending>
        <mouseMotion>true</mouseMotion>
	<mouseSelection>true</mouseSelection>

        <visual type="BUTTON_ACTIVE"    font="ARMYC___.TTF" fontSize="1" fontColor="0.32, 0.21, 0.72, 0.7"></visual>
        <visual type="BUTTON_INACTIVE"  font="ARMYC___.TTF" fontSize="1" fontColor="0.32, 0.21, 0.72, 1.0"></visual>
        <visual type="BUTTON_PRESSED"   font="ARMYC___.TTF" fontSize="1" fontColor="0.66,0.57,0.93,1.0"></visual>
        <visual type="BUTTON_RELEASED"  font="ARMYC___.TTF" fontSize="1" fontColor="0.66, 0.57, 0.93, 1.0"></visual>

        <action type="ACTION_ENTERED" sound="gui/button_over.wav"></action>
        <action type="ACTION_PRESSED" sound="gui/button_click.wav"></action>
    </widget>

    <!--
    ============================

        DISPLAY WIDGET

    ============================
    -->   
    <widget class="DmglLabel" name="Display Crosshair Label">
        <location>0.35,0.45,BOTTOM_LEFT</location>        
        <fontScale>1.0</fontScale>
	<fontColor>0.32, 0.21, 0.72, 1.0</fontColor>
	<font>ARMYC___.TTF</font>
    </widget>

    <widget class="DmglButton" name="Display Crosshair Button">
        <location>0.55, 0.45,BOTTOM_LEFT</location>        
        <size>0.03125,0.0416667</size>
	<blending>true</blending>
	<textureLocation>0.0,0.0</textureLocation>
	<textureSize>1.0,1.0</textureSize>
	<mouseMotion>true</mouseMotion>
	<mouseSelection>true</mouseSelection>
	<visual type="BUTTON_ACTIVE" texture="" />
	<visual type="BUTTON_INACTIVE" texture="" />
	<visual type="BUTTON_PRESSED" texture="" />
	<visual type="BUTTON_RELEASED" texture="" />
    </widget>

    <widget class="DmglLabel" name="Display Mirroring Label">
        <location>0.35,0.45,BOTTOM_LEFT</location>
        <fontScale>1.0</fontScale>
	<fontColor>0.32, 0.21, 0.72, 1.0</fontColor>
	<font>ARMYC___.TTF</font>
    </widget>

    <widget class="DmglButton" name="Display Mirroring Button">
        <location>0.55, 0.45, BOTTOM_LEFT</location>
        <blending> true</blending>
        <mouseMotion>true</mouseMotion>
	<mouseSelection>true</mouseSelection>

        <visual type="BUTTON_ACTIVE"    font="ARMYC___.TTF" fontSize="1" fontColor="0.32, 0.21, 0.72, 0.7"></visual>
        <visual type="BUTTON_INACTIVE"  font="ARMYC___.TTF" fontSize="1" fontColor="0.32, 0.21, 0.72, 1.0"></visual>
        <visual type="BUTTON_PRESSED"   font="ARMYC___.TTF" fontSize="1" fontColor="0.66,0.57,0.93,1.0"></visual>
        <visual type="BUTTON_RELEASED"  font="ARMYC___.TTF" fontSize="1" fontColor="0.66, 0.57, 0.93, 1.0"></visual>

        <action type="ACTION_ENTERED" sound="gui/button_over.wav"></action>
        <action type="ACTION_PRESSED" sound="gui/button_click.wav"></action>
    </widget>
    <!--
    ============================

        SOUND WIDGET

    ============================
    -->

    <widget class="DmglLabel" name="Enable Sound Label">
        <location>0.35,0.6,BOTTOM_LEFT</location>
        <fontScale>1.0</fontScale>
	<fontColor>0.32, 0.21, 0.72, 1.0</fontColor>
	<font>ARMYC___.TTF</font>
    </widget>

    <widget class="DmglLabel" name="Environmental Sounds Label">
        <location>0.35,0.55,BOTTOM_LEFT</location>
        <fontScale>1.0</fontScale>
	<fontColor>0.32, 0.21, 0.72, 1.0</fontColor>
	<font>ARMYC___.TTF</font>
    </widget>

    <widget class="DmglLabel" name="Sound Effects Label">
        <location>0.35,0.5,BOTTOM_LEFT</location>
        <fontScale>1.0</fontScale>
	<fontColor>0.32, 0.21, 0.72, 1.0</fontColor>
	<font>ARMYC___.TTF</font>
    </widget>

    <widget class="DmglLabel" name="Speaker Configuration Label">
	<location>0.35,0.45,BOTTOM_LEFT</location>
	<fontScale>1.0</fontScale>
	<fontColor>0.32, 0.21, 0.72, 1.0</fontColor>
	<font>ARMYC___.TTF</font>
    </widget>

    <widget class="DmglButton" name="Enable Sound Button">
        <location>0.55,0.6,BOTTOM_LEFT</location>
        <blending> true</blending>
        <mouseMotion>true</mouseMotion>
	<mouseSelection>true</mouseSelection>

        <visual type="BUTTON_ACTIVE"    font="ARMYC___.TTF" fontSize="1" fontColor="0.32, 0.21, 0.72, 0.7"></visual>
        <visual type="BUTTON_INACTIVE"  font="ARMYC___.TTF" fontSize="1" fontColor="0.32, 0.21, 0.72, 1.0"></visual>
        <visual type="BUTTON_PRESSED"   font="ARMYC___.TTF" fontSize="1" fontColor="0.66,0.57,0.93,1.0"></visual>
        <visual type="BUTTON_RELEASED"  font="ARMYC___.TTF" fontSize="1" fontColor="0.66, 0.57, 0.93, 1.0"></visual>

        <action type="ACTION_ENTERED" sound="gui/button_over.wav"></action>
        <action type="ACTION_PRESSED" sound="gui/button_click.wav"></action>
    </widget>
    
    <widget class="DmglSlider" name="Environmental Sounds Slider">
        <size>0.12,0.035</size>
        <location>0.55,0.55,BOTTOM_LEFT</location>
        <blending>true</blending>
        <action type="ACTION_ENTERED" sound="gui/button_over.wav"></action>
        <button>Slider Button</button>
        <background>Slider Background</background>
    </widget>

    <widget class="DmglSlider" name="Sound Effects Slider">
        <size>0.12,0.035</size>
        <location>0.55,0.5,BOTTOM_LEFT</location>
        <blending>true</blending>
        <action type="ACTION_ENTERED" sound="gui/button_over.wav"></action>
        <button>Slider Button</button>
        <background>Slider Background</background>
    </widget>
 
	<widget class="DmglButton" name="Speaker Configuration Button">
		<location>0.55, 0.45, BOTTOM_LEFT</location>
		<blending> true </blending>
		<mouseMotion>true</mouseMotion>
	<mouseSelection>true</mouseSelection>

		<visual type="BUTTON_ACTIVE" 	font="ARMYC___.TTF" fontSize="1" fontColor="0.32, 0.21, 0.72, 0.7"></visual>
		<visual type="BUTTON_INACTIVE" 	font="ARMYC___.TTF" fontSize="1" fontColor="0.32, 0.21, 0.72, 1.0"></visual>
		<visual type="BUTTON_PRESSED"	font="ARMYC___.TTF" fontSize="1" fontColor="0.66,0.57,0.93,1.0"></visual>
		<visual type="BUTTON_RELEASED"	font="ARMYC___.TTF" fontSize="1" fontColor="0.66, 0.57, 0.93, 1.0"></visual>
		<action type="ACTION_ENTERED" sound="gui/button_over.wav"></action>
		<action type="ACTION_PRESSED" sound="gui/button_click.wav"></action>
	</widget>    
 
    <!--
        Sounds that play when entering the slide bars for setting sound volume
    -->
    <sound name="Setup Panel Sound Effects" sound="common/graverave.wav"></sound>
    <sound name="Setup Panel Ambiant Sound" sound="wasteball/acid_burn.wav"></sound>    

	<widget class="DmglButton" name="btnLegendMain">
		<location>0.86328125,0.2135417,CENTER</location>
		<size>0.203125,0.045572918</size>
		<blending>true</blending>
		<mouseMotion>true</mouseMotion>
		<mouseSelection>true</mouseSelection>
		<visual type="BUTTON_ACTIVE" texture="gui/common/ks_common_legendbuttons_01.png" textureCoordinates="0.0,0.7265625,0.8125,0.2734375" />
		<visual type="BUTTON_INACTIVE" texture="gui/common/ks_common_legendbuttons_01.png" textureCoordinates="0.0,0.7265625,0.8125,0.2734375" />
		<visual type="BUTTON_PRESSED" texture="gui/common/ks_common_legendbuttons_01.png" textureCoordinates="0.0,0.7265625,0.8125,0.2734375" />
		<visual type="BUTTON_RELEASED" texture="gui/common/ks_common_legendbuttons_01.png" textureCoordinates="0.0,0.7265625,0.8125,0.2734375" />
	</widget>
	<widget class="DmglButton" name="btnLegendReset">
		<location>0.86328125,0.16536462,CENTER</location>
		<size>0.203125,0.045572918</size>
		<blending>true</blending>
		<mouseMotion>true</mouseMotion>
		<mouseSelection>true</mouseSelection>
		<visual type="BUTTON_ACTIVE" texture="gui/common/ks_common_legendbuttons_01.png" textureCoordinates="0.0,0.7265625,0.8125,0.2734375" />
		<visual type="BUTTON_INACTIVE" texture="gui/common/ks_common_legendbuttons_01.png" textureCoordinates="0.0,0.7265625,0.8125,0.2734375" />
		<visual type="BUTTON_PRESSED" texture="gui/common/ks_common_legendbuttons_01.png" textureCoordinates="0.0,0.7265625,0.8125,0.2734375" />
		<visual type="BUTTON_RELEASED" texture="gui/common/ks_common_legendbuttons_01.png" textureCoordinates="0.0,0.7265625,0.8125,0.2734375" />
	</widget>
	<widget class="DmglButton" name="btnLegendCancel">
		<location>0.86328125,0.11848957,CENTER</location>
		<size>0.203125,0.045572918</size>
		<blending>true</blending>
		<mouseMotion>true</mouseMotion>
		<mouseSelection>true</mouseSelection>
		<visual type="BUTTON_ACTIVE" texture="gui/common/ks_common_legendbuttons_01.png" textureCoordinates="0.0,0.7265625,0.8125,0.2734375" />
		<visual type="BUTTON_INACTIVE" texture="gui/common/ks_common_legendbuttons_01.png" textureCoordinates="0.0,0.7265625,0.8125,0.2734375" />
		<visual type="BUTTON_PRESSED" texture="gui/common/ks_common_legendbuttons_01.png" textureCoordinates="0.0,0.7265625,0.8125,0.2734375" />
		<visual type="BUTTON_RELEASED" texture="gui/common/ks_common_legendbuttons_01.png" textureCoordinates="0.0,0.7265625,0.8125,0.2734375" />
	</widget>
	<widget class="DmglButton" name="btnLegendOk">
		<location>0.86328125,0.06901044,CENTER</location>
		<size>0.203125,0.045572918</size>
		<blending>true</blending>
		<mouseMotion>true</mouseMotion>
		<mouseSelection>true</mouseSelection>
		<visual type="BUTTON_ACTIVE" texture="gui/common/ks_common_legendbuttons_01.png" textureCoordinates="0.0,0.7265625,0.8125,0.2734375" />
		<visual type="BUTTON_INACTIVE" texture="gui/common/ks_common_legendbuttons_01.png" textureCoordinates="0.0,0.7265625,0.8125,0.2734375" />
		<visual type="BUTTON_PRESSED" texture="gui/common/ks_common_legendbuttons_01.png" textureCoordinates="0.0,0.7265625,0.8125,0.2734375" />
		<visual type="BUTTON_RELEASED" texture="gui/common/ks_common_legendbuttons_01.png" textureCoordinates="0.0,0.7265625,0.8125,0.2734375" />
	</widget>
	<widget class="DmglImage" name="imgLegendMain">
		<location>0.80078125,0.21354166,CENTER</location>
		<size>0.026367188,0.03515625</size>
		<blending>true</blending>
		<texture>gui/common/ks_common_legendbuttons_01.png</texture>
		<textureLocation>0.89453125,0.7890625</textureLocation>
		<textureSize>0.10546875,0.2109375</textureSize>
	</widget>
	<widget class="DmglImage" name="imgLegendReset">
		<location>0.79785156,0.16666666,CENTER</location>
		<size>0.03125,0.03515625</size>
		<blending>true</blending>
		<texture>gui/common/ks_common_legendbuttons_01.png</texture>
		<textureLocation>0.875,0.15625</textureLocation>
		<textureSize>0.125,0.2109375</textureSize>
	</widget>
	<widget class="DmglImage" name="imgLegendCancel">
		<location>0.80078125,0.1184896,CENTER</location>
		<size>0.026367188,0.03515625</size>
		<blending>true</blending>
		<texture>gui/common/ks_common_legendbuttons_01.png</texture>
		<textureLocation>0.89453125,0.3671875</textureLocation>
		<textureSize>0.10546875,0.2109375</textureSize>
	</widget>

	<widget class="DmglImage" name="imgLegendOk">
		<location>0.80078125,0.06901043,CENTER</location>
		<size>0.026367188,0.03515625</size>
		<blending>true</blending>
		<texture>gui/common/ks_common_legendbuttons_01.png</texture>
		<textureLocation>0.89453125,0.578125</textureLocation>
		<textureSize>0.10546875,0.2109375</textureSize>
	</widget>


	<widget class="DmglLabel" name="lblLegendMain">
		<label>MENU_LEGEND_MAIN</label>
		<location>0.83203125,0.20703171,BOTTOM_LEFT</location>
		<size>0.080078125,0.015625</size>
		<blending>true</blending>
		<font>ARMYC___.TTF</font>
		<fontScale>0.6</fontScale>
		<fontColor>0.3203125,0.2109375,0.72265625,1.0</fontColor>
	</widget>
	<widget class="DmglLabel" name="lblLegendReset">
		<label>MENU_LEGEND_RESET</label>
		<location>0.83203125,0.1588546,BOTTOM_LEFT</location>
		<size>0.0625,0.020833334</size>
		<blending>true</blending>
		<font>ARMYC___.TTF</font>
		<fontScale>0.6</fontScale>
		<fontColor>0.3203125,0.2109375,0.72265625,1.0</fontColor>
	</widget>
	<widget class="DmglLabel" name="lblLegendCancel">
		<label>MENU_LEGEND_CANCEL</label>
		<location>0.83203125,0.11067739,BOTTOM_LEFT</location>
		<size>0.049804688,0.020833334</size>
		<blending>true</blending>
		<font>ARMYC___.TTF</font>
		<fontScale>0.6</fontScale>
		<fontColor>0.3203125,0.2109375,0.72265625,1.0</fontColor>
	</widget>
	<widget class="DmglLabel" name="lblLegendOk">
		<label>MENU_LEGEND_OK</label>
		<location>0.83203125,0.06250028,BOTTOM_LEFT</location>
		<size>0.024414062,0.020833334</size>
		<blending>true</blending>
		<font>ARMYC___.TTF</font>
		<fontScale>0.6</fontScale>
		<fontColor>0.3203125,0.2109375,0.72265625,1.0</fontColor>
	</widget>
	<widget class="DmglImage" name="imgLegendAnimMain">
		<location>0.86328125,0.21354198,CENTER</location>
		<size>0.20117188,0.04296875</size>
		<blending>true</blending>
		<texture>gui/common/ks_common_legendbuttons_01.png</texture>
		<textureLocation>0.0,0.46875</textureLocation>
		<textureSize>0.8046875,0.2578125</textureSize>
	</widget>
	<widget class="DmglImage" name="imgLegendAnimReset">
		<location>0.86328125,0.1666666,CENTER</location>
		<size>0.20117188,0.04296875</size>
		<blending>true</blending>
		<texture>gui/common/ks_common_legendbuttons_01.png</texture>
		<textureLocation>0.0,0.46875</textureLocation>
		<textureSize>0.8046875,0.2578125</textureSize>
	</widget>
	<widget class="DmglImage" name="imgLegendAnimCancel">
		<location>0.86328125,0.117187776,CENTER</location>
		<size>0.20117188,0.04296875</size>
		<blending>true</blending>
		<texture>gui/common/ks_common_legendbuttons_01.png</texture>
		<textureLocation>0.0,0.46875</textureLocation>
		<textureSize>0.8046875,0.2578125</textureSize>
	</widget>
	<widget class="DmglImage" name="imgLegendAnimOk">
		<location>0.86328125,0.06901072,CENTER</location>
		<size>0.20117188,0.04296875</size>
		<blending>true</blending>
		<texture>gui/common/ks_common_legendbuttons_01.png</texture>
		<textureLocation>0.0,0.46875</textureLocation>
		<textureSize>0.8046875,0.2578125</textureSize>
	</widget>
	<widget class="DmglImage" name="imgLegendAnimScrollMain">
		<location>0.86328125,0.21354198,CENTER</location>
		<size>0.20117188,0.04296875</size>
		<blending>true</blending>
		<texture>gui/common/ks_common_legendbuttons_01.png</texture>
		<textureLocation>0.0,0.46875</textureLocation>
		<textureSize>0.8046875,0.2578125</textureSize>
	</widget>
	<widget class="DmglImage" name="imgLegendAnimScrollReset">
		<location>0.86328125,0.1666666,CENTER</location>
		<size>0.20117188,0.04296875</size>
		<blending>true</blending>
		<texture>gui/common/ks_common_legendbuttons_01.png</texture>
		<textureLocation>0.0,0.46875</textureLocation>
		<textureSize>0.8046875,0.2578125</textureSize>
	</widget>
	<widget class="DmglImage" name="imgLegendAnimScrollCancel">
		<location>0.86328125,0.117187776,CENTER</location>
		<size>0.20117188,0.04296875</size>
		<blending>true</blending>
		<texture>gui/common/ks_common_legendbuttons_01.png</texture>
		<textureLocation>0.0,0.46875</textureLocation>
		<textureSize>0.8046875,0.2578125</textureSize>
	</widget>
	<widget class="DmglImage" name="imgLegendAnimScrollOk">
		<location>0.86328125,0.06901072,CENTER</location>
		<size>0.20117188,0.04296875</size>
		<blending>true</blending>
		<texture>gui/common/ks_common_legendbuttons_01.png</texture>
		<textureLocation>0.0,0.46875</textureLocation>
		<textureSize>0.8046875,0.2578125</textureSize>
	</widget>

	<widget class="DmglImage" name="imgLegendInactiveMain">
		<location>0.86328125,0.21354198,CENTER</location>
		<size>0.20117188,0.04296875</size>
		<blending>true</blending>
		<texture>gui/common/ks_common_legendbuttons_01.png</texture>
		<textureLocation>0.0,0.2</textureLocation>
		<textureSize>0.8046875,0.2578125</textureSize>
	</widget>
	<widget class="DmglImage" name="imgLegendInactiveReset">
		<location>0.86328125,0.1666666,CENTER</location>
		<size>0.20117188,0.04296875</size>
		<blending>true</blending>
		<texture>gui/common/ks_common_legendbuttons_01.png</texture>
		<textureLocation>0.0,0.203</textureLocation>
		<textureSize>0.8046875,0.2578125</textureSize>
	</widget>
	<widget class="DmglImage" name="imgLegendInactiveCancel">
		<location>0.86328125,0.117187776,CENTER</location>
		<size>0.20117188,0.04296875</size>
		<blending>true</blending>
		<texture>gui/common/ks_common_legendbuttons_01.png</texture>
		<textureLocation>0.0,0.2</textureLocation>
		<textureSize>0.8046875,0.2578125</textureSize>
	</widget>
	<widget class="DmglImage" name="imgLegendInactiveOk">
		<location>0.86328125,0.06901072,CENTER</location>
		<size>0.20117188,0.04296875</size>
		<blending>true</blending>
		<texture>gui/common/ks_common_legendbuttons_01.png</texture>
		<textureLocation>0.0,0.2</textureLocation>
		<textureSize>0.8046875,0.2578125</textureSize>
	</widget>

</panel>