<panel name="">
     <widget class="DmglImage" name="ammobox">
          <location>0.92578125,0.08333332,BOTTOM_LEFT</location>
          <zlocation>6</zlocation>
          <size>0.060546875,0.037760418</size>
          <blending>true</blending>
          <texture>hud/house/ks_hud_elements.png</texture>
          <textureLocation>0.627451,0.5411765</textureLocation>
          <textureSize>0.24313726,0.11372549</textureSize>
     </widget>
     <widget class="DmglImage" name="scorebox">
          <location>0.43554688,0.9244794,BOTTOM_LEFT</location>
          <zlocation>6</zlocation>
          <size>0.12890625,0.057291668</size>
          <blending>true</blending>
          <texture>hud/house/ks_hud_elements.png</texture>
          <textureLocation>0.0,0.827451</textureLocation>
          <textureSize>0.5176471,0.17254902</textureSize>
     </widget>
     <widget class="DmglImage" name="timerbox">
          <location>0.8466797,0.9231772,BOTTOM_LEFT</location>
          <zlocation>6</zlocation>
          <size>0.140625,0.057291668</size>
          <blending>true</blending>
          <texture>hud/house/ks_hud_elements.png</texture>
          <textureLocation>0.0,0.32549018</textureLocation>
          <textureSize>0.5647059,0.17254902</textureSize>
     </widget>
     <widget class="DmglImage" name="kudosmeterbox">
          <location>0.013671875,0.01822918,BOTTOM_LEFT</location>
          <zlocation>6</zlocation>
          <size>0.15625,0.029947916</size>
          <blending>true</blending>
          <texture>hud/house/ks_hud_elements.png</texture>
          <textureLocation>0.0,0.6470588</textureLocation>
          <textureSize>0.627451,0.09019608</textureSize>
     </widget>
     <widget class="DmglImage" name="weaponbox">
          <location>0.8457031,0.019531248,BOTTOM_LEFT</location>
          <zlocation>6</zlocation>
          <size>0.140625,0.05729167</size>
          <blending>true</blending>
          <texture>hud/house/ks_hud_elements.png</texture>
          <textureLocation>0.0,0.15686272</textureLocation>
          <textureSize>0.5647059,0.17254902</textureSize>
     </widget>
     <widget class="DmglImage" name="itembox0">
          <location>0.41015625,0.018229166,BOTTOM_LEFT</location>
          <zlocation>6</zlocation>
          <size>0.04296875,0.057291668</size>
          <blending>true</blending>
          <texture>hud/house/ks_icon_ALL.png</texture>
          <textureLocation>0.0,0.0</textureLocation>
          <textureSize>1.0,1.0</textureSize>
     </widget>
     <widget class="DmglImage" name="itembox1">
          <location>0.45507812,0.018229166,BOTTOM_LEFT</location>
          <zlocation>6</zlocation>
          <size>0.04296875,0.057291668</size>
          <blending>true</blending>
          <texture>hud/house/ks_icon_ALL.png</texture>
          <textureLocation>0.0,0.0</textureLocation>
          <textureSize>1.0,1.0</textureSize>
     </widget>
     <widget class="DmglImage" name="itembox2">
          <location>0.5,0.018229166,BOTTOM_LEFT</location>
          <zlocation>6</zlocation>
          <size>0.04296875,0.057291668</size>
          <blending>true</blending>
          <texture>hud/house/ks_icon_ALL.png</texture>
          <textureLocation>0.0,0.0</textureLocation>
          <textureSize>1.0,1.0</textureSize>
     </widget>
     <widget class="DmglImage" name="itembox3">
          <location>0.5449219,0.018229166,BOTTOM_LEFT</location>
          <zlocation>6</zlocation>
          <size>0.04296875,0.057291668</size>
          <blending>true</blending>
          <texture>hud/house/ks_icon_ALL.png</texture>
          <textureLocation>0.0,0.0</textureLocation>
          <textureSize>1.0,1.0</textureSize>
     </widget>
     <widget class="DmglImage" name="itemback0">
          <location>0.41015625,0.018229166,BOTTOM_LEFT</location>
          <zlocation>6</zlocation>
          <size>0.04296875,0.057291668</size>
          <blending>true</blending>
          <texture>hud/house/ks_hud_elements.png</texture>
          <textureLocation>0.5176471,0.827451</textureLocation>
          <textureSize>0.17254902,0.17254902</textureSize>
     </widget>
     <widget class="DmglImage" name="itemback1">
          <location>0.45507812,0.018229166,BOTTOM_LEFT</location>
          <zlocation>6</zlocation>
          <size>0.04296875,0.057291668</size>
          <blending>true</blending>
          <texture>hud/house/ks_hud_elements.png</texture>
          <textureLocation>0.5176471,0.827451</textureLocation>
          <textureSize>0.17254902,0.17254902</textureSize>
     </widget>
     <widget class="DmglImage" name="itemback2">
          <location>0.5,0.018229166,BOTTOM_LEFT</location>
          <zlocation>6</zlocation>
          <size>0.04296875,0.057291668</size>
          <blending>true</blending>
          <texture>hud/house/ks_hud_elements.png</texture>
          <textureLocation>0.5176471,0.827451</textureLocation>
          <textureSize>0.17254902,0.17254902</textureSize>
     </widget>
     <widget class="DmglImage" name="itemback3">
          <location>0.5449219,0.018229166,BOTTOM_LEFT</location>
          <zlocation>6</zlocation>
          <size>0.04296875,0.057291668</size>
          <blending>true</blending>
          <texture>hud/house/ks_hud_elements.png</texture>
          <textureLocation>0.5176471,0.827451</textureLocation>
          <textureSize>0.17254902,0.17254902</textureSize>
     </widget>
     <widget class="DmglImage" name="metercontent">
          <location>0.018554688,0.024739645,BOTTOM_LEFT</location>
          <zlocation>6</zlocation>
          <size>0.14648438,0.01953125</size>
          <blending>true</blending>
          <texture>hud/house/ks_hud_elements.png</texture>
          <textureLocation>0.0,0.5019608</textureLocation>
          <textureSize>0.5882353,0.05882353</textureSize>
     </widget>
     <widget class="DmglImage" name="weaponsprites">
          <location>0.85839844,0.0052083423,BOTTOM_LEFT</location>
          <zlocation>6</zlocation>
          <size>0.12402344,0.08203125</size>
          <blending>true</blending>
          <texture>hud/house/ks_wpn_ALL.png</texture>
          <textureLocation>0.0,0.0</textureLocation>
          <textureSize>1.0,1.0</textureSize>
     </widget>
     <widget class="DmglImage" name="image_02">
          <location>0.8457031,0.17187499,BOTTOM_LEFT</location>
          <zlocation>6</zlocation>
          <size>0.15429688,0.020833334</size>
          <blending>true</blending>
          <texture>hud/house/ks_hud_elements.png</texture>
          <textureLocation>0.003921569,0.49803925</textureLocation>
          <textureSize>0.61960787,0.0627451</textureSize>
     </widget>
     <widget class="DmglLabel" name="timerlabel">
          <label>000000</label>
          <location>0.9169922,0.9492189,CENTER</location>
          <zlocation>1</zlocation>
          <size>0.046875,0.020833334</size>
          <blending>true</blending>
          <font>ARMYC___.TTF</font>
          <fontScale>1.5</fontScale>
          <fontColor>1.0,1.0,1.0,1.0</fontColor>
     </widget>
     <widget class="DmglLabel" name="ammolabel">
          <label>00/00</label>
          <location>0.9550781,0.10026041,CENTER</location>
          <zlocation>1</zlocation>
          <size>0.0390625,0.020833334</size>
          <blending>true</blending>
          <font>ARMYC___.TTF</font>
          <fontScale>0.8</fontScale>
          <fontColor>1.0,1.0,1.0,1.0</fontColor>
     </widget>
     <widget class="DmglLabel" name="appreciationlabel">
          <label>Loser!</label>
          <location>0.07714844,0.9505208,CENTER</location>
          <zlocation>1</zlocation>
          <size>0.046875,0.020833334</size>
          <blending>true</blending>
          <font>ARMYC___.TTF</font>
          <fontScale>1.2</fontScale>
          <fontColor>1.0,1.0,1.0,1.0</fontColor>
     </widget>
     <widget class="DmglLabel" name="scorelabel">
          <label>000000</label>
          <location>0.5,0.95052135,CENTER</location>
          <zlocation>1</zlocation>
          <size>0.046875,0.020833334</size>
          <blending>true</blending>
          <font>ARMYC___.TTF</font>
          <fontScale>1.5</fontScale>
          <fontColor>1.0,1.0,1.0,1.0</fontColor>
     </widget>
</panel>
