<!-- Supermarket voice over mapping -->

<voiceOverMapping>

	<character>
		<skinID>kenny</skinID>
		<taunt1>voice05</taunt1>
		<taunt2>voice06</taunt2>
		<taunt3>voice07</taunt3>
		<trap1>voice02</trap1>
		<trap2>voice03</trap2>
		<trap3>voice04</trap3>
		<cfirst>voice01</cfirst>
		<gfirst>voice08</gfirst>
	</character>


	<character>
		<skinID>spenny</skinID>
		<taunt1>voice01</taunt1>
		<taunt2>voice02</taunt2>
		<taunt3>voice03</taunt3>
		<trap1>voice05</trap1>
		<trap2>voice06</trap2>
		<trap3>voice08</trap3>
		<cfirst>voice07</cfirst>
		<gfirst>voice04</gfirst>
	</character>


	<character>
		<skinID>miriam</skinID>
		<taunt1>voice04</taunt1>
		<taunt2>voice06</taunt2>
		<taunt3>voice07</taunt3>
		<trap1>voice03</trap1>
		<trap2>voice05</trap2>
		<trap3>voice08</trap3>
		<cfirst>voice02</cfirst>
		<gfirst>voice01</gfirst>
	</character>



	<character>
		<skinID>kristen</skinID>
		<taunt1>voice04</taunt1>
		<taunt2>voice05</taunt2>
		<taunt3>voice06</taunt3>
		<trap1>voice02</trap1>
		<trap2>voice07</trap2>
		<trap3>voice08</trap3>
		<cfirst>voice01</cfirst>
		<gfirst>voice03</gfirst>
	</character>

</voiceOverMapping>
